#{"t_start": 1777125398.390947, "env_id": "None"}
r,l,t,success,contact_success,grasp_success,grasp_lift_success,place_success,first_grasp_step,grasp_transitions,max_height,min_dist_eef_obj
-23.762544,700,24.812697,False,0.0,0.0,0.0,0.0,0,0,6.622420942736795e-07,0.30893339635343087
-18.122743,700,46.691994,False,0.0,0.0,0.0,0.0,0,0,3.2509704439576126e-07,0.39402569389017056
-11.622509,700,73.667986,False,0.0,0.0,0.0,0.0,0,0,4.207226628194505e-07,0.49493539397430164
-17.404073,700,99.899729,False,0.0,0.0,0.0,0.0,0,0,4.713587514748596e-07,0.16597937735704646
-13.175617,700,138.943994,False,0.0,0.0,0.0,0.0,0,0,2.1245068493325192e-07,0.30487968100084295
-18.333453,700,161.414503,False,0.0,0.0,0.0,0.0,0,0,5.230400894618015e-07,0.32456292416528737
16.495089,700,191.189171,False,0.0,0.0,0.0,0.0,0,0,0.0029713806788751462,0.061799257124478896
27.851611,700,219.527189,False,0.0,0.0,0.0,0.0,0,0,6.301764303717761e-07,0.10234143641425329
-0.843566,700,258.610382,False,0.0,0.0,0.0,0.0,0,0,0.005148322257265803,0.16481023870306452
12.521399,700,283.933903,False,0.0,0.0,0.0,0.0,0,0,0.001468976805518718,0.08041606768007079
8.308932,700,318.797377,False,0.0,0.0,0.0,0.0,0,0,0.0019736814160691285,0.1884980118482236
6.445564,700,350.512601,False,0.0,0.0,0.0,0.0,0,0,6.40694060471958e-07,0.1379421935020686
1.718173,700,375.784901,False,0.0,0.0,0.0,0.0,0,0,0.0049651674527738665,0.08088375464633857
11.813176,700,411.259141,False,0.0,0.0,0.0,0.0,0,0,0.00028466930796822165,0.1201838394070301
5.943043,700,435.859761,False,0.0,0.0,0.0,0.0,0,0,7.813810881662775e-07,0.10885392873269728
27.155853,700,465.757677,False,0.0,0.0,0.0,0.0,0,0,0.0015595106636162592,0.10460197738414719
-10.71332,700,492.504319,False,0.0,0.0,0.0,0.0,0,0,0.003300249183949333,0.0984680006012911
-24.774747,700,515.363431,False,0.0,0.0,0.0,0.0,0,0,7.360931534305948e-07,0.1620533211661391
14.475876,700,546.993245,False,0.0,0.0,0.0,0.0,0,0,0.0014721121174596785,0.10608980107541201
-1.52786,700,576.483998,False,0.0,0.0,0.0,0.0,0,0,5.029826531943726e-07,0.12903806490875724
6.59902,700,613.659849,False,0.0,0.0,0.0,0.0,0,0,0.002204728790697219,0.06001560388296685
44.592019,700,647.032157,False,0.0,0.0,0.0,0.0,0,0,0.002213576658342431,0.04421643989029684
31.793184,700,675.267116,False,0.0,0.0,0.0,0.0,0,0,0.0030338270298548853,0.10543881579672837
54.203922,700,697.17036,False,0.0,0.0,0.0,0.0,0,0,0.003013364646114236,0.03875834541832663
18.655059,700,724.376559,False,0.0,0.0,0.0,0.0,0,0,6.328636457109127e-07,0.059797097379392705
-17.660066,700,749.591863,False,0.0,0.0,0.0,0.0,0,0,1.2479993847236415e-06,0.17855105965275636
21.431925,700,788.724997,False,0.0,0.0,0.0,0.0,0,0,0.002693576690143362,0.039747006754747564
48.466179,700,814.900804,False,0.0,0.0,0.0,0.0,0,0,0.0030147358543066716,0.04060332501768264
92.621947,700,848.146917,False,0.0,0.0,0.0,0.0,0,0,0.00190492764739425,0.03153184159184343
21.829584,700,872.290334,False,0.0,0.0,0.0,0.0,0,0,6.194074126941729e-07,0.0512646766591079
37.148486,700,896.172593,False,0.0,0.0,0.0,0.0,0,0,0.002413174352252745,0.04347278020281206
29.050393,700,942.561028,False,0.0,0.0,0.0,0.0,0,0,0.001586824589768887,0.057776801139302836
67.843714,700,995.260433,False,1.0,1.0,0.0,0.0,257,1,0.00299778513800375,0.037689235578111
61.6973,700,1017.894451,False,1.0,1.0,0.0,0.0,87,2,0.0030787669643822513,0.03450597112122621
43.887102,700,1038.206076,False,0.0,0.0,0.0,0.0,0,0,0.0015494418912460617,0.04092781107001709
68.093284,700,1069.807644,False,0.0,0.0,0.0,0.0,0,0,0.043535891268122295,0.018082793994624854
35.904834,700,1097.625204,False,0.0,0.0,0.0,0.0,0,0,0.011162116318412907,0.03593029152709754
66.876388,700,1120.863921,False,1.0,1.0,0.0,0.0,35,1,0.0029412200336949024,0.03698646927337942
-5.933137,700,1149.01424,False,0.0,0.0,0.0,0.0,0,0,0.0005983207339694818,0.04018748347445341
72.962595,700,1184.426329,False,0.0,0.0,0.0,0.0,0,0,0.002711172432464881,0.052981900808259715
87.225013,700,1216.325073,False,0.0,0.0,0.0,0.0,0,0,0.0032811138282269336,0.04513910868536576
35.854003,700,1247.623076,False,0.0,0.0,0.0,0.0,0,0,0.005233267566192912,0.008575360760342132
82.099454,700,1271.403406,False,0.0,0.0,0.0,0.0,0,0,0.013568284637129113,0.04029783725569553
51.217642,700,1292.605905,False,0.0,0.0,0.0,0.0,0,0,0.0027311996638178515,0.04387827887948223
83.973523,700,1314.601119,False,1.0,1.0,0.0,0.0,465,1,0.012039760279791811,0.02869135418363947
71.695325,700,1341.674096,False,1.0,1.0,0.0,0.0,308,2,0.0028271080411739202,0.03916372927418643
92.881721,700,1365.294048,False,0.0,0.0,0.0,0.0,0,0,0.017705594796783908,0.018177758175641906
100.850775,700,1395.349799,False,1.0,1.0,0.0,0.0,328,4,0.01205283470452645,0.02906328218645114
68.611242,700,1425.566477,False,0.0,0.0,0.0,0.0,0,0,9.635138117358721e-07,0.057503603311410766
23.696549,700,1469.640858,False,0.0,0.0,0.0,0.0,0,0,0.014026211244384301,0.03392432938100275
117.151428,700,1492.628988,False,1.0,1.0,0.0,0.0,240,1,0.0030276306575794942,0.03740287752193831
102.51741,700,1522.464227,False,1.0,1.0,0.0,0.0,313,1,0.017150011764225148,0.03723535773409737
62.415196,700,1547.653634,False,0.0,0.0,0.0,0.0,0,0,0.002792417589903007,0.04703541600114703
121.4489,700,1584.481659,False,0.0,0.0,0.0,0.0,0,0,0.00747943805403406,0.03672900622332931
76.955037,700,1614.786727,False,0.0,0.0,0.0,0.0,0,0,0.0016629683532001227,0.052634646379768786
155.954875,700,1645.639711,False,1.0,1.0,0.0,0.0,173,2,0.02187540492645168,0.004845002191873907
83.700436,700,1671.977833,False,0.0,0.0,0.0,0.0,0,0,0.002832947726274626,0.026763274505103064
151.883848,700,1700.195041,False,0.0,0.0,0.0,0.0,0,0,0.028931574385282044,0.03512288782153889
117.693321,700,1727.062899,False,0.0,0.0,0.0,0.0,0,0,0.05596501631592399,0.029257100338036676
118.218965,700,1753.137001,False,0.0,0.0,0.0,0.0,0,0,0.010002804732950121,0.036118208603905
93.74086,700,1782.964092,False,0.0,0.0,0.0,0.0,0,0,0.0073174567820907255,0.04355155006759919
143.706532,700,1806.549941,False,0.0,0.0,0.0,0.0,0,0,0.010072739888756344,0.018780388254954965
116.383938,700,1831.163859,False,0.0,0.0,0.0,0.0,0,0,0.0030581983941353474,0.03847464383699616
14.813125,700,1862.083477,False,0.0,0.0,0.0,0.0,0,0,0.004874332351391897,0.11803681266127229
168.657742,700,1903.306384,False,1.0,1.0,0.0,0.0,145,2,0.01069419524070725,0.017385596735392663
63.894382,700,1924.22984,False,1.0,1.0,0.0,0.0,43,4,0.03079170824187305,0.01009681492707594
85.79566,700,1988.513667,False,0.0,0.0,0.0,0.0,0,0,0.006681673463584059,0.027049317424550263
177.785875,700,2018.339679,False,0.0,0.0,0.0,0.0,0,0,0.007321568044900362,0.012603336588965494
133.187204,700,2046.301743,False,0.0,0.0,0.0,0.0,0,0,0.015063428749953145,0.02000393075412561
135.186418,700,2071.839629,False,1.0,1.0,0.0,0.0,91,2,0.009281722873884624,0.03597799109337401
138.124273,700,2105.161098,False,0.0,0.0,0.0,0.0,0,0,0.0741146928756723,0.030255896199872255
179.388856,700,2132.669865,False,1.0,1.0,0.0,0.0,31,1,0.009288651072308696,0.021223488780183344
167.465157,700,2159.636507,False,0.0,0.0,0.0,0.0,0,0,0.11551005158843042,0.0057021977543117415
104.596321,700,2184.98609,False,1.0,1.0,0.0,0.0,22,3,0.010306635074618153,0.027348406913844818
131.677213,700,2209.029585,False,1.0,1.0,0.0,0.0,87,1,0.011332231852042685,0.024620550502754298
117.835977,700,2248.816908,False,1.0,1.0,0.0,0.0,251,4,0.06428066501307794,0.022549934450013156
196.678594,700,2283.951799,False,1.0,1.0,0.0,0.0,304,2,0.005463332278142996,0.033022730755640266
188.849221,700,2310.817454,False,1.0,1.0,0.0,0.0,95,3,0.04963711133679949,0.003383259047500279
161.103871,700,2338.60208,False,0.0,0.0,0.0,0.0,0,0,0.011785204146732564,0.03608651003581625
47.688258,700,2372.997136,False,1.0,1.0,0.0,0.0,164,1,0.043490747246858086,0.010609832230118688
184.467817,700,2408.805789,False,1.0,1.0,0.0,0.0,121,1,0.016162942696801297,0.028038498372637576
156.505245,700,2442.460134,False,0.0,0.0,0.0,0.0,0,0,0.008352649053506966,0.034125423465427955
178.680034,700,2466.571456,False,1.0,1.0,0.0,0.0,180,2,0.030744381638460383,0.009851038392953534
198.4406,700,2502.329384,False,0.0,0.0,0.0,0.0,0,0,0.020909056940501602,0.006365070674393095
205.92532,700,2538.513585,False,0.0,0.0,0.0,0.0,0,0,0.020226642263210692,0.005470243680065405
160.577436,700,2565.178165,False,1.0,1.0,0.0,0.0,25,1,0.006914945755022828,0.03667708139144468
155.987776,700,2606.974917,False,1.0,1.0,1.0,0.0,129,5,0.05789483749413005,0.00858953501489395
192.970401,700,2634.730019,False,1.0,1.0,0.0,0.0,39,2,0.02391645965009981,0.020571938131530725
190.574976,700,2659.372359,False,1.0,1.0,0.0,0.0,250,1,0.015751824683603477,0.00959794766505551
136.623218,700,2685.556476,False,0.0,0.0,0.0,0.0,0,0,0.0011930096289873848,0.04636589255913101
214.614115,700,2712.771369,False,0.0,0.0,0.0,0.0,0,0,0.012044038976785076,0.013589986297674897
119.745852,700,2751.266821,False,1.0,1.0,0.0,0.0,228,2,0.043062032989898635,0.025407801918146025
223.327467,700,2773.653115,False,1.0,1.0,0.0,0.0,43,2,0.02821812859134154,0.003988921421998447
250.808044,700,2806.895864,False,1.0,1.0,1.0,0.0,43,1,0.10387589152094223,0.007669943828451271
192.992753,700,2836.232581,False,0.0,0.0,0.0,0.0,0,0,0.03686936926055451,0.007214498113319406
232.396239,700,2868.182545,False,0.0,0.0,0.0,0.0,0,0,0.05056682270110935,0.010900615656562697
169.336338,700,2892.731112,False,1.0,1.0,0.0,0.0,244,1,0.022689885347969563,0.031069053782288365
239.751237,700,2922.850919,False,0.0,0.0,0.0,0.0,0,0,0.01931422526855997,0.008236941049129929
158.366043,700,2963.115227,False,1.0,1.0,0.0,0.0,260,1,0.0940001375774937,0.026822438287952884
191.086246,700,2992.109852,False,1.0,1.0,0.0,0.0,106,4,0.05617278396209524,0.013227016568628187
215.786704,700,3027.738125,False,1.0,1.0,0.0,0.0,39,1,0.025943182483539107,0.014272089311813785
175.367617,700,3060.362531,False,1.0,1.0,0.0,0.0,696,1,0.0052971509833786845,0.029835571757820773
201.185753,700,3093.388847,False,1.0,1.0,0.0,0.0,514,1,0.0033450921269267964,0.03947211975399557
113.648158,700,3123.343412,False,0.0,0.0,0.0,0.0,0,0,0.007536403726035701,0.026539259069707204
246.68495,700,3162.353415,False,1.0,1.0,0.0,0.0,276,1,0.04404078090727426,0.008003982322952663
223.754292,700,3194.64627,False,1.0,1.0,1.0,0.0,104,6,0.1683177845868522,0.023475480405007805
185.277687,700,3217.060817,False,1.0,1.0,0.0,0.0,91,1,0.015845142665001144,0.021628228163113425
155.298431,700,3253.703663,False,0.0,0.0,0.0,0.0,0,0,0.0033891017094593856,0.03931560615469954
231.438376,700,3282.4319,False,1.0,1.0,0.0,0.0,330,3,0.025435647288337693,0.03358714436670551
40.157954,700,3311.023882,False,1.0,1.0,0.0,0.0,46,1,0.09604818011977723,0.017170917870963868
181.588792,700,3351.295659,False,1.0,1.0,1.0,0.0,353,1,0.5163239661714745,0.002983365758320566
93.594541,700,3382.335153,False,0.0,0.0,0.0,0.0,0,0,0.013533045463671733,0.02187924608661891
228.537116,700,3410.628723,False,1.0,1.0,1.0,0.0,43,2,0.05206181071185223,0.015460706889472278
195.96097,700,3441.692413,False,1.0,1.0,0.0,0.0,264,1,0.08447857524249625,0.010914613382582447
280.628849,700,3473.888459,False,1.0,1.0,0.0,0.0,43,1,0.03657133975916982,0.01373162778966451
201.364042,700,3500.52467,False,1.0,1.0,0.0,0.0,261,1,0.012726939936626658,0.02467267168558286
267.423483,700,3526.997071,False,1.0,1.0,0.0,0.0,82,5,0.039004158654919796,0.007757135850798803
262.713302,700,3588.083815,False,0.0,0.0,0.0,0.0,0,0,0.02339207313673397,0.016966221410170273
287.014417,700,3618.804773,False,1.0,1.0,0.0,0.0,28,2,0.02365377341740227,0.008578774591825222
226.321082,700,3649.91692,False,1.0,1.0,0.0,0.0,140,8,0.01669638176017929,0.029208041039845888
263.26444,700,3682.191361,False,1.0,1.0,0.0,0.0,59,5,0.009654274895780968,0.02744411271077361
245.560649,700,3703.862563,False,0.0,0.0,0.0,0.0,0,0,0.018845372399068805,0.005847118031340301
286.13574,700,3730.54692,False,1.0,1.0,1.0,0.0,45,5,0.1409301722030738,0.008194144394540281
253.390966,700,3763.803244,False,1.0,1.0,0.0,0.0,132,2,0.03047363617347898,0.02386762748510245
206.449046,700,3794.383597,False,0.0,0.0,0.0,0.0,0,0,0.049014932159136326,0.035196620627073974
277.546832,700,3828.194248,False,0.0,0.0,0.0,0.0,0,0,0.028915167301344247,0.015086323024152566
225.716354,700,3861.568474,False,0.0,0.0,0.0,0.0,0,0,0.0010282270466257515,0.0300318539532012
234.12659,700,3890.167324,False,0.0,0.0,0.0,0.0,0,0,0.008395492610443589,0.03512089487322786
277.486891,700,3931.69126,False,1.0,1.0,0.0,0.0,310,1,0.024109396841425546,0.013900465381333906
255.854208,700,3956.966769,False,1.0,1.0,0.0,0.0,65,1,0.026725205035729505,0.015979827852601155
312.508374,700,3987.49471,False,1.0,1.0,0.0,0.0,12,2,0.030571355756092933,0.007368848209599147
251.614831,700,4018.61483,False,0.0,0.0,0.0,0.0,0,0,0.03262733250421679,0.018255839319570595
325.492905,700,4042.012235,False,1.0,1.0,1.0,0.0,389,1,0.46164573764748607,0.0046313763094063395
281.717432,700,4077.841419,False,1.0,1.0,1.0,0.0,82,5,0.25049687675879384,0.0059294106552470706
271.486145,700,4114.497877,False,1.0,1.0,0.0,0.0,73,9,0.10795740810431342,0.00804154579827114
313.998679,700,4142.177126,False,1.0,1.0,1.0,0.0,198,4,0.13726435461255004,0.0074931959950323025
240.782262,700,4169.595973,False,0.0,0.0,0.0,0.0,0,0,0.0037435609342627574,0.03391256578052727
335.591302,700,4212.590616,False,1.0,1.0,1.0,0.0,62,1,0.17389330235925726,0.009120004174787654
256.034238,700,4259.53883,False,1.0,1.0,0.0,0.0,18,1,0.0313536525985143,0.005964336342521665
312.159366,700,4290.294511,False,0.0,0.0,0.0,0.0,0,0,0.025235311723114995,0.010365322614981062
206.181229,700,4320.521816,False,0.0,0.0,0.0,0.0,0,0,0.0025895930917592125,0.03391359712560191
270.471468,700,4345.475285,False,1.0,1.0,0.0,0.0,10,2,0.07570681990406958,0.022322863660593585
276.220655,700,4370.092551,False,0.0,0.0,0.0,0.0,0,0,0.05331762780853233,0.010057799823236638
247.858339,700,4404.96246,False,0.0,0.0,0.0,0.0,0,0,0.026734334880703314,0.01502453753218398
87.837642,700,4435.031786,False,0.0,0.0,0.0,0.0,0,0,0.011020214202830836,0.006391678865716041
214.518862,700,4464.251229,False,0.0,0.0,0.0,0.0,0,0,0.035505486592379176,0.029648314296139348
305.218378,700,4489.26321,False,1.0,1.0,0.0,0.0,17,1,0.0803098331795381,0.012015927061380452
154.969968,700,4523.630028,False,0.0,0.0,0.0,0.0,0,0,0.012019863872111403,0.011806281325339087
248.356558,700,4554.934401,False,1.0,1.0,0.0,0.0,250,2,0.016855336137932997,0.012946811330710864
293.779787,700,4593.344738,False,1.0,1.0,0.0,0.0,57,3,0.044170547881319466,0.02454950356418945
252.400267,700,4623.485444,False,0.0,0.0,0.0,0.0,0,0,0.01870257117550722,0.036555490612648414
295.153461,700,4656.241839,False,1.0,1.0,0.0,0.0,40,1,0.022093768256835844,0.012893406253778267
198.730623,700,4684.42501,False,1.0,1.0,1.0,0.0,46,5,0.15214039929137302,0.018884409467636653
340.727078,700,4719.572793,False,1.0,1.0,1.0,0.0,439,1,0.1162097284685295,0.02230879429633442
315.533848,700,4760.73183,False,0.0,0.0,0.0,0.0,0,0,0.011065141695110858,0.01596262273149432
141.705186,700,4789.901945,False,1.0,1.0,1.0,0.0,48,2,0.3423255666245124,0.013692982148758578
90.818848,700,4824.249029,False,1.0,1.0,1.0,0.0,130,1,0.08623834573810651,0.010090014448620472
60.62163,700,4859.87807,False,1.0,1.0,0.0,0.0,101,1,0.009215919159345054,0.01877980062515149
273.971236,700,4898.429022,False,1.0,1.0,0.0,0.0,427,1,0.023690970985878468,0.005675898018903392
334.277179,700,4935.01861,False,1.0,1.0,0.0,0.0,88,5,0.02507266947833431,0.0058356453186438565
144.718276,700,4959.776822,False,1.0,1.0,1.0,0.0,38,4,0.22870976102732987,0.021022438013888166
70.166714,700,4989.174946,False,0.0,0.0,0.0,0.0,0,0,0.011086903466797415,0.02849953020123225
293.37045,700,5015.071825,False,0.0,0.0,0.0,0.0,0,0,0.012754176056052002,0.04286789771609848
254.339489,700,5045.251755,False,0.0,0.0,0.0,0.0,0,0,0.018081736588168362,0.005187191844314113
94.224978,700,5068.98744,False,0.0,0.0,0.0,0.0,0,0,0.0026413274520969976,0.03989479283692587
225.518651,700,5092.77761,False,1.0,1.0,1.0,0.0,57,3,0.13278516859806289,0.011235217445610247
328.047642,700,5118.11174,False,0.0,0.0,0.0,0.0,0,0,0.021103864078888424,0.019373423406068933
357.35731,700,5146.671737,False,0.0,0.0,0.0,0.0,0,0,0.021337076891001172,0.009927723063818646
167.434577,700,5176.736966,False,0.0,0.0,0.0,0.0,0,0,0.026126608747313096,0.005905703209483964
302.871118,700,5206.42149,False,1.0,1.0,1.0,0.0,18,2,0.0630327633978559,0.031663641770737105
141.96929,700,5239.744847,False,1.0,1.0,0.0,0.0,80,3,0.015693093027611238,0.034320245298294
281.330828,700,5281.097613,False,0.0,0.0,0.0,0.0,0,0,0.0017808585164010848,0.033280158966824507
337.814333,700,5306.906458,False,1.0,1.0,0.0,0.0,258,1,0.039859792449847165,0.012958600299457453
271.202553,700,5342.031601,False,1.0,1.0,1.0,0.0,60,5,0.09561688225086873,0.010349120342382388
308.860377,700,5371.928234,False,1.0,1.0,1.0,0.0,28,1,0.2351202573740675,0.020373004709198925
119.216478,700,5400.584257,False,0.0,0.0,0.0,0.0,0,0,0.011827217615484775,0.004218626375331193
251.141561,700,5437.92412,False,1.0,1.0,1.0,0.0,34,1,0.10380786924999408,0.030939759049890988
362.120672,700,5463.565371,False,1.0,1.0,1.0,0.0,136,1,0.057618465567409016,0.02139512841659524
363.476788,700,5493.442033,False,1.0,1.0,0.0,0.0,387,4,0.11149248664166378,0.02202319982965433
406.080172,700,5513.914891,False,1.0,1.0,0.0,0.0,616,2,0.0929915414176612,0.004048112129128997
223.506298,700,5544.257271,False,1.0,1.0,0.0,0.0,79,3,0.009012193934258783,0.027557424834932075
320.949852,700,5578.10641,False,0.0,0.0,0.0,0.0,0,0,0.006977954882849691,0.010731584949024365
381.877337,700,5601.47508,False,1.0,1.0,0.0,0.0,103,2,0.06066888469726728,0.007506075978463492
336.90755,700,5632.006827,False,1.0,1.0,0.0,0.0,95,3,0.027680273005941447,0.009468788010476585
280.389787,700,5663.629231,False,0.0,0.0,0.0,0.0,0,0,0.006505918741073868,0.01966974197893957
359.320716,700,5697.470853,False,1.0,1.0,1.0,0.0,103,1,0.08037412114155262,0.02184098882276158
358.870942,700,5737.582936,False,1.0,1.0,1.0,0.0,82,8,0.10272145899763574,0.002268077638243445
293.560077,700,5773.671761,False,0.0,0.0,0.0,0.0,0,0,0.004289195062981088,0.007219591317635753
426.619046,700,5800.584007,False,1.0,1.0,0.0,0.0,78,4,0.07004085441759522,0.0028880873724636017
201.839066,700,5839.059116,False,1.0,1.0,0.0,0.0,117,5,0.04032095240443334,0.004137397053104675
228.429128,700,5869.253651,False,0.0,0.0,0.0,0.0,0,0,0.009767635171512912,0.020038607212554703
369.991438,700,5892.735544,False,0.0,0.0,0.0,0.0,0,0,0.023432253253866775,0.004599407211975586
355.43914,700,5926.48885,False,0.0,0.0,0.0,0.0,0,0,0.006957716229262334,0.026555514963826396
365.232384,700,5958.181262,False,1.0,1.0,0.0,0.0,137,2,0.025671804992879133,0.00795124396188893
318.310315,700,5994.918697,False,1.0,1.0,0.0,0.0,179,7,0.0060454998090209155,0.009758096575126558
104.868619,700,6026.333879,False,0.0,0.0,0.0,0.0,0,0,0.11871156724861076,0.012607368583568493
205.043231,700,6055.547056,False,0.0,0.0,0.0,0.0,0,0,0.015648013899076663,0.013938213328369843
372.090424,700,6085.969855,False,0.0,0.0,0.0,0.0,0,0,0.0824063484129598,0.009678218984214086
381.453427,700,6112.690076,False,0.0,0.0,0.0,0.0,0,0,0.01860042766711434,0.01004845666982622
141.379713,700,6137.552234,False,1.0,1.0,0.0,0.0,25,1,0.012845724898332467,0.02875199364709954
365.341177,700,6178.93848,False,1.0,1.0,0.0,0.0,85,3,0.021414911817253635,0.015426785431681703
332.961351,700,6212.439201,False,0.0,0.0,0.0,0.0,0,0,0.01688674655303002,0.03356456421625162
393.603835,700,6235.4332,False,1.0,1.0,0.0,0.0,31,1,0.030861067359123084,0.02842235138620931
352.405909,700,6269.056235,False,1.0,1.0,0.0,0.0,177,2,0.026138210139531215,0.005619446960002362
395.525887,700,6302.722388,False,0.0,0.0,0.0,0.0,0,0,0.01567426785406767,0.009504009816954508
263.503398,700,6329.567015,False,1.0,1.0,0.0,0.0,207,1,0.02926567322261775,0.01686937877222591
208.998026,700,6356.967057,False,1.0,1.0,0.0,0.0,45,3,0.004997795098633961,0.03491358584047496
390.617165,700,6385.140176,False,1.0,1.0,0.0,0.0,234,1,0.037333928987069,0.014861150694497676
159.808612,700,6410.556446,False,0.0,0.0,0.0,0.0,0,0,0.013663147785191065,0.010413719609611018
274.127888,700,6443.332649,False,0.0,0.0,0.0,0.0,0,0,0.0183026561973475,0.018375915261714486
380.004658,700,6486.850865,False,1.0,1.0,1.0,0.0,178,2,0.11485546344089015,0.012281970929247734
430.532602,700,6519.309337,False,1.0,1.0,0.0,0.0,43,1,0.02084993686836356,0.009819107741748889
384.42386,700,6563.194215,False,1.0,1.0,0.0,0.0,244,2,0.03367273653683256,0.0011718570130650103
345.778897,700,6597.883488,False,1.0,1.0,0.0,0.0,26,2,0.0386544307732688,0.004353848248056622
144.171877,700,6623.539666,False,0.0,0.0,0.0,0.0,0,0,0.015509212215419121,0.03379659053608396
452.479512,700,6654.807436,False,1.0,1.0,0.0,0.0,115,5,0.020426114481306046,0.01430777922550219
465.267735,700,6680.367877,False,1.0,1.0,1.0,0.0,563,3,0.15516092225906974,0.002856726111324968
422.568895,700,6703.810844,False,0.0,0.0,0.0,0.0,0,0,0.004250670198087669,0.009902889947387422
468.017091,700,6737.424149,False,1.0,1.0,1.0,0.0,476,3,0.07028688685493745,0.002432089938557353
60.427246,700,6764.336293,False,0.0,0.0,0.0,0.0,0,0,0.006321924358599795,0.043332350907989196
333.374616,700,6800.360854,False,1.0,1.0,1.0,0.0,384,3,0.1747550074351547,0.007298030848659533
362.120379,700,6833.090921,False,1.0,1.0,0.0,0.0,155,4,0.04021130764644465,0.009942174665255914
470.838438,700,6858.259454,False,1.0,1.0,1.0,0.0,292,5,0.13853623997381992,0.005944703980754539
359.875124,700,6896.544173,False,0.0,0.0,0.0,0.0,0,0,0.01498478547270865,0.011935917884840228
353.173612,700,6945.73676,False,0.0,0.0,0.0,0.0,0,0,0.07976174581083628,0.008435326607062532
296.974374,700,6981.281882,False,1.0,1.0,1.0,0.0,28,1,0.23412332481900822,0.017829141582753973
234.712416,700,7008.308069,False,1.0,1.0,0.0,0.0,94,5,0.013783797068509851,0.017677671844904222
301.221983,700,7042.388287,False,0.0,0.0,0.0,0.0,0,0,0.009239878937022383,0.019666098004111506
296.942178,700,7075.237199,False,1.0,1.0,1.0,0.0,19,1,0.11112899786274189,0.01990435158621068
399.395278,700,7101.72467,False,1.0,1.0,0.0,0.0,29,4,0.021191763724635715,0.009778653163788457
397.023769,700,7136.575226,False,1.0,1.0,0.0,0.0,150,7,0.04597457526917581,0.0034147433353837724
387.609096,700,7171.897963,False,1.0,1.0,1.0,0.0,106,2,0.10243256032413317,0.003845126973556358
117.055679,700,7198.632511,False,1.0,1.0,0.0,0.0,24,1,0.021555785298805863,0.004403889982312011
248.848963,700,7223.652747,False,0.0,0.0,0.0,0.0,0,0,0.01897169788561226,0.014870751841888886
427.170346,700,7250.606971,False,1.0,1.0,0.0,0.0,278,1,0.017529553598713665,0.008291969944879475
101.182999,700,7277.184358,False,0.0,0.0,0.0,0.0,0,0,0.01567999120297614,0.03487810488789323
408.856839,700,7307.852268,False,1.0,1.0,1.0,0.0,30,5,0.13383243985887838,0.00456334394020886
356.764734,700,7339.14975,False,0.0,0.0,0.0,0.0,0,0,0.008399340618878592,0.006490264421292547
317.916181,700,7371.811827,False,1.0,1.0,1.0,0.0,31,1,0.12009021572455669,0.032008262156985566
433.024105,700,7397.116171,False,0.0,0.0,0.0,0.0,0,0,0.02932058551358685,0.007026136705715319
386.401745,700,7425.040339,False,0.0,0.0,0.0,0.0,0,0,0.018136096272099222,0.005938160321106217
462.700341,700,7458.22071,False,1.0,1.0,1.0,0.0,557,8,0.08914391478437333,0.009257153951078817
331.664124,700,7498.768997,False,1.0,1.0,1.0,0.0,70,25,0.08512249306992292,0.020609760157565812
134.291987,700,7530.207875,False,1.0,1.0,1.0,0.0,25,1,0.15821914517855895,0.02220444489102671
312.614177,700,7551.876634,False,1.0,1.0,1.0,0.0,17,2,0.18501227772412798,0.01804092485296749
244.961335,700,7587.776041,False,0.0,0.0,0.0,0.0,0,0,0.013185687864077367,0.011848584032353518
436.57948,700,7621.646107,False,1.0,1.0,0.0,0.0,464,1,0.060071271455971464,0.004459266180942762
203.044643,700,7659.787138,False,1.0,1.0,1.0,0.0,51,2,0.12584263149314512,0.022810718388082858
374.251203,700,7683.516638,False,0.0,0.0,0.0,0.0,0,0,0.0802715546520959,0.021619261456622536
430.069506,700,7713.893736,False,0.0,0.0,0.0,0.0,0,0,0.005811425759671529,0.012802876167707398
357.837194,700,7737.68637,False,1.0,1.0,1.0,0.0,72,1,0.14134827166084918,0.005970126203716469
276.911586,700,7765.974279,False,0.0,0.0,0.0,0.0,0,0,0.00931807835634857,0.00834638127417882
432.797593,700,7798.225085,False,0.0,0.0,0.0,0.0,0,0,0.01381801103877689,0.019238599164137164
365.68128,700,7836.670433,False,1.0,1.0,0.0,0.0,224,2,0.009126465381047222,0.007004009842446485
209.434699,700,7870.573293,False,1.0,1.0,1.0,0.0,137,3,0.09641239385585698,0.02325252990550045
356.905028,700,7898.3251,False,1.0,1.0,1.0,0.0,122,2,0.14880072698701163,0.008643869249448663
129.835533,700,7924.5611,False,1.0,1.0,1.0,0.0,37,3,0.10648826885862384,0.005438903358379106
425.813817,700,7956.667015,False,0.0,0.0,0.0,0.0,0,0,0.044951779645873824,0.008365405925862173
417.742288,700,7981.506804,False,0.0,0.0,0.0,0.0,0,0,0.008322970543956032,0.005124786944029628
452.598073,700,8011.161485,False,1.0,1.0,0.0,0.0,32,1,0.01883514875096115,0.006312783305191739
440.965959,700,8047.047869,False,0.0,0.0,0.0,0.0,0,0,0.010914556980258783,0.012273035757854866
385.871654,700,8089.663595,False,1.0,1.0,0.0,0.0,481,1,0.001797684189554949,0.014563928668566277
404.353822,700,8114.876054,False,1.0,1.0,1.0,0.0,102,3,0.09331486411428402,0.008607614420673693
424.327913,700,8140.837064,False,1.0,1.0,0.0,0.0,627,1,0.007838434634961922,0.01771485678977941
327.03468,700,8174.446313,False,0.0,0.0,0.0,0.0,0,0,0.00659343273603008,0.01340955514275506
187.794674,700,8202.584225,False,1.0,1.0,1.0,0.0,28,1,0.18946995542794032,0.011128886034837795
377.052547,700,8237.450263,False,1.0,1.0,1.0,0.0,40,2,0.18385625257949512,0.005205918543704093
403.630906,700,8272.33663,False,0.0,0.0,0.0,0.0,0,0,0.01759246274593984,0.007472030106653422
409.04016,700,8300.254393,False,0.0,0.0,0.0,0.0,0,0,0.009096492359134567,0.01392462367971248
393.668764,700,8335.496404,False,1.0,1.0,0.0,0.0,33,4,0.036601076998754256,0.008313297501457628
324.960473,700,8363.271051,False,1.0,1.0,0.0,0.0,137,2,0.021016319640628667,0.005427442935375247
360.306379,700,8396.891636,False,1.0,1.0,1.0,0.0,100,1,0.11675089069083044,0.022118943432037987
318.306955,700,8423.438172,False,0.0,0.0,0.0,0.0,0,0,0.008241340634917327,0.018369590960609725
401.651989,700,8468.277404,False,0.0,0.0,0.0,0.0,0,0,0.005899499720883883,0.016254394453240954
113.088053,700,8492.934989,False,0.0,0.0,0.0,0.0,0,0,0.026040048548518158,0.01663483968354604
182.700719,700,8531.367321,False,0.0,0.0,0.0,0.0,0,0,0.0027976372901000746,0.028932977549978107
471.103791,700,8574.955703,False,1.0,1.0,1.0,0.0,144,5,0.13896829832691937,0.009377341571693846
393.576232,700,8601.825968,False,0.0,0.0,0.0,0.0,0,0,0.06653586954561397,0.015606103900848
299.32455,700,8631.504887,False,0.0,0.0,0.0,0.0,0,0,0.010924298264399557,0.020254651263617578
482.127887,700,8655.753288,False,1.0,1.0,1.0,0.0,61,6,0.21947859733182384,0.0015592125722947614
426.489728,700,8684.069277,False,1.0,1.0,0.0,0.0,150,1,0.020318896850474166,0.007360111264813741
347.657359,700,8710.52361,False,1.0,1.0,1.0,0.0,161,6,0.17906863079226631,0.004202715967078321
399.736984,700,8736.772497,False,1.0,1.0,1.0,0.0,134,1,0.13282463810012424,0.015909610707138356
201.848458,700,8768.116476,False,0.0,0.0,0.0,0.0,0,0,0.01624797041194992,0.02780847417946222
402.677559,700,8796.543539,False,0.0,0.0,0.0,0.0,0,0,0.004446656457124498,0.01672678204202283
281.714738,700,8819.589702,False,0.0,0.0,0.0,0.0,0,0,0.017534765934585694,0.02399494800664668
448.551942,700,8847.855008,False,1.0,1.0,1.0,0.0,213,6,0.10616917082567323,0.003570273282109804
196.125703,700,8887.099845,False,1.0,1.0,1.0,0.0,74,5,0.11404367809452975,0.012602071802071724
399.152295,700,8919.043446,False,1.0,1.0,1.0,0.0,77,10,0.0783059601334386,0.013930305339388353
348.332676,700,8943.221364,False,0.0,0.0,0.0,0.0,0,0,0.02775045085389971,0.0438859737152343
98.839866,700,8969.293064,False,0.0,0.0,0.0,0.0,0,0,0.030563465347188568,0.025894762923017515
449.96708,700,8994.862083,False,0.0,0.0,0.0,0.0,0,0,0.011879007844046496,0.0075739164383704215
345.416913,700,9024.266194,False,1.0,1.0,1.0,0.0,90,7,0.05486939013345438,0.005003141163187061
446.566072,700,9064.459201,False,0.0,0.0,0.0,0.0,0,0,0.009299063281338338,0.009095639521524966
456.560456,700,9090.936461,False,1.0,1.0,0.0,0.0,514,1,0.015469362346008708,0.004849466958535268
421.570621,700,9125.852766,False,1.0,1.0,1.0,0.0,130,5,0.2340984988105197,0.004740238156260798
455.547344,700,9146.910737,False,0.0,0.0,0.0,0.0,0,0,0.014494058676190802,0.012177208159862262
391.181063,700,9170.948754,False,0.0,0.0,0.0,0.0,0,0,0.05222428510180699,0.008331742803128858
396.891495,700,9196.373243,False,1.0,1.0,0.0,0.0,40,3,0.048524004637808815,0.00749191880087061
422.389631,700,9219.477907,False,0.0,0.0,0.0,0.0,0,0,0.010830360896542435,0.01043275496822001
334.517236,700,9255.580656,False,0.0,0.0,0.0,0.0,0,0,0.005317345457684364,0.020924542476987152
367.033194,700,9290.193651,False,0.0,0.0,0.0,0.0,0,0,0.013773637882953715,0.01697602272604566
287.584947,700,9320.694279,False,1.0,1.0,1.0,0.0,44,1,0.08688046819099293,0.004268420153503236
458.296357,700,9359.003978,False,1.0,1.0,0.0,0.0,14,3,0.016650880830504478,0.004697901382384798
367.214333,700,9383.041307,False,0.0,0.0,0.0,0.0,0,0,0.0013623724678362148,0.04086132217712297
439.363773,700,9413.886239,False,0.0,0.0,0.0,0.0,0,0,0.020805560531041323,0.008114134044242282
301.030153,700,9451.518924,False,0.0,0.0,0.0,0.0,0,0,0.008623988070846744,0.02693784208653264
441.435871,700,9479.965295,False,0.0,0.0,0.0,0.0,0,0,0.020265951786680225,0.0016191774841015077
373.690822,700,9512.981065,False,0.0,0.0,0.0,0.0,0,0,0.045103366806129475,0.008035679939893958
447.808165,700,9534.250103,False,1.0,1.0,0.0,0.0,53,1,0.025558788672009003,0.0029918750519882017
431.429638,700,9571.980495,False,1.0,1.0,0.0,0.0,151,4,0.046759102041395995,0.007393108553894564
447.762304,700,9598.438235,False,1.0,1.0,1.0,0.0,139,5,0.07361673782701306,0.00967081469298515
471.321949,700,9629.092099,False,1.0,1.0,1.0,0.0,204,3,0.36248827234899694,0.0027862634620189047
466.521728,700,9655.583248,False,0.0,0.0,0.0,0.0,0,0,0.013724353061911554,0.010247201263509613
401.508583,700,9690.704468,False,1.0,1.0,0.0,0.0,131,2,0.010044776872236816,0.004020569959763904
380.424852,700,9715.24165,False,1.0,1.0,1.0,0.0,22,4,0.10631000424363268,0.009339405849191858
244.674464,700,9741.253715,False,1.0,1.0,1.0,0.0,49,6,0.35284772382159957,0.006703519863773118
400.061826,700,9771.908065,False,0.0,0.0,0.0,0.0,0,0,0.05652703068150222,0.02388927122755989
430.52272,700,9805.679074,False,0.0,0.0,0.0,0.0,0,0,0.019706720747182382,0.0026923302270774256
202.301194,700,9837.617958,False,1.0,1.0,0.0,0.0,143,2,0.005627652877906009,0.013894003876783677
317.774542,700,9878.689423,False,1.0,1.0,0.0,0.0,154,1,0.014528391910094807,0.017645052137408666
419.861441,700,9903.95153,False,0.0,0.0,0.0,0.0,0,0,0.07456944835872714,0.0236723406656211
179.685003,700,9926.022637,False,0.0,0.0,0.0,0.0,0,0,0.08794392319511357,0.003922036942226674
369.719629,700,9960.235588,False,1.0,1.0,1.0,0.0,152,4,0.12873206189691144,0.006129951845996815
423.875885,700,9986.710256,False,1.0,1.0,0.0,0.0,44,2,0.015575685711620046,0.0027212041341200615
429.477295,700,10011.538305,False,0.0,0.0,0.0,0.0,0,0,0.0028373349689798655,0.022151789727825482
454.519715,700,10037.482056,False,1.0,1.0,1.0,0.0,449,1,0.11684527565597647,0.011778938360594056
151.322844,700,10065.125225,False,1.0,1.0,0.0,0.0,156,3,0.0106973103074125,0.026636486416486273
423.228189,700,10091.196397,False,1.0,1.0,0.0,0.0,290,1,0.01670312714081057,0.017148926128999747
431.088398,700,10133.552602,False,0.0,0.0,0.0,0.0,0,0,0.028998388454489654,0.011467960845788001
459.202661,700,10156.109768,False,1.0,1.0,0.0,0.0,380,4,0.047890749819958,0.0070241603827127476
166.715677,700,10205.922516,False,0.0,0.0,0.0,0.0,0,0,0.018419460010700273,0.002875916387042686
266.863232,700,10230.600992,False,1.0,1.0,0.0,0.0,41,3,0.00773283969423566,0.012480980222076634
380.051145,700,10258.726065,False,1.0,1.0,0.0,0.0,539,1,0.009771199109736228,0.024838272260760377
460.272494,700,10283.804715,False,0.0,0.0,0.0,0.0,0,0,0.019249912948285375,0.0018945066819120423
349.340112,700,10315.224851,False,0.0,0.0,0.0,0.0,0,0,0.023876300647360904,0.009582585406866573
383.706888,700,10350.626666,False,0.0,0.0,0.0,0.0,0,0,0.018443946248030807,0.008127521093204158
391.261546,700,10380.490143,False,1.0,1.0,1.0,0.0,210,6,0.10402800834363757,0.004345758208108789
446.821953,700,10409.092935,False,0.0,0.0,0.0,0.0,0,0,0.025833260979398198,0.014925960714615546
407.784793,700,10442.077795,False,0.0,0.0,0.0,0.0,0,0,0.029268289123439706,0.03592894514426493
379.594325,700,10463.174623,False,1.0,1.0,1.0,0.0,27,1,0.09683430265783721,0.002583215230971857
365.720017,700,10488.964195,False,1.0,1.0,0.0,0.0,245,1,0.011513242420847614,0.00941145149110489
422.078192,700,10513.478164,False,0.0,0.0,0.0,0.0,0,0,0.05259135784012747,0.0053906145305795605
107.354838,700,10540.897792,False,0.0,0.0,0.0,0.0,0,0,0.007941471568840175,0.010426666392137336
135.201064,700,10563.721216,False,1.0,1.0,1.0,0.0,42,1,0.22180238333576108,0.015801968305065976
400.917177,700,10595.37955,False,0.0,0.0,0.0,0.0,0,0,0.007569619585841902,0.010215189290654186
376.918315,700,10632.892443,False,1.0,1.0,0.0,0.0,71,2,0.0038406402642473525,0.01963454280907019
454.805082,700,10657.190252,False,0.0,0.0,0.0,0.0,0,0,0.015332634731726191,0.013260184348506435
368.428656,700,10686.21434,False,0.0,0.0,0.0,0.0,0,0,0.05155882671903822,0.022345882956842957
444.666713,700,10710.133131,False,1.0,1.0,1.0,0.0,128,3,0.08058438466614137,0.008101526662237585
368.989355,700,10735.151978,False,0.0,0.0,0.0,0.0,0,0,0.013174816800857414,0.016234087068431373
399.128653,700,10760.820433,False,0.0,0.0,0.0,0.0,0,0,0.02026390807370171,0.004207657588362297
233.705376,700,10785.003899,False,0.0,0.0,0.0,0.0,0,0,0.023371173413580415,0.011667210744892393
443.166054,700,10802.049915,False,0.0,0.0,0.0,0.0,0,0,0.020187731254001084,0.01977065458937617
392.865397,700,10837.001515,False,1.0,1.0,0.0,0.0,147,2,0.02665489697632306,0.02111189780840943
427.953276,700,10854.530358,False,1.0,1.0,0.0,0.0,19,1,0.002581376499202759,0.028841984377534335
425.098973,700,10880.294339,False,0.0,0.0,0.0,0.0,0,0,0.006407470135473825,0.011195956693330776
440.64673,700,10908.164799,False,0.0,0.0,0.0,0.0,0,0,0.014352236344795877,0.013300705339603036
418.311643,700,10934.076157,False,1.0,1.0,0.0,0.0,595,3,0.057076969556461465,0.019220748353444013
406.70559,700,10954.814253,False,1.0,1.0,1.0,0.0,206,4,0.08697048762565518,0.0022153857049993252
348.077746,700,10975.577453,False,0.0,0.0,0.0,0.0,0,0,0.018471136789272924,0.019691753007169837
416.974736,700,11007.065173,False,1.0,1.0,0.0,0.0,86,17,0.025081311102777226,0.025915760737632475
125.064023,700,11022.321524,False,0.0,0.0,0.0,0.0,0,0,0.007783101799930692,0.007459486039444076
425.226894,700,11049.483607,False,1.0,1.0,0.0,0.0,208,6,0.016885892463688323,0.03310505663190733
434.557647,700,11083.6232,False,0.0,0.0,0.0,0.0,0,0,0.03236194095087663,0.03539001757418497
463.204683,700,11113.322048,False,1.0,1.0,0.0,0.0,533,1,0.05461528562492668,0.008571702818641136
471.021669,700,11135.862041,False,1.0,1.0,0.0,0.0,417,5,0.03726176656212343,0.004530051630519025
200.870825,700,11152.954176,False,0.0,0.0,0.0,0.0,0,0,0.07021120172592843,0.01013919464116225
413.82113,700,11179.903105,False,1.0,1.0,1.0,0.0,77,3,0.1374399843232439,0.0042719600317055375
269.203279,700,11201.516323,False,1.0,1.0,1.0,0.0,13,1,0.05153040718998858,0.009079785425016848
399.293886,700,11223.331256,False,0.0,0.0,0.0,0.0,0,0,0.004410835161405724,0.023253362505384775
417.517411,700,11243.330092,False,1.0,1.0,0.0,0.0,98,1,0.04317153542972785,0.004248983981568061
432.658683,700,11273.418903,False,1.0,1.0,1.0,0.0,86,4,0.1341162223619654,0.00383371095100321
260.781511,700,11292.424808,False,1.0,1.0,1.0,0.0,32,3,0.08635989341857231,0.0019013477583766545
158.733471,700,11309.612881,False,0.0,0.0,0.0,0.0,0,0,0.01000881686172439,0.0035449855171236985
323.005595,700,11330.417962,False,0.0,0.0,0.0,0.0,0,0,0.008058126031462276,0.002963605466107207
444.982847,700,11348.450812,False,0.0,0.0,0.0,0.0,0,0,0.007817782470308288,0.008280606489358956
332.13728,700,11383.279524,False,0.0,0.0,0.0,0.0,0,0,0.014694881728302578,0.029350515253335253
440.286672,700,11403.935051,False,1.0,1.0,0.0,0.0,357,2,0.029480207930455804,0.01766538888728314
398.293942,700,11437.498215,False,0.0,0.0,0.0,0.0,0,0,0.030988874005384526,0.02774931671469158
286.628393,700,11458.027508,False,1.0,1.0,0.0,0.0,73,1,0.05959943394523426,0.027894742703926254
381.968655,700,11477.217531,False,0.0,0.0,0.0,0.0,0,0,0.013167963496192092,0.02187320603203587
427.793834,700,11502.750655,False,1.0,1.0,0.0,0.0,23,4,0.03397512666295588,0.014503725636289015
422.97072,700,11524.465123,False,0.0,0.0,0.0,0.0,0,0,0.01681388392260441,0.014991342821326976
359.055461,700,11544.344426,False,0.0,0.0,0.0,0.0,0,0,0.007713242232231465,0.019486395472083737
477.296089,700,11564.014841,False,1.0,1.0,1.0,0.0,291,3,0.1043348129987598,0.007742602773778387
427.045451,700,11586.708763,False,0.0,0.0,0.0,0.0,0,0,0.014258707481592525,0.003986093835234013
404.758515,700,11611.061429,False,1.0,1.0,1.0,0.0,24,2,0.15534141822551828,0.005752415542611965
442.788081,700,11640.530468,False,1.0,1.0,1.0,0.0,27,3,0.06696542956383555,0.003872557279883896
464.333621,700,11660.011135,False,0.0,0.0,0.0,0.0,0,0,0.01806363182675985,0.011302848904136168
350.102835,700,11678.777679,False,1.0,1.0,1.0,0.0,57,2,0.4133775316445709,0.004466666636800223
157.21408,700,11700.61352,False,0.0,0.0,0.0,0.0,0,0,0.02238313444888762,0.013750767900947113
450.826148,700,11716.566203,False,0.0,0.0,0.0,0.0,0,0,0.019878744073035914,0.010054338535965868
413.480073,700,11743.020877,False,0.0,0.0,0.0,0.0,0,0,0.00763503112776176,0.02017270854196922
469.2719,700,11763.226397,False,1.0,1.0,0.0,0.0,520,3,0.03867539406107412,0.001412227200577249
270.99481,700,11785.059171,False,0.0,0.0,0.0,0.0,0,0,0.011720698205112123,0.05377803270680586
426.009719,700,11802.151027,False,1.0,1.0,1.0,0.0,142,4,0.12963165490453654,0.024800063301223207
246.466285,700,11819.388653,False,1.0,1.0,1.0,0.0,54,3,0.3864739340760427,0.003843422042142998
432.086399,700,11836.681197,False,0.0,0.0,0.0,0.0,0,0,0.024279490200135978,0.006120820512736488
347.831724,700,11860.156654,False,1.0,1.0,0.0,0.0,264,3,0.01245187137038839,0.03591416220829696
451.127857,700,11894.24638,False,0.0,0.0,0.0,0.0,0,0,0.005877033016565836,0.00760295787975994
253.262704,700,11918.198328,False,1.0,1.0,1.0,0.0,75,6,0.17282013507262584,0.0017519474374134416
397.065121,700,11936.956517,False,1.0,1.0,0.0,0.0,266,3,0.04871536030920809,0.028671805576325187
228.351213,700,11960.628924,False,0.0,0.0,0.0,0.0,0,0,0.017340798856607664,0.019413095155613184
481.05937,700,11995.96448,False,1.0,1.0,1.0,0.0,35,2,0.10291142694990618,0.005295554624823561
296.307321,700,12017.577074,False,0.0,0.0,0.0,0.0,0,0,0.004826532707710829,0.013253900997785829
463.19147,700,12041.442906,False,0.0,0.0,0.0,0.0,0,0,0.04373417496368015,0.004637402783804624
424.34064,700,12070.106068,False,0.0,0.0,0.0,0.0,0,0,0.024710818530617962,0.02240467079806573
598.143267,700,12087.463814,False,1.0,1.0,1.0,0.0,47,7,0.22350705704443286,0.006384832053699771
366.898112,700,12114.32651,False,0.0,0.0,0.0,0.0,0,0,0.0476191044664267,0.011553867693487364
407.887588,700,12145.889804,False,1.0,1.0,0.0,0.0,233,1,0.02590507022023647,0.0024540178393998697
373.505048,700,12168.657073,False,0.0,0.0,0.0,0.0,0,0,0.017748685541810194,0.009150181924864652
480.252608,700,12192.563577,False,1.0,1.0,1.0,0.0,176,2,0.12741718682619074,0.0071309200285473865
433.4507,700,12214.002389,False,1.0,1.0,0.0,0.0,396,2,0.0085822142432469,0.012650973662076776
403.385782,700,12239.809989,False,0.0,0.0,0.0,0.0,0,0,0.0009629547357888901,0.04786234339920124
446.205262,700,12274.729283,False,1.0,1.0,0.0,0.0,134,3,0.10445698305187734,0.009136162180601358
401.970867,700,12296.357642,False,1.0,1.0,1.0,0.0,308,1,0.11875551941226214,0.008309299426917553
415.159115,700,12324.217729,False,1.0,1.0,1.0,0.0,24,1,0.08646270174866155,0.015486696382745493
200.63607,700,12347.058977,False,0.0,0.0,0.0,0.0,0,0,0.017400263513140612,0.026716587302803844
348.231087,700,12365.612085,False,0.0,0.0,0.0,0.0,0,0,0.028161622799182662,0.006001274219939339
408.213906,700,12392.939237,False,0.0,0.0,0.0,0.0,0,0,0.022757512031135962,0.0036834920175139664
346.144722,700,12424.323767,False,0.0,0.0,0.0,0.0,0,0,0.027993405318235465,0.006223748829160948
408.640356,700,12443.623763,False,0.0,0.0,0.0,0.0,0,0,0.0900922984837822,0.009390948531048085
482.133534,700,12473.414126,False,1.0,1.0,1.0,0.0,544,1,0.10413936351415831,0.005398491460470119
453.327046,700,12499.663954,False,0.0,0.0,0.0,0.0,0,0,0.03012456226055238,0.008050641092102951
400.211173,700,12521.625913,False,1.0,1.0,0.0,0.0,396,1,0.019100819547491543,0.010438608977511553
348.929148,700,12549.433163,False,1.0,1.0,1.0,0.0,59,1,0.12689163401267245,0.014607337292498253
444.285634,700,12574.841076,False,1.0,1.0,0.0,0.0,152,1,0.05798601907193579,0.015184361958027708
421.126149,700,12604.257376,False,1.0,1.0,0.0,0.0,145,9,0.06688720785831859,0.0093039749630826
383.218043,700,12628.852875,False,1.0,1.0,0.0,0.0,105,3,0.013801498703611581,0.015493868842486512
440.968114,700,12654.487485,False,1.0,1.0,0.0,0.0,125,1,0.01636412081792249,0.017174275028852437
356.764473,700,12676.237102,False,0.0,0.0,0.0,0.0,0,0,0.03726795934416238,0.02253941227061836
487.849753,700,12696.356988,False,1.0,1.0,0.0,0.0,150,1,0.024506050782751698,0.0016966605006022894
335.852846,700,12722.134619,False,0.0,0.0,0.0,0.0,0,0,0.0259370765345025,0.004405051330985375
411.519965,700,12740.796482,False,0.0,0.0,0.0,0.0,0,0,0.03706189232891832,0.006253332198419807
430.893145,700,12765.074464,False,0.0,0.0,0.0,0.0,0,0,0.0070151462587000335,0.020373479532612437
435.630605,700,12788.968896,False,0.0,0.0,0.0,0.0,0,0,0.035372469563214604,0.001954035521625441
459.94849,700,12808.456116,False,0.0,0.0,0.0,0.0,0,0,0.03020566531925606,0.005129594533808409
559.169868,700,12837.090579,False,1.0,1.0,1.0,0.0,47,5,0.15381024463946924,0.010691103525795628
581.249177,700,12863.786199,False,1.0,1.0,1.0,0.0,79,12,0.11931793690477166,0.003334840348535243
449.7015,700,12887.066079,False,1.0,1.0,0.0,0.0,250,1,0.013501635509607035,0.009976278747158573
362.184391,700,12913.762162,False,1.0,1.0,1.0,0.0,195,8,0.2839298843829796,0.014525842775945938
553.122852,700,12932.360887,False,1.0,1.0,1.0,0.0,512,4,0.09555384764430119,0.0017691452000289565
411.762362,700,12951.317381,False,1.0,1.0,1.0,0.0,313,7,0.13337574784433737,0.0040736816278781444
362.431504,700,12974.939234,False,1.0,1.0,1.0,0.0,55,3,0.11754644482384058,0.00246220503451786
442.616398,700,12992.817316,False,0.0,0.0,0.0,0.0,0,0,0.003998821712722256,0.020163549924504916
470.108941,700,13014.786023,False,1.0,1.0,1.0,0.0,430,1,0.08675556350757097,0.0021966021970211205
450.451472,700,13036.437617,False,1.0,1.0,0.0,0.0,336,1,0.010673555572171534,0.0057828676693812515
437.416325,700,13057.394756,False,0.0,0.0,0.0,0.0,0,0,0.010290481542309049,0.004270143086095392
493.189244,700,13078.749403,False,1.0,1.0,1.0,0.0,427,5,0.06443581181905178,0.01155331747947494
375.024683,700,13107.134579,False,1.0,1.0,0.0,0.0,39,1,0.03138445512458332,0.0013459923972172483
434.319661,700,13131.64295,False,0.0,0.0,0.0,0.0,0,0,0.0423829220533416,0.01926494385066464
416.110375,700,13169.750328,False,1.0,1.0,1.0,0.0,75,3,0.10244292891955864,0.009216553650344546
360.398344,700,13193.95914,False,0.0,0.0,0.0,0.0,0,0,0.04076427660918169,0.006491425617610556
411.008182,700,13232.582213,False,1.0,1.0,0.0,0.0,492,1,0.03924094642605114,0.020012855906368077
489.695684,700,13260.135177,False,1.0,1.0,1.0,0.0,248,5,0.10411521389657319,0.0039152804347011546
495.043124,700,13290.824166,False,1.0,1.0,1.0,0.0,48,5,0.08702348522762493,0.0047037272644982
405.26358,700,13310.926208,False,1.0,1.0,1.0,0.0,110,1,0.11534065473729826,0.0033718108545692186
406.943463,700,13330.719734,False,0.0,0.0,0.0,0.0,0,0,0.025420135061930083,0.027271474972030786
447.305029,700,13358.195918,False,0.0,0.0,0.0,0.0,0,0,0.03433663293225153,0.014528955131400746
442.920355,700,13377.149509,False,0.0,0.0,0.0,0.0,0,0,0.016240839118193073,0.00779548570116082
428.613922,700,13399.260188,False,0.0,0.0,0.0,0.0,0,0,0.024051309897316187,0.022785218788881755
260.999398,700,13427.893924,False,1.0,1.0,1.0,0.0,21,4,0.09310329079398583,0.02191446211489438
428.824964,700,13458.299942,False,0.0,0.0,0.0,0.0,0,0,0.018665913890648866,0.004952277157300502
639.759256,700,13486.448643,False,1.0,1.0,1.0,0.0,89,3,0.1086582899379045,0.001515904291700956
435.603637,700,13505.212941,False,1.0,1.0,0.0,0.0,573,2,0.024135702986786467,0.004543034827839568
453.210795,700,13532.077945,False,1.0,1.0,0.0,0.0,42,1,0.030585106233246173,0.006523613471892008
472.118485,700,13553.002277,False,1.0,1.0,0.0,0.0,149,2,0.04294412307381901,0.0024210700207645238
471.420992,700,13578.265345,False,1.0,1.0,1.0,0.0,144,1,0.0764736848373645,0.01240725085746384
440.671761,700,13599.80889,False,0.0,0.0,0.0,0.0,0,0,0.022381389802926144,0.01813249207857544
168.921998,700,13619.918074,False,0.0,0.0,0.0,0.0,0,0,0.014894065518699207,0.01991022795636718
364.477484,700,13645.491761,False,0.0,0.0,0.0,0.0,0,0,0.0064797554485780395,0.02097181230906463
437.552407,700,13666.719163,False,0.0,0.0,0.0,0.0,0,0,0.02225722518820228,0.005814868139335011
423.533085,700,13691.791509,False,0.0,0.0,0.0,0.0,0,0,0.007328951206163503,0.01600688888562626
258.301902,700,13712.374732,False,0.0,0.0,0.0,0.0,0,0,0.0075173799545035225,0.03478306414963861
448.801464,700,13739.912097,False,1.0,1.0,0.0,0.0,660,1,0.02552921134385222,0.01350220548394418
441.440412,700,13763.309692,False,1.0,1.0,0.0,0.0,273,2,0.048817018266036016,0.01235164392788501
444.344139,700,13786.099662,False,1.0,1.0,0.0,0.0,179,2,0.011636686086649806,0.007336484824836414
468.414278,700,13811.361656,False,0.0,0.0,0.0,0.0,0,0,0.0362411354603317,0.0027650375701372986
478.318918,700,13837.34581,False,1.0,1.0,1.0,0.0,101,5,0.11785404866419169,0.0015538304586544208
392.106792,700,13860.57298,False,0.0,0.0,0.0,0.0,0,0,0.007269055857374251,0.04963088561808329
446.713539,700,13879.036232,False,0.0,0.0,0.0,0.0,0,0,0.014413545843437459,0.01261680048195035
496.848103,700,13905.530196,False,1.0,1.0,0.0,0.0,21,3,0.02194646201423045,0.002441532525069187
77.981828,700,13941.447058,False,1.0,1.0,1.0,0.0,35,1,0.12253634377485079,0.01750071588718148
438.261376,700,13966.432241,False,0.0,0.0,0.0,0.0,0,0,0.09245776306640774,0.007539570973446345
402.709247,700,13987.929387,False,1.0,1.0,1.0,0.0,99,1,0.0816370921169739,0.006477438054228508
537.773946,700,14014.221535,False,1.0,1.0,1.0,0.0,128,8,0.12509614358481236,0.008480533128225715
461.98561,700,14050.557179,False,1.0,1.0,1.0,0.0,18,6,0.09409521030544621,0.0015360528672241011
425.748444,700,14073.197572,False,0.0,0.0,0.0,0.0,0,0,0.013288947688099073,0.01604507626921681
380.276732,700,14092.589409,False,1.0,1.0,1.0,0.0,49,1,0.10274641372816085,0.010151403877964472
408.138118,700,14110.823367,False,1.0,1.0,0.0,0.0,63,2,0.04085824847760655,0.004967826403865856
439.89798,700,14134.496291,False,0.0,0.0,0.0,0.0,0,0,0.013034634780292431,0.01874188808698688
454.245339,700,14155.60712,False,1.0,1.0,1.0,0.0,54,5,0.076462983631982,0.0040379467643041666
232.112481,700,14181.992235,False,1.0,1.0,0.0,0.0,81,1,0.017405304793688514,0.016121821641832616
400.630093,700,14203.883515,False,1.0,1.0,1.0,0.0,22,4,0.10089075489243393,0.00848779213353783
459.412168,700,14229.425589,False,1.0,1.0,0.0,0.0,173,4,0.02998237115101199,0.007086953257026022
304.323712,700,14256.920049,False,0.0,0.0,0.0,0.0,0,0,0.02333700389255544,0.03390662633440199
432.91196,700,14278.509522,False,0.0,0.0,0.0,0.0,0,0,0.03285137983518016,0.00794312091008887
344.100246,700,14301.147532,False,0.0,0.0,0.0,0.0,0,0,0.030394409788820242,0.01996536307379276
447.008754,700,14328.249002,False,1.0,1.0,1.0,0.0,69,4,0.09567834108223483,0.006251352281480293
419.351458,700,14348.86222,False,1.0,1.0,0.0,0.0,215,2,0.04768451996003964,0.028618851434426072
452.12293,700,14375.719289,False,0.0,0.0,0.0,0.0,0,0,0.0426032361298454,0.022080909446535554
481.801059,700,14398.187757,False,1.0,1.0,0.0,0.0,171,1,0.030574424184015347,0.002095696826401617
439.959582,700,14419.102664,False,0.0,0.0,0.0,0.0,0,0,0.014320417304781174,0.012692597282793271
497.5101,700,14439.4707,False,1.0,1.0,1.0,0.0,589,2,0.10726469951007889,0.004854393995367172
348.114784,700,14463.914597,False,1.0,1.0,1.0,0.0,156,3,0.08683403305947857,0.004343126000870349
428.780642,700,14487.719558,False,0.0,0.0,0.0,0.0,0,0,0.03507966275539476,0.01727885124019389
383.405991,700,14514.994846,False,0.0,0.0,0.0,0.0,0,0,0.010783479695646303,0.0029195215937172525
419.549994,700,14537.012725,False,1.0,1.0,1.0,0.0,55,6,0.12826808702293013,0.010128143945901844
311.767543,700,14559.436574,False,0.0,0.0,0.0,0.0,0,0,0.09946797699062149,0.017868269155389936
553.533302,700,14580.883479,False,1.0,1.0,1.0,0.0,521,2,0.10098421360683285,0.0035071540286817234
353.515482,700,14606.588759,False,1.0,1.0,1.0,0.0,70,2,0.11197119701728364,0.0026319118226922397
458.098425,700,14631.613448,False,0.0,0.0,0.0,0.0,0,0,0.02724237215120584,0.011520992267647424
476.79532,700,14661.756784,False,1.0,1.0,1.0,0.0,260,3,0.08700413280396901,0.005545826141724442
432.804135,700,14686.977207,False,0.0,0.0,0.0,0.0,0,0,0.011633587186702377,0.005281898212339061
489.285595,700,14717.86543,False,1.0,1.0,1.0,0.0,16,3,0.0966949130933007,0.00617564083582858
542.105413,700,14739.05645,False,1.0,1.0,0.0,0.0,69,1,0.03718433348237604,0.0036240743087669813
416.416081,700,14762.234248,False,0.0,0.0,0.0,0.0,0,0,0.022282380446415506,0.017248475291262128
425.474209,700,14785.183504,False,1.0,1.0,0.0,0.0,279,1,0.021939085431612715,0.006574813352428271
448.037487,700,14818.602792,False,1.0,1.0,0.0,0.0,77,2,0.016498733215423278,0.0013426787656754347
293.386465,700,14877.146975,False,1.0,1.0,0.0,0.0,326,2,0.01478454551726116,0.02407252859356534
424.853898,700,14906.450089,False,1.0,1.0,0.0,0.0,48,1,0.03024841789995536,0.0004468382617594933
459.200314,700,14930.113517,False,1.0,1.0,0.0,0.0,136,3,0.015140627100311388,0.004985345190531422
412.011265,700,14961.125986,False,1.0,1.0,0.0,0.0,233,8,0.03625653042685373,0.01763111286043711
498.327474,700,14982.427012,False,1.0,1.0,1.0,0.0,204,2,0.10108790477158769,0.006268862013909919
411.263439,700,15006.0212,False,0.0,0.0,0.0,0.0,0,0,0.01920226537398184,0.03459662746809952
458.305197,700,15028.581733,False,1.0,1.0,0.0,0.0,665,1,0.015886142164682315,0.005710540339856174
446.856442,700,15047.149442,False,1.0,1.0,0.0,0.0,34,4,0.017985464234830162,0.0037981975671910685
443.295059,700,15071.844394,False,0.0,0.0,0.0,0.0,0,0,0.019159912861025696,0.0035761041042329873
128.435446,700,15107.619075,False,0.0,0.0,0.0,0.0,0,0,0.04344246355537629,0.007535105177775266
439.546547,700,15136.354221,False,0.0,0.0,0.0,0.0,0,0,0.010830641808180053,0.004181332255139758
453.996921,700,15166.999437,False,1.0,1.0,1.0,0.0,137,1,0.1037474263187732,0.005737800208904021
438.271444,700,15193.322283,False,1.0,1.0,1.0,0.0,98,1,0.09589947216756955,0.010219374309422215
394.068332,700,15229.36193,False,1.0,1.0,1.0,0.0,16,8,0.07079811708923112,0.0027333530053711107
384.776464,700,15251.008899,False,1.0,1.0,1.0,0.0,42,7,0.11209567276421595,0.003766552304232815
380.339426,700,15275.791592,False,0.0,0.0,0.0,0.0,0,0,0.024784399825207304,0.0170917591028243
460.125474,700,15311.284167,False,1.0,1.0,1.0,0.0,120,3,0.08104723714377493,0.015002659717538095
464.252822,700,15332.928201,False,1.0,1.0,1.0,0.0,94,2,0.08705567566887307,0.006030526910161562
507.354061,700,15359.105884,False,1.0,1.0,1.0,0.0,54,6,0.07760651631326143,0.002978240346954584
442.71782,700,15385.777531,False,0.0,0.0,0.0,0.0,0,0,0.033538673039753775,0.004531092939042262
425.51814,700,15406.896175,False,1.0,1.0,0.0,0.0,564,2,0.023820850562299878,0.01277735063850781
458.441552,700,15427.775718,False,0.0,0.0,0.0,0.0,0,0,0.05699275379684643,0.0029230112054957564
251.275638,700,15448.881534,False,0.0,0.0,0.0,0.0,0,0,0.012924788193234837,0.021824029377286495
447.633568,700,15470.365222,False,0.0,0.0,0.0,0.0,0,0,0.017020222574485322,0.013398371886466426
532.038902,700,15491.38983,False,1.0,1.0,1.0,0.0,347,2,0.13069077441304577,0.01271853853400792
220.643503,700,15512.339634,False,0.0,0.0,0.0,0.0,0,0,0.012455803269950771,0.010632340162446597
410.524604,700,15535.380086,False,0.0,0.0,0.0,0.0,0,0,0.018609579228897943,0.003685756963211617
467.180203,700,15558.242464,False,1.0,1.0,1.0,0.0,34,8,0.1306709146600381,0.007063534522033943
446.346447,700,15586.553876,False,0.0,0.0,0.0,0.0,0,0,0.004956045478145432,0.01492339982781854
345.63068,700,15607.466512,False,1.0,1.0,1.0,0.0,112,1,0.11725044127864792,0.008895897042317108
341.748842,700,15631.889116,False,0.0,0.0,0.0,0.0,0,0,0.04195211185215664,0.0027227718790137794
455.960985,700,15654.614938,False,1.0,1.0,0.0,0.0,87,1,0.024912171634712488,0.00823333861016741
333.514464,700,15677.572177,False,0.0,0.0,0.0,0.0,0,0,0.027847149642410085,0.019675918728241967
622.720374,700,15698.48586,False,1.0,1.0,1.0,0.0,44,6,0.23114034760149527,0.0026346338668401218
451.494329,700,15717.36501,False,0.0,0.0,0.0,0.0,0,0,0.04522135512370273,0.0033372054462966726
411.574553,700,15737.482413,False,1.0,1.0,0.0,0.0,67,2,0.014621707735786416,0.011529551608444683
317.541233,700,15763.851869,False,1.0,1.0,1.0,0.0,73,4,0.1385123814479059,0.004264098866590647
63.272279,700,15788.368592,False,0.0,0.0,0.0,0.0,0,0,0.023609503032296697,0.03005345262363691
458.105418,700,15809.939238,False,0.0,0.0,0.0,0.0,0,0,0.04331446470330391,0.008786933910954543
446.106652,700,15829.739299,False,1.0,1.0,1.0,0.0,53,4,0.175782903373084,0.0042919843096468294
446.091953,700,15853.994397,False,0.0,0.0,0.0,0.0,0,0,0.01395611302452171,0.025852559575523727
493.083683,700,15883.724397,False,1.0,1.0,1.0,0.0,91,2,0.07668043652321543,0.0030372138051907374
403.930989,700,15905.263538,False,1.0,1.0,1.0,0.0,33,2,0.10122173036043125,0.005874448224555151
229.658516,700,15926.323295,False,1.0,1.0,0.0,0.0,22,1,0.01437329582146396,0.017062856851033287
484.482283,700,15958.227101,False,1.0,1.0,1.0,0.0,95,6,0.07496550962132187,0.0014526774055822575
481.002911,700,15980.336727,False,1.0,1.0,1.0,0.0,165,2,0.09118199138700744,0.003972037208386415
466.519099,700,16000.767983,False,1.0,1.0,0.0,0.0,256,3,0.08722711699923302,0.010095629927619343
19.247415,700,16031.33702,False,0.0,0.0,0.0,0.0,0,0,0.020770098923059144,0.03993953763874858
502.904743,700,16056.579918,False,1.0,1.0,1.0,0.0,122,5,0.09564784968527751,0.003652341575675341
415.569901,700,16095.919643,False,1.0,1.0,0.0,0.0,47,2,0.01816760024424746,0.008923503278522574
460.090588,700,16125.101419,False,1.0,1.0,1.0,0.0,40,4,0.060782191436680955,0.004616853795233204
403.100418,700,16152.446048,False,1.0,1.0,1.0,0.0,41,6,0.07252413900320442,0.008143356413451309
491.251343,700,16173.717137,False,1.0,1.0,1.0,0.0,104,4,0.16194877075110536,0.0025464234013895517
449.230341,700,16199.461453,False,0.0,0.0,0.0,0.0,0,0,0.01583336532775781,0.021010749290658222
472.682116,700,16222.554572,False,1.0,1.0,1.0,0.0,17,5,0.14915707275290468,0.003202663270949017
493.676597,700,16239.954094,False,1.0,1.0,1.0,0.0,51,4,0.08140540441930577,0.005179767817866697
460.047395,700,16262.475578,False,1.0,1.0,0.0,0.0,16,1,0.05947169606132352,0.01037817463871816
382.094032,700,16286.799548,False,1.0,1.0,0.0,0.0,14,1,0.0436096214087377,0.011629796516380587
499.025582,700,16313.134234,False,1.0,1.0,1.0,0.0,23,5,0.08893233456608496,0.008024138260071437
507.51873,700,16347.035044,False,1.0,1.0,1.0,0.0,18,5,0.08508459347682229,0.0036511887204346075
443.166445,700,16368.44308,False,1.0,1.0,1.0,0.0,391,5,0.07384840859873865,0.011954679707419057
39.852543,700,16387.092946,False,0.0,0.0,0.0,0.0,0,0,0.00307916006824438,0.0359235751935624
343.580505,700,16411.666842,False,1.0,1.0,1.0,0.0,52,1,0.0668132770963189,0.014919974431853516
381.434527,700,16429.833687,False,1.0,1.0,0.0,0.0,172,1,0.04597385558079403,0.0071308161779039215
441.653634,700,16448.585394,False,1.0,1.0,0.0,0.0,568,1,0.02800552927299338,0.008452937955657613
459.278301,700,16471.789571,False,1.0,1.0,1.0,0.0,44,2,0.08413601312891272,0.007333483600716923
445.102904,700,16498.774873,False,0.0,0.0,0.0,0.0,0,0,0.022962243262458548,0.019119711426817464
418.614143,700,16523.75833,False,1.0,1.0,0.0,0.0,18,1,0.03146148807674021,0.0030247575786961933
451.662812,700,16553.219529,False,1.0,1.0,0.0,0.0,260,2,0.059999303856500874,0.004448202796412012
438.049846,700,16570.251185,False,1.0,1.0,0.0,0.0,299,2,0.018697778129215803,0.02277017046881811
514.419662,700,16594.440197,False,1.0,1.0,1.0,0.0,106,3,0.09196358434986862,0.005173078701343934
557.266436,700,16612.8494,False,1.0,1.0,1.0,0.0,41,18,0.10437177368688144,0.0032100513921651357
444.655093,700,16635.470694,False,1.0,1.0,1.0,0.0,239,1,0.05984451165573079,0.0066242494715247
541.807302,700,16654.709255,False,1.0,1.0,1.0,0.0,150,4,0.09360745813594773,0.010175267690327616
458.479234,700,16676.531511,False,1.0,1.0,0.0,0.0,50,7,0.042216856624825994,0.0016098326267311872
456.823114,700,16697.248972,False,0.0,0.0,0.0,0.0,0,0,0.022992934467416903,0.005056582417785248
372.008717,700,16720.883312,False,0.0,0.0,0.0,0.0,0,0,0.0029107191573602975,0.029732091974722017
446.60154,700,16743.311212,False,0.0,0.0,0.0,0.0,0,0,0.011998260765031743,0.01859252947252771
87.769364,700,16768.551328,False,0.0,0.0,0.0,0.0,0,0,0.011687645364785948,0.0275853687064684
455.673096,700,16793.082641,False,1.0,1.0,0.0,0.0,211,2,0.020269810293098378,0.005679559372846499
454.945707,700,16823.495376,False,0.0,0.0,0.0,0.0,0,0,0.008266049235920447,0.007218045587537014
437.795047,700,16849.358137,False,0.0,0.0,0.0,0.0,0,0,0.011964287367768334,0.01942614681313175
346.042414,700,16870.007973,False,1.0,1.0,1.0,0.0,38,2,0.19896967790835485,0.010730492423629183
523.696006,700,16892.279272,False,1.0,1.0,1.0,0.0,448,7,0.10889668389823759,0.010704263925881512
473.188086,700,16911.561051,False,1.0,1.0,1.0,0.0,18,1,0.05446020084004821,0.0077349852506633015
440.923347,700,16934.404116,False,1.0,1.0,1.0,0.0,170,4,0.23864819109771862,0.0027491217209263856
375.501683,700,16954.200018,False,0.0,0.0,0.0,0.0,0,0,0.029313768108591876,0.012434726458132865
431.746242,700,16984.981654,False,1.0,1.0,0.0,0.0,134,1,0.01680523433698755,0.0038206234014920167
424.301198,700,17008.612,False,1.0,1.0,1.0,0.0,20,9,0.09790564071696761,0.0007397645597006323
299.254042,700,17029.314052,False,0.0,0.0,0.0,0.0,0,0,4.3560369045181346e-07,0.06524695418929688
279.853774,700,17046.476434,False,0.0,0.0,0.0,0.0,0,0,0.019380698032712362,0.026122429296814534
430.382579,700,17074.072936,False,1.0,1.0,0.0,0.0,73,2,0.03235282161995745,0.02363603013234659
472.59539,700,17101.003365,False,0.0,0.0,0.0,0.0,0,0,0.021769912691259052,0.00711320776096423
387.90926,700,17124.364716,False,1.0,1.0,1.0,0.0,26,2,0.0686834613586712,0.0034884566139528734
449.060308,700,17148.674863,False,0.0,0.0,0.0,0.0,0,0,0.033434627315701904,0.020475045289247668
511.670586,700,17170.552034,False,1.0,1.0,1.0,0.0,231,3,0.09908654001648154,0.007793659562097248
435.044602,700,17195.947794,False,1.0,1.0,1.0,0.0,21,3,0.08828228782823055,0.009443155953747433
441.016103,700,17224.156537,False,1.0,1.0,1.0,0.0,22,5,0.08621250212491127,0.0050188459434634455
469.241319,700,17248.561697,False,1.0,1.0,1.0,0.0,49,5,0.12040129439300618,0.005744491765784796
604.697977,700,17271.197999,False,1.0,1.0,1.0,0.0,25,3,0.08842164619207193,0.003392207854999236
550.634079,700,17296.794618,False,1.0,1.0,1.0,0.0,23,10,0.074133953438699,0.00767637896202309
447.144506,700,17319.339664,False,0.0,0.0,0.0,0.0,0,0,0.012859544091260888,0.030580238025627423
390.436428,700,17339.913946,False,0.0,0.0,0.0,0.0,0,0,0.05106233726777176,0.0036511746531466814
584.537618,700,17365.588001,False,1.0,1.0,1.0,0.0,16,16,0.09965631786859663,0.004743539179450951
465.818066,700,17389.449807,False,1.0,1.0,1.0,0.0,26,1,0.11292805342597134,0.01259299809236277
420.209537,700,17411.144119,False,1.0,1.0,0.0,0.0,104,4,0.01915165302830557,0.009002645922851384
380.660247,700,17434.727634,False,0.0,0.0,0.0,0.0,0,0,0.006606031423291192,0.011718552840561522
434.034326,700,17457.372014,False,0.0,0.0,0.0,0.0,0,0,0.05290085080422102,0.028152138834271423
381.421351,700,17475.906921,False,0.0,0.0,0.0,0.0,0,0,0.026222689948369737,0.003450787843818248
505.458601,700,17495.061363,False,1.0,1.0,1.0,0.0,623,5,0.06011698322719661,0.010568522285201862
224.790213,700,17521.890099,False,1.0,1.0,1.0,0.0,74,1,0.05615049034272779,0.014581731168599059
408.982986,700,17548.045587,False,1.0,1.0,1.0,0.0,259,5,0.1287253469722296,0.010953240637447148
437.928915,700,17577.887208,False,1.0,1.0,1.0,0.0,34,5,0.09415312930487141,0.0023088489002640114
327.503001,700,17598.469831,False,1.0,1.0,0.0,0.0,59,1,0.019496090403510302,0.008444899672847124
473.791212,700,17617.630919,False,0.0,0.0,0.0,0.0,0,0,0.04359068848916725,0.004320482591050599
457.523398,700,17638.314737,False,1.0,1.0,1.0,0.0,280,2,0.0714824612377547,0.01733072100820295
388.739222,700,17661.188589,False,1.0,1.0,1.0,0.0,36,6,0.09238545437122214,0.000837352314608118
450.833028,700,17689.239468,False,0.0,0.0,0.0,0.0,0,0,0.004006228876325402,0.03405586931088312
392.362257,700,17713.694884,False,1.0,1.0,1.0,0.0,20,5,0.05998610837855389,0.004498821039805095
523.33812,700,17730.708646,False,1.0,1.0,1.0,0.0,78,5,0.09558076493124923,0.002577902901609801
235.991065,700,17759.922542,False,0.0,0.0,0.0,0.0,0,0,0.012428534540356195,0.025413484434376767
475.733441,700,17783.283087,False,1.0,1.0,0.0,0.0,50,2,0.020948611487876412,0.0026418277303419386
387.172838,700,17811.560935,False,1.0,1.0,1.0,0.0,196,7,0.0843286989545784,0.011220587179972158
453.839847,700,17837.222264,False,0.0,0.0,0.0,0.0,0,0,0.010377428070415085,0.015240655754231393
500.035372,700,17859.377939,False,1.0,1.0,1.0,0.0,284,3,0.15015393262732912,0.01665154880183367
363.216138,700,17886.267995,False,0.0,0.0,0.0,0.0,0,0,0.001694223184815491,0.042936810620791806
220.347044,700,17908.355693,False,0.0,0.0,0.0,0.0,0,0,0.009281878726056125,0.00893758121017537
432.870548,700,17926.241208,False,0.0,0.0,0.0,0.0,0,0,0.018198404609144125,0.011099056024074041
111.13643,700,17950.138054,False,0.0,0.0,0.0,0.0,0,0,0.01761636909673847,0.02773025886066074
545.397672,700,17984.015261,False,1.0,1.0,1.0,0.0,31,11,0.07433004028002699,0.004689055761205235
349.047939,700,18005.161831,False,1.0,1.0,1.0,0.0,76,1,0.07659393366619482,0.014183379043896998
619.924484,700,18025.297073,False,1.0,1.0,1.0,0.0,42,6,0.10552259014159437,0.004996945051062059
508.545127,700,18058.704913,False,1.0,1.0,1.0,0.0,187,7,0.11022584147058068,0.00480190212478583
252.840691,700,18079.591684,False,0.0,0.0,0.0,0.0,0,0,0.026982857774596525,0.010208613765371912
417.11976,700,18103.125109,False,0.0,0.0,0.0,0.0,0,0,0.0008520278163376416,0.019707481039986798
203.81801,700,18128.989194,False,0.0,0.0,0.0,0.0,0,0,0.011120250676283638,0.00985386368929393
526.882964,700,18151.991688,False,1.0,1.0,1.0,0.0,431,4,0.09735789231056757,0.01064671852184149
454.036694,700,18171.883813,False,1.0,1.0,1.0,0.0,92,1,0.08556320886738333,0.008973449983323306
417.6738,700,18195.663448,False,1.0,1.0,1.0,0.0,25,6,0.06001670353965105,0.017386976883055683
447.856152,700,18216.848998,False,0.0,0.0,0.0,0.0,0,0,0.010797742733318683,0.020632374380170453
454.668788,700,18241.820274,False,1.0,1.0,0.0,0.0,105,1,0.03145747931807552,0.016100074333332874
438.249534,700,18264.517503,False,1.0,1.0,0.0,0.0,38,2,0.052046767251069825,0.005587994956403122
567.100872,700,18290.422739,False,1.0,1.0,1.0,0.0,50,5,0.08221115530717482,0.010372446646566514
461.994565,700,18308.279991,False,1.0,1.0,1.0,0.0,114,3,0.05067798349626018,0.014022564177040618
449.575318,700,18336.925065,False,0.0,0.0,0.0,0.0,0,0,0.00928920122705057,0.01131377354952797
485.148416,700,18363.683244,False,1.0,1.0,0.0,0.0,22,13,0.19811404027057233,0.00027984847663146007
477.969852,700,18389.945871,False,1.0,1.0,0.0,0.0,82,1,0.02102892100062448,0.0020166268751680163
626.233626,700,18414.225794,False,1.0,1.0,1.0,0.0,223,5,0.10853713689558153,0.005767751760526427
482.468469,700,18433.104467,False,1.0,1.0,1.0,0.0,188,3,0.11369008842105599,0.004791701383543238
107.762707,700,18457.795801,False,0.0,0.0,0.0,0.0,0,0,0.06407856431130465,0.011832907784459782
247.569517,700,18480.570152,False,0.0,0.0,0.0,0.0,0,0,0.01800937039323136,0.0055506971827214355
482.618147,700,18509.134797,False,1.0,1.0,1.0,0.0,46,2,0.07200772652127807,0.004272531133196122
450.636641,700,18535.057939,False,1.0,1.0,0.0,0.0,195,2,0.014737210731456174,0.00595053148739086
287.224895,700,18557.966148,False,1.0,1.0,1.0,0.0,91,3,0.07641477470839653,0.006585443281617601
469.11915,700,18587.025508,False,0.0,0.0,0.0,0.0,0,0,0.014809738954217555,0.008558678169711384
155.49461,700,18611.387403,False,0.0,0.0,0.0,0.0,0,0,0.023986314420293642,0.01116846711810978
248.564533,700,18636.484192,False,1.0,1.0,1.0,0.0,35,3,0.08263979919944642,0.00511231456905044
461.267224,700,18661.302637,False,1.0,1.0,0.0,0.0,204,1,0.010490365115460532,0.014289127414064936
460.725136,700,18684.984043,False,1.0,1.0,1.0,0.0,53,18,0.07623216933688082,0.004457294761538926
368.55309,700,18715.635071,False,1.0,1.0,0.0,0.0,118,5,0.031314998516584036,0.01304541658765615
520.282373,700,18742.03587,False,1.0,1.0,1.0,0.0,486,2,0.08475010609393097,0.009853791113539435
398.997508,700,18762.667762,False,1.0,1.0,1.0,0.0,29,1,0.07303525114861398,0.017929043604029946
473.548327,700,18781.854635,False,1.0,1.0,0.0,0.0,640,1,0.035020347356414794,0.009678475499532824
394.774722,700,18803.149844,False,1.0,1.0,1.0,0.0,52,1,0.09720674841369215,0.0059606008259109515
327.509718,700,18829.335581,False,1.0,1.0,0.0,0.0,371,1,0.035316946135609206,0.01854079195819016
174.414563,700,18848.965979,False,0.0,0.0,0.0,0.0,0,0,0.006701996912098718,0.009214196849829147
181.622192,700,18878.517116,False,0.0,0.0,0.0,0.0,0,0,0.013077238218177856,0.01722350528046389
309.712086,700,18905.912297,False,1.0,1.0,0.0,0.0,27,2,0.009487375589956049,0.012818164521773725
405.479461,700,18925.156112,False,0.0,0.0,0.0,0.0,0,0,0.012289198541649893,0.01027566122775245
470.17593,700,18946.60379,False,1.0,1.0,1.0,0.0,138,2,0.11002665090849773,0.003323435869790318
544.113947,700,18965.58327,False,1.0,1.0,1.0,0.0,147,10,0.07762429727445452,0.005066234928458211
453.281769,700,18988.506942,False,1.0,1.0,1.0,0.0,20,2,0.07378764470546362,0.01893263839880785
174.145974,700,19007.776551,False,1.0,1.0,1.0,0.0,63,1,0.0984888322749714,0.00745403078431782
615.173087,700,19029.121661,False,1.0,1.0,1.0,0.0,145,6,0.08021569741429291,0.0011687016586193453
407.449208,700,19050.17627,False,1.0,1.0,1.0,0.0,362,4,0.07120013685088522,0.010250338519918408
462.032668,700,19070.213531,False,1.0,1.0,0.0,0.0,101,1,0.026939526209905917,0.007723741631967719
508.102723,700,19095.683292,False,1.0,1.0,1.0,0.0,59,2,0.09545886308087548,0.0016952627945268962
477.643194,700,19113.876292,False,0.0,0.0,0.0,0.0,0,0,0.057410690385560126,0.0031232072448401636
716.418579,700,19132.198674,False,1.0,1.0,1.0,0.0,26,5,0.08152945223656716,0.008329058098938894
216.46679,700,19153.804938,False,0.0,0.0,0.0,0.0,0,0,0.006929465412255031,0.021606358684511256
612.333384,700,19180.064609,False,1.0,1.0,1.0,0.0,60,8,0.11038333717278659,0.004237283700732323
665.30418,700,19207.934079,False,1.0,1.0,1.0,0.0,41,5,0.10354146968974176,0.002337263933841065
706.334001,700,19232.860088,False,1.0,1.0,1.0,0.0,145,3,0.10107182390385383,0.007963254033739797
485.391942,700,19256.748778,False,1.0,1.0,1.0,0.0,26,2,0.096941735020451,0.01064472924189565
416.152209,700,19274.755589,False,0.0,0.0,0.0,0.0,0,0,0.018311673096428227,0.007625071959787463
293.437052,700,19297.079124,False,1.0,1.0,0.0,0.0,76,2,0.017767314491620723,0.0015601891227231936
449.975627,700,19316.504284,False,0.0,0.0,0.0,0.0,0,0,0.007981727028811836,0.018814758870916472
505.32129,700,19335.690436,False,1.0,1.0,1.0,0.0,80,3,0.0725602336848965,0.009915098564608331
647.458966,700,19361.274556,False,1.0,1.0,1.0,0.0,55,7,0.09233934474444916,0.002279724290186077
567.309092,700,19378.949833,False,1.0,1.0,1.0,0.0,105,8,0.11988952457492463,0.002503101458342575
382.656297,700,19416.648124,False,0.0,0.0,0.0,0.0,0,0,0.043279540745504,0.025251294661019417
421.011069,700,19437.765329,False,0.0,0.0,0.0,0.0,0,0,0.005255636646201878,0.03864460294216262
383.943968,700,19466.0474,False,0.0,0.0,0.0,0.0,0,0,0.005020867860770828,0.021899253306941868
404.368394,700,19490.747239,False,1.0,1.0,1.0,0.0,27,6,0.25737288958763693,0.0051916961647684706
435.374979,700,19517.68959,False,1.0,1.0,1.0,0.0,56,4,0.07836672093028907,0.013854731716933102
266.147029,700,19536.843069,False,1.0,1.0,1.0,0.0,254,3,0.45745250609167265,0.0057373558724368645
405.854482,700,19568.535386,False,0.0,0.0,0.0,0.0,0,0,0.022471005609268402,0.011980253202338515
390.929788,700,19590.198383,False,1.0,1.0,0.0,0.0,23,1,0.03993294074282372,0.009707434601677958
441.628774,700,19626.59518,False,0.0,0.0,0.0,0.0,0,0,0.002464788409379026,0.03611884776222915
487.634802,700,19651.256256,False,1.0,1.0,1.0,0.0,208,3,0.09651601353918282,0.011664845759021485
533.881054,700,19679.48771,False,1.0,1.0,1.0,0.0,25,2,0.08379416897340475,0.008061242132232018
357.285208,700,19707.364891,False,1.0,1.0,0.0,0.0,33,1,0.010747449558891509,0.00626534858527214
447.233064,700,19739.103242,False,1.0,1.0,1.0,0.0,21,2,0.11225553281500056,0.018216528865470687
241.034735,700,19760.831577,False,0.0,0.0,0.0,0.0,0,0,1.3609582238949258e-06,0.042276573819913815
483.87977,700,19778.215171,False,1.0,1.0,0.0,0.0,25,2,0.040152148155677025,0.001665723062538113
413.836044,700,19811.66882,False,1.0,1.0,1.0,0.0,49,3,0.09458665597815308,0.001470075495334046
416.460589,700,19836.585068,False,0.0,0.0,0.0,0.0,0,0,0.0002319998578863558,0.05548854886845541
449.424577,700,19858.226318,False,1.0,1.0,1.0,0.0,82,3,0.07731277600421138,0.004557575577903425
699.350457,700,19889.458314,False,1.0,1.0,1.0,0.0,65,7,0.08377786091390038,0.003097318145370853
447.404562,700,19909.692476,False,1.0,1.0,0.0,0.0,695,1,0.0331413570964072,0.011082007333189883
452.650346,700,19938.542854,False,1.0,1.0,0.0,0.0,26,3,0.018855464373202402,0.012441015760064992
277.098467,700,19961.709294,False,1.0,1.0,1.0,0.0,25,2,0.06245691750491256,0.006674634137062621
492.094676,700,19983.807675,False,1.0,1.0,1.0,0.0,336,9,0.10215451535765185,0.00670978939738451
469.511036,700,20007.652782,False,1.0,1.0,0.0,0.0,264,1,0.027722570538128433,0.003955792454769837
820.067382,700,20033.827989,False,1.0,1.0,1.0,0.0,32,3,0.0948185237208512,0.003787510733331063
356.123334,700,20059.274685,False,0.0,0.0,0.0,0.0,0,0,0.029830632422241155,0.005578459587556266
415.645768,700,20077.036041,False,1.0,1.0,0.0,0.0,145,1,0.05436153355414308,0.004161690127073115
598.828252,700,20110.142213,False,1.0,1.0,1.0,0.0,67,7,0.11238115552090189,0.0072814067122905545
451.072267,700,20131.676812,False,1.0,1.0,1.0,0.0,21,2,0.08940137953914917,0.015313979803833895
618.838789,700,20159.702658,False,1.0,1.0,1.0,0.0,173,3,0.07005097424815876,0.010750638168658712
505.252699,700,20184.098073,False,1.0,1.0,1.0,0.0,149,2,0.11215774934866285,0.01121866852371578
570.992952,700,20204.630748,False,1.0,1.0,1.0,0.0,151,3,0.08365714772089916,0.01048444165585137
416.60612,700,20236.863857,False,0.0,0.0,0.0,0.0,0,0,0.002532335434965005,0.030065158082035724
795.930236,700,20263.098417,False,1.0,1.0,1.0,0.0,28,7,0.11803301628658158,0.0024689708166964384
436.830174,700,20284.412168,False,0.0,0.0,0.0,0.0,0,0,0.012153904951169192,0.025868895838759738
622.95092,700,20311.121121,False,1.0,1.0,1.0,0.0,43,10,0.09567078699694431,0.0023881570429626396
381.348405,700,20330.10048,False,1.0,1.0,1.0,0.0,23,1,0.08042420617099844,0.01635084533810463
451.808253,700,20353.406118,False,0.0,0.0,0.0,0.0,0,0,0.021660477654409593,0.014357347683650885
524.797172,700,20380.173194,False,1.0,1.0,1.0,0.0,72,1,0.08176509181488745,0.0035781535969137096
651.147012,700,20405.788532,False,1.0,1.0,1.0,0.0,36,5,0.09400780592438873,0.003417363167970519
669.084213,700,20428.397768,False,1.0,1.0,1.0,0.0,80,14,0.08434359957331627,0.0032842196677954952
712.526952,700,20455.151042,False,1.0,1.0,1.0,0.0,26,4,0.08245798704997132,0.011496829199031606
447.805929,700,20478.668226,False,0.0,0.0,0.0,0.0,0,0,0.006841583707686505,0.0240470035179306
777.46093,700,20497.406741,False,1.0,1.0,1.0,0.0,130,5,0.08473747197223602,0.0034240923242404237
581.092113,700,20522.726321,False,1.0,1.0,1.0,0.0,14,9,0.10336489904777846,0.002332087334787033
532.598019,700,20557.336302,False,1.0,1.0,1.0,0.0,275,6,0.07405228261956343,0.003112235655980389
429.936192,700,20583.685579,False,1.0,1.0,1.0,0.0,80,6,0.07020670614352342,0.002903110067184878
883.531571,700,20612.87445,False,1.0,1.0,1.0,0.0,23,8,0.08714647223386374,0.0008481112050181877
505.779224,700,20634.658313,False,1.0,1.0,1.0,0.0,38,1,0.09177622873307345,0.008049264301516252
517.485597,700,20665.898385,False,1.0,1.0,1.0,0.0,21,9,0.09459455451761467,0.0027518926875878366
528.108115,700,20690.85091,False,1.0,1.0,1.0,0.0,61,2,0.0704526914425383,0.005400535156465329
663.069432,700,20720.674746,False,1.0,1.0,1.0,0.0,301,5,0.07038527097660618,0.001884810806222151
470.711635,700,20742.798425,False,1.0,1.0,0.0,0.0,168,2,0.043401589503864635,0.009826857566307835
435.432107,700,20772.966604,False,0.0,0.0,0.0,0.0,0,0,0.07863890568255993,0.019114510607375058
505.229072,700,20798.888845,False,1.0,1.0,1.0,0.0,55,2,0.07830509233807237,0.002954093996250446
95.174102,700,20820.289902,False,1.0,1.0,0.0,0.0,53,1,0.02893412049643418,0.019222333190721672
668.184148,700,20852.881157,False,1.0,1.0,1.0,0.0,23,9,0.07758065987512308,0.006383363885596413
763.770026,700,20878.306144,False,1.0,1.0,1.0,0.0,126,11,0.10339694150686651,0.004057474198749263
417.422563,700,20896.754142,False,0.0,0.0,0.0,0.0,0,0,0.03000855281817727,0.012247480102228763
353.609812,700,20923.477807,False,0.0,0.0,0.0,0.0,0,0,0.022298642463428386,0.010619541708210244
546.422383,700,20944.21791,False,1.0,1.0,1.0,0.0,151,5,0.12451972956577695,0.012479766011157167
426.351535,700,20967.682309,False,1.0,1.0,0.0,0.0,25,4,0.029791571788745252,0.011637143034985111
621.437838,700,20995.899458,False,1.0,1.0,1.0,0.0,116,3,0.07760503023628329,0.0031487028794705764
546.322474,700,21016.166434,False,1.0,1.0,1.0,0.0,21,7,0.07245010379248518,0.007357022340822234
603.920182,700,21038.184581,False,1.0,1.0,1.0,0.0,30,3,0.07261880922681019,0.0051962378251982485
433.585212,700,21059.112129,False,0.0,0.0,0.0,0.0,0,0,0.01675104882737144,0.019851578787484187
556.866123,700,21082.461334,False,1.0,1.0,1.0,0.0,41,3,0.09600614581131695,0.005121668932011541
598.565614,700,21118.501633,False,1.0,1.0,1.0,0.0,32,3,0.07471057779853019,0.003396696683762144
543.675779,700,21156.151614,False,1.0,1.0,1.0,0.0,80,2,0.07818240067759707,0.015161497561062493
469.43671,700,21179.122039,False,1.0,1.0,1.0,0.0,54,2,0.08528518709622945,0.010577946434948964
486.529821,700,21203.017656,False,1.0,1.0,0.0,0.0,450,1,0.022959064200793522,0.000991864686243287
465.569206,700,21228.104442,False,0.0,0.0,0.0,0.0,0,0,0.048450810248053644,0.014479115018715188
429.255618,700,21263.301755,False,0.0,0.0,0.0,0.0,0,0,0.009040522729181877,0.03206461702883081
639.6531,700,21285.988106,False,1.0,1.0,1.0,0.0,190,1,0.11730448114080416,0.00909289868578993
718.003819,700,21318.831375,False,1.0,1.0,1.0,0.0,45,7,0.08020599730508404,0.0016736462942659744
559.332542,700,21351.518752,False,1.0,1.0,1.0,0.0,42,6,0.10578248680659386,0.002105823875458402
820.143155,700,21375.02282,False,1.0,1.0,1.0,0.0,25,6,0.09338589892986693,0.0026141757274562825
427.534071,700,21404.754208,False,1.0,1.0,1.0,0.0,31,3,0.0742370191878493,0.016244385254390096
615.297391,700,21432.555292,False,1.0,1.0,1.0,0.0,160,5,0.07174439113540265,0.006172423850793863
457.661163,700,21454.308704,False,0.0,0.0,0.0,0.0,0,0,0.007746566885579731,0.01714647744649438
629.725406,700,21491.006551,False,1.0,1.0,1.0,0.0,27,13,0.10542762638502745,0.0026858560152304423
443.51026,700,21509.210839,False,1.0,1.0,1.0,0.0,30,4,0.07343146519815524,0.006558424837267162
762.057183,700,21534.201696,False,1.0,1.0,1.0,0.0,50,10,0.06837602819708954,0.0036340172082892697
560.892762,700,21573.439351,False,1.0,1.0,1.0,0.0,55,8,0.10465402491316955,0.006612465945232154
331.580139,700,21601.521182,False,1.0,1.0,1.0,0.0,24,1,0.07191022530466862,0.013311924372090089
755.356088,700,21623.580442,False,1.0,1.0,1.0,0.0,60,8,0.08219772797253422,0.004330612038642363
468.420271,700,21640.960731,False,1.0,1.0,0.0,0.0,222,1,0.06353119161737653,0.015116561368880005
431.215153,700,21660.004816,False,0.0,0.0,0.0,0.0,0,0,0.05254517673680659,0.01675814693576192
480.997401,700,21684.729342,False,1.0,1.0,1.0,0.0,515,1,0.07519840101617103,0.014524281385457482
453.955291,700,21714.555271,False,1.0,1.0,0.0,0.0,127,3,0.03287375199295317,0.007192519885835886
524.159856,700,21737.792433,False,1.0,1.0,1.0,0.0,50,6,0.06882720577365053,0.0005778868017688993
377.601887,700,21763.184368,False,1.0,1.0,1.0,0.0,24,2,0.18380907144614378,0.003577780545976805
305.175051,700,21783.49379,False,0.0,0.0,0.0,0.0,0,0,0.013547297311686912,0.017217124246639976
677.063528,700,21813.311338,False,1.0,1.0,1.0,0.0,24,5,0.11077995354598791,0.012036633943436209
434.77902,700,21844.000541,False,1.0,1.0,1.0,0.0,50,1,0.10181075803527184,0.01839385997686915
146.654979,700,21893.487039,False,0.0,0.0,0.0,0.0,0,0,0.02159060268308366,0.010262468395395737
438.246516,700,21913.503623,False,0.0,0.0,0.0,0.0,0,0,0.005826869487867703,0.01707892856360481
465.820462,700,21937.531023,False,0.0,0.0,0.0,0.0,0,0,0.00991396183487836,0.014674171177975322
587.60849,700,21980.960364,False,1.0,1.0,1.0,0.0,35,4,0.10679139094626611,0.0023257105184259523
440.216049,700,22006.912717,False,0.0,0.0,0.0,0.0,0,0,0.11805580779200564,0.01984806465829658
68.340772,700,22031.50172,False,1.0,1.0,0.0,0.0,14,1,0.034919302371287486,0.019827734709696187
68.37554,700,22051.805653,False,1.0,1.0,0.0,0.0,41,2,0.018955395218632654,0.009883657444790387
678.603858,700,22089.923825,False,1.0,1.0,1.0,0.0,28,7,0.08506995405880335,0.0016723845012723332
765.951962,700,22112.073299,False,1.0,1.0,1.0,0.0,36,10,0.07362155343010346,0.0036103722198364964
459.150786,700,22144.393567,False,1.0,1.0,1.0,0.0,116,1,0.07059285255868586,0.012389977900163319
120.126838,700,22168.511367,False,0.0,0.0,0.0,0.0,0,0,0.009987331263100363,0.00993843388815094
708.785211,700,22190.318701,False,1.0,1.0,1.0,0.0,27,7,0.11774433921685623,0.011874017803780485
698.189819,700,22213.647225,False,1.0,1.0,1.0,0.0,19,4,0.1231233636530652,0.005466087973549786
221.583278,700,22240.260789,False,1.0,1.0,1.0,0.0,42,2,0.07692966785866828,0.0026743094679325193
447.515345,700,22262.976147,False,0.0,0.0,0.0,0.0,0,0,0.035814589659205365,0.006857853415603262
464.411461,700,22283.716476,False,1.0,1.0,0.0,0.0,594,1,0.028727879746698104,0.01172691806361831
688.836215,700,22307.390212,False,1.0,1.0,1.0,0.0,22,7,0.07484906932385504,0.009404471505112396
368.189788,700,22336.242283,False,1.0,1.0,1.0,0.0,25,3,0.07009627890359849,0.012874685104241583
464.900651,700,22357.409428,False,1.0,1.0,1.0,0.0,21,2,0.09017912376340298,0.008139327122929214
432.549759,700,22383.99421,False,0.0,0.0,0.0,0.0,0,0,0.021260265681187884,0.010359260357045182
462.147979,700,22412.304518,False,0.0,0.0,0.0,0.0,0,0,0.0102953967050039,0.004471833820359475
461.89887,700,22438.042357,False,1.0,1.0,1.0,0.0,21,14,0.09340506318740749,0.011766684614177268
513.383359,700,22463.921056,False,1.0,1.0,1.0,0.0,23,3,0.06050885400765549,0.01814912769859442
405.72112,700,22485.18005,False,0.0,0.0,0.0,0.0,0,0,0.015822613536595642,0.0038436553812886227
584.851553,700,22513.841017,False,1.0,1.0,1.0,0.0,168,5,0.07924025888120545,0.005787281943799519
189.136118,700,22545.594322,False,0.0,0.0,0.0,0.0,0,0,0.0176312256154999,0.019088333289400444
288.350186,700,22578.480955,False,1.0,1.0,1.0,0.0,51,1,0.08524611891385436,0.01641184260429643
348.558784,700,22603.307538,False,0.0,0.0,0.0,0.0,0,0,0.021559694189632772,0.010550795468959661
341.189339,700,22639.534751,False,1.0,1.0,1.0,0.0,26,2,0.09785128698653855,0.006810387850798221
454.402935,700,22669.911946,False,0.0,0.0,0.0,0.0,0,0,0.010730627425346362,0.015261198753815743
785.70646,700,22691.798491,False,1.0,1.0,1.0,0.0,42,15,0.09429009315767845,0.004450336515029805
695.117562,700,22718.05642,False,1.0,1.0,1.0,0.0,23,2,0.10099943112785903,0.004776876410160671
452.527837,700,22737.692504,False,0.0,0.0,0.0,0.0,0,0,0.007015682885661012,0.0034118145702965175
334.347732,700,22773.159859,False,1.0,1.0,1.0,0.0,25,3,0.07464345800885497,0.009283975875696177
507.63337,700,22803.842113,False,1.0,1.0,1.0,0.0,345,1,0.07375350627883348,0.0014903060664946694
356.235011,700,22825.746043,False,1.0,1.0,1.0,0.0,188,2,0.08328373550024848,0.006858239424602631
404.477662,700,22857.9763,False,0.0,0.0,0.0,0.0,0,0,0.013610926761704611,0.028259883913824738
432.721306,700,22880.512631,False,0.0,0.0,0.0,0.0,0,0,0.018830475303970196,0.017708329841764264
541.992872,700,22910.964406,False,1.0,1.0,1.0,0.0,18,5,0.0769416093396359,0.006234525982409444
365.176396,700,22931.957349,False,1.0,1.0,0.0,0.0,512,2,0.04180825130119903,0.011262928190058247
184.914182,700,22950.42073,False,0.0,0.0,0.0,0.0,0,0,0.015401112217455104,0.009769144923615686
484.119638,700,22977.956771,False,1.0,1.0,1.0,0.0,22,4,0.09000091684825795,0.002399781467353318
532.653897,700,23003.216484,False,1.0,1.0,1.0,0.0,26,1,0.061913016690914646,0.016360154200014326
462.412822,700,23025.336538,False,0.0,0.0,0.0,0.0,0,0,0.027798582923039383,0.003906894637686202
772.984016,700,23046.329751,False,1.0,1.0,1.0,0.0,33,5,0.09882717729777424,0.00427403458508655
786.344191,700,23086.580244,False,1.0,1.0,1.0,0.0,40,5,0.0920655169027167,0.0037206084108249997
452.727234,700,23119.500525,False,1.0,1.0,0.0,0.0,473,1,0.02117069518336212,0.002823939123551048
463.449976,700,23142.287917,False,1.0,1.0,1.0,0.0,16,8,0.05173814973433355,0.00670169861140469
370.357363,700,23162.866781,False,1.0,1.0,1.0,0.0,18,3,0.07994431024578175,0.01717499891151575
459.368218,700,23188.384718,False,0.0,0.0,0.0,0.0,0,0,0.026380978593817495,0.009191729063179908
456.015262,700,23208.436675,False,0.0,0.0,0.0,0.0,0,0,0.009631174816875032,0.016972001560084965
691.417239,700,23230.221906,False,1.0,1.0,1.0,0.0,44,4,0.07200172371727498,0.00472496463412487
480.496429,700,23261.366289,False,1.0,1.0,0.0,0.0,25,1,0.03095133176407494,0.00443013463642088
436.6663,700,23287.453446,False,0.0,0.0,0.0,0.0,0,0,0.03288883338545623,0.012294787553581535
550.346815,700,23310.066718,False,1.0,1.0,1.0,0.0,35,3,0.09590566830866076,0.014223658949177752
483.259816,700,23344.555525,False,1.0,1.0,1.0,0.0,34,4,0.06325220773978046,0.001767222686388473
441.730629,700,23374.024698,False,0.0,0.0,0.0,0.0,0,0,0.004391863668801399,0.0210131713916391
918.078115,700,23414.392541,False,1.0,1.0,1.0,0.0,22,7,0.0730498052486045,0.0017660146692321235
443.051019,700,23436.285358,False,0.0,0.0,0.0,0.0,0,0,0.004578810665695876,0.02230972879391304
623.304299,700,23456.284843,False,1.0,1.0,1.0,0.0,501,1,0.08332994782981229,0.012756305596059132
468.410051,700,23477.278214,False,0.0,0.0,0.0,0.0,0,0,0.010778397947439067,0.01274614987282042
456.842162,700,23503.779309,False,1.0,1.0,0.0,0.0,73,1,0.02436946107010385,0.015295681015143354
469.82668,700,23527.374965,False,1.0,1.0,1.0,0.0,176,3,0.09259572338027444,0.00864432534739554
468.362722,700,23553.191554,False,1.0,1.0,1.0,0.0,36,1,0.08682824155229019,0.0016925466725212065
427.837289,700,23573.66428,False,1.0,1.0,0.0,0.0,691,1,0.01777698825416474,0.008889106738761638
506.097055,700,23599.155584,False,1.0,1.0,1.0,0.0,59,2,0.07421467244359925,0.0017872572864156846
346.117985,700,23628.412248,False,1.0,1.0,1.0,0.0,48,5,0.10481735600779818,0.008731602314055512
530.908762,700,23647.39195,False,1.0,1.0,1.0,0.0,108,1,0.0681860901427993,0.01087297846356312
487.54959,700,23670.804594,False,1.0,1.0,1.0,0.0,142,5,0.063507194707356,0.005468554517928883
494.149375,700,23692.465191,False,1.0,1.0,1.0,0.0,118,2,0.10059879981551523,0.011801757026323623
394.482888,700,23710.386682,False,0.0,0.0,0.0,0.0,0,0,0.017411533312380767,0.023531331684209636
440.482431,700,23729.66078,False,1.0,1.0,0.0,0.0,18,1,0.007343824812879762,0.009663781825007567
54.479258,700,23757.70752,False,0.0,0.0,0.0,0.0,0,0,0.006500505287334701,0.024101225972050295
541.162683,700,23783.796923,False,1.0,1.0,1.0,0.0,19,10,0.07426127554201933,0.0052984488653821495
450.387742,700,23800.409065,False,1.0,1.0,0.0,0.0,103,1,0.06314508252233153,0.007936669353279404
883.423792,700,23823.645183,False,1.0,1.0,1.0,0.0,38,4,0.07035718033051963,0.002764396052146675
586.836075,700,23850.337062,False,1.0,1.0,1.0,0.0,27,3,0.07343364027289445,0.0036510380688570938
462.020878,700,23889.396288,False,1.0,1.0,0.0,0.0,43,7,0.015348821091843545,0.004944394369457642
871.089318,700,23911.916551,False,1.0,1.0,1.0,0.0,53,7,0.07911634355975794,0.0012724327055495775
683.939387,700,23936.947082,False,1.0,1.0,1.0,0.0,158,8,0.07209753069515645,0.004123560005405811
431.387686,700,23963.916913,False,0.0,0.0,0.0,0.0,0,0,0.003910561666454204,0.0354523807213536
657.259427,700,23986.806952,False,1.0,1.0,1.0,0.0,18,4,0.06345315558325915,0.017537698732060434
459.929759,700,24005.466478,False,0.0,0.0,0.0,0.0,0,0,0.019726878550686777,0.009599987906866387
97.178251,700,24036.732729,False,0.0,0.0,0.0,0.0,0,0,0.03491221605588446,0.01729870351931155
533.467234,700,24057.009509,False,1.0,1.0,1.0,0.0,29,6,0.0767273561934575,0.004026214034128104
412.524216,700,24076.28684,False,0.0,0.0,0.0,0.0,0,0,0.007583275586263261,0.005514771036123479
962.394578,700,24099.29041,False,1.0,1.0,1.0,0.0,66,1,0.08405872559415128,0.004412914447764112
321.79948,700,24132.499249,False,1.0,1.0,0.0,0.0,24,6,0.01063037024273139,0.016519230241692436
497.214604,700,24149.646031,False,1.0,1.0,1.0,0.0,17,3,0.0651203800612099,0.017206492218269826
877.961385,700,24171.487314,False,1.0,1.0,1.0,0.0,50,4,0.1053763606092899,0.0038622518797372584
869.909824,700,24198.892016,False,1.0,1.0,1.0,0.0,31,4,0.09859760272351414,0.00524486223902709
337.419848,700,24220.684483,False,1.0,1.0,1.0,0.0,49,3,0.06436400368531581,0.004879790350547676
587.540291,700,24244.441859,False,1.0,1.0,1.0,0.0,41,3,0.07809980590460763,0.000809406816931073
915.926418,700,24264.330255,False,1.0,1.0,1.0,0.0,45,3,0.06427307278228656,0.009909034609929994
942.538358,700,24292.373444,False,1.0,1.0,1.0,0.0,51,2,0.07832788090494036,0.00402196752997012
612.391731,700,24325.676076,False,1.0,1.0,1.0,0.0,130,5,0.0681987529041489,0.013413894143905808
776.559392,700,24352.324339,False,1.0,1.0,1.0,0.0,51,7,0.08040471620067047,0.008533928670336694
454.561462,700,24375.009958,False,0.0,0.0,0.0,0.0,0,0,0.008881446798807535,0.010820461826345181
624.220288,700,24395.698872,False,1.0,1.0,1.0,0.0,22,2,0.09426387003083359,0.014816027485999412
440.278678,700,24423.605784,False,1.0,1.0,0.0,0.0,307,1,0.04911181505481854,0.012462173680902059
640.195063,700,24445.954699,False,1.0,1.0,1.0,0.0,24,3,0.06817049638830441,0.012622273827606943
655.05028,700,24464.390434,False,1.0,1.0,1.0,0.0,62,1,0.11196352591256375,0.0031233135489994682
237.921004,700,24483.040406,False,1.0,1.0,1.0,0.0,29,3,0.09141563239843353,0.011646227560586211
486.980074,700,24506.809719,False,1.0,1.0,1.0,0.0,89,3,0.1007112637257278,0.013459284486892034
473.727889,700,24530.065987,False,0.0,0.0,0.0,0.0,0,0,0.014485406200809514,0.009472907227952061
86.20897,700,24555.409814,False,0.0,0.0,0.0,0.0,0,0,0.009767111543987905,0.03194088536207116
487.155874,700,24576.678306,False,1.0,1.0,1.0,0.0,155,3,0.05542636631886211,0.012720375962434076
978.930239,700,24597.895779,False,1.0,1.0,1.0,0.0,20,4,0.0865055796201486,0.0059117031041332115
334.043592,700,24627.234516,False,0.0,0.0,0.0,0.0,0,0,0.01634417069429439,0.023557461253739642
435.86755,700,24651.021568,False,1.0,1.0,0.0,0.0,26,1,0.0024130237612316474,0.026364578984920034
971.49287,700,24685.942966,False,1.0,1.0,1.0,0.0,93,1,0.08140464395030411,0.0032944223955914975
656.136549,700,24706.42715,False,1.0,1.0,1.0,0.0,46,7,0.074973090182895,0.0053920377982689515
870.068665,700,24735.409072,False,1.0,1.0,1.0,0.0,53,4,0.07411982010234364,0.005906968215935523
573.374996,700,24755.789919,False,1.0,1.0,1.0,0.0,198,1,0.07262824825846315,0.010999883008909873
659.349478,700,24773.824034,False,1.0,1.0,1.0,0.0,55,2,0.06116502560652226,0.005433919470605193
456.41005,700,24805.1179,False,0.0,0.0,0.0,0.0,0,0,0.011145904645959326,0.02922981648827015
654.856529,700,24826.315449,False,1.0,1.0,1.0,0.0,39,4,0.074109337737288,0.004806550411116988
432.294719,700,24843.65073,False,1.0,1.0,1.0,0.0,22,1,0.0638395943023855,0.009199280433488766
898.08295,700,24873.7916,False,1.0,1.0,1.0,0.0,47,2,0.07486529910211015,0.0025387561777886454
426.411787,700,24900.291486,False,0.0,0.0,0.0,0.0,0,0,0.010385488089658446,0.002164642893965067
544.348241,700,24921.223088,False,1.0,1.0,1.0,0.0,68,4,0.07784839033767965,0.006273492938923725
391.188674,700,24942.751841,False,0.0,0.0,0.0,0.0,0,0,0.008971016130186249,0.015450662168057298
519.82049,700,24971.376229,False,1.0,1.0,1.0,0.0,57,1,0.10108620216317488,0.01663612235223293
381.640164,700,24997.254008,False,1.0,1.0,1.0,0.0,27,3,0.053712730254122154,0.013790335872346791
484.926563,700,25028.648172,False,1.0,1.0,1.0,0.0,45,2,0.06972280063214631,0.010734240741676284
509.996273,700,25054.620723,False,1.0,1.0,1.0,0.0,26,1,0.07093497920928948,0.018631766738429385
889.774156,700,25078.016686,False,1.0,1.0,1.0,0.0,43,5,0.09419420691636349,0.004538804843946496
567.272798,700,25097.671979,False,1.0,1.0,1.0,0.0,177,4,0.0642709326527856,0.008467090396235062
860.410639,700,25123.411336,False,1.0,1.0,1.0,0.0,28,3,0.08817024180325894,0.0024345913535783396
332.434302,700,25145.918819,False,1.0,1.0,0.0,0.0,140,4,0.021090910802037066,0.022589637378633558
558.443526,700,25168.59268,False,1.0,1.0,1.0,0.0,42,2,0.07784359648361272,0.013066452991510737
509.210808,700,25194.607175,False,1.0,1.0,1.0,0.0,28,4,0.07092950512973262,0.008871647283018771
786.096012,700,25218.915647,False,1.0,1.0,1.0,0.0,29,2,0.0784916487719245,0.008458519500458903
326.668786,700,25250.668969,False,1.0,1.0,1.0,0.0,79,9,0.19155348243928305,0.012024244433101775
422.246177,700,25270.076237,False,0.0,0.0,0.0,0.0,0,0,0.008762559026925687,0.015573604626503208
402.553073,700,25289.890234,False,0.0,0.0,0.0,0.0,0,0,0.022631323675326054,0.0068205870051607975
483.878929,700,25317.461885,False,1.0,1.0,1.0,0.0,284,1,0.08728423621201908,0.004710051671389456
848.749534,700,25335.019375,False,1.0,1.0,1.0,0.0,15,4,0.08973793781348649,0.009972251286719103
608.255544,700,25366.52978,False,1.0,1.0,1.0,0.0,58,2,0.09006152144915203,0.006394895664948284
292.002999,700,25389.026916,False,0.0,0.0,0.0,0.0,0,0,0.006593250456619515,0.010141644140521294
832.868933,700,25411.017158,False,1.0,1.0,1.0,0.0,22,6,0.09859472091054688,0.00995231898080889
122.229022,700,25443.320799,False,0.0,0.0,0.0,0.0,0,0,0.04896346676910024,0.01671890626831628
849.019878,700,25462.430463,False,1.0,1.0,1.0,0.0,160,2,0.08262153084039547,0.00927973690433195
823.946876,700,25482.273392,False,1.0,1.0,1.0,0.0,43,5,0.07364101439328596,0.00467238892303945
353.907633,700,25501.220652,False,1.0,1.0,1.0,0.0,289,4,0.07027350857919101,0.013528547535995767
376.808625,700,25526.834167,False,1.0,1.0,0.0,0.0,353,5,0.06206008793808038,0.0204474491555652
680.841818,700,25546.489796,False,1.0,1.0,1.0,0.0,52,2,0.0676973991242894,0.0014717710914188226
360.930365,700,25567.028752,False,0.0,0.0,0.0,0.0,0,0,0.01215568468682171,0.00761864615610139
748.25056,700,25586.113327,False,1.0,1.0,1.0,0.0,184,6,0.09578015205003432,0.01037481259133827
548.624042,700,25610.082602,False,1.0,1.0,1.0,0.0,14,4,0.06604265534632914,0.002097366567924555
667.821424,700,25627.524287,False,1.0,1.0,1.0,0.0,24,3,0.08052122474127454,0.008964480163184484
805.765705,700,25651.997691,False,1.0,1.0,1.0,0.0,36,7,0.07029110983640552,0.010371064326105838
639.591502,700,25670.184147,False,1.0,1.0,1.0,0.0,34,3,0.09142927809937351,0.00410824828207617
66.771472,700,25692.466507,False,0.0,0.0,0.0,0.0,0,0,0.0053122357015783495,0.0204903197813305
396.959105,700,25721.335887,False,1.0,1.0,1.0,0.0,63,1,0.0746757532931015,0.018490248650151087
526.5126,700,25744.605916,False,1.0,1.0,1.0,0.0,24,2,0.06499501609562586,0.019416941960008476
450.328146,700,25770.341692,False,1.0,1.0,1.0,0.0,28,3,0.06431131669946644,0.017796791744733458
645.208826,700,25792.419818,False,1.0,1.0,1.0,0.0,24,6,0.06675511274022283,0.00573547827540558
436.298847,700,25816.700392,False,0.0,0.0,0.0,0.0,0,0,0.007850965237549024,0.023727263289511278
875.748193,700,25836.90385,False,1.0,1.0,1.0,0.0,32,5,0.11805811980773506,0.0017207075517308137
404.296271,700,25870.181306,False,1.0,1.0,1.0,0.0,35,2,0.06785936298402839,0.009422460755967805
365.603649,700,25900.84885,False,1.0,1.0,1.0,0.0,36,3,0.09228619245671543,0.01996034971525042
572.590575,700,25921.146354,False,1.0,1.0,1.0,0.0,13,2,0.06685043403516333,0.01806136260545447
444.546622,700,25941.409606,False,0.0,0.0,0.0,0.0,0,0,0.006642995521373041,0.019766941271479786
448.795977,700,25960.804997,False,0.0,0.0,0.0,0.0,0,0,0.012605898852638742,0.02313913698002949
851.908625,700,25984.084799,False,1.0,1.0,1.0,0.0,133,4,0.07379398153145134,0.009263077259701689
375.694554,700,26007.688872,False,1.0,1.0,0.0,0.0,37,1,0.02025923047023892,0.015161894225366122
864.457867,700,26034.120471,False,1.0,1.0,1.0,0.0,71,10,0.08101347854810903,0.0012639357049348196
402.423754,700,26051.179193,False,0.0,0.0,0.0,0.0,0,0,0.0016811055820016296,0.030946591643478596
997.239091,700,26075.234344,False,1.0,1.0,1.0,0.0,38,1,0.08456689169968612,0.013217864515448112
823.950478,700,26098.76302,False,1.0,1.0,1.0,0.0,59,11,0.08490612569511691,0.004206562636984189
449.442907,700,26124.037073,False,1.0,1.0,0.0,0.0,25,1,0.04330329226058249,0.022517794188547956
845.61581,700,26146.325894,False,1.0,1.0,1.0,0.0,56,4,0.09121049191337116,0.003403418615941803
448.580278,700,26175.288074,False,0.0,0.0,0.0,0.0,0,0,0.011632514776966363,0.012275907535376327
579.927066,700,26207.599336,False,1.0,1.0,1.0,0.0,47,1,0.08828184419439467,0.0036806765284076223
752.226983,700,26231.776928,False,1.0,1.0,1.0,0.0,25,5,0.08184047506778225,0.0025736616405385784
459.12636,700,26257.04599,False,0.0,0.0,0.0,0.0,0,0,0.015928716525104303,0.011068553480651338
407.366469,700,26278.873073,False,1.0,1.0,0.0,0.0,30,1,0.02427954269532362,0.01420881283362583
536.611546,700,26302.325626,False,1.0,1.0,1.0,0.0,31,4,0.12602575191328957,0.009602306565282463
367.037676,700,26321.422691,False,0.0,0.0,0.0,0.0,0,0,0.009139903668153648,0.03855610480941748
449.784072,700,26342.609409,False,0.0,0.0,0.0,0.0,0,0,0.0015604780894498127,0.03341084708095989
688.321918,700,26384.608696,False,1.0,1.0,1.0,0.0,27,3,0.06890052635397681,0.012547102219309735
525.713141,700,26402.785428,False,1.0,1.0,1.0,0.0,85,10,0.0887721253214857,0.0038299045863466456
599.960616,700,26421.948009,False,1.0,1.0,1.0,0.0,24,3,0.07423298431823666,0.0032491703478475884
465.851102,700,26444.296199,False,0.0,0.0,0.0,0.0,0,0,0.009028951243339911,0.014298936018365379
990.100268,700,26467.708844,False,1.0,1.0,1.0,0.0,56,2,0.08540261016305062,0.004013001908604065
461.097422,700,26485.970635,False,0.0,0.0,0.0,0.0,0,0,0.023480594558602852,0.006503683490162779
761.135742,700,26515.58441,False,1.0,1.0,1.0,0.0,12,4,0.08884243041222062,0.0019671596360050832
839.796409,700,26541.481864,False,1.0,1.0,1.0,0.0,46,5,0.08782484657405798,0.004755045620889172
899.80405,700,26561.003893,False,1.0,1.0,1.0,0.0,47,5,0.08473121430254937,0.006582196464512741
482.921672,700,26580.713534,False,1.0,1.0,1.0,0.0,37,5,0.07935325023724937,0.019595718346891607
466.974046,700,26600.76197,False,0.0,0.0,0.0,0.0,0,0,0.020569976259548484,0.01188392957616642
156.112924,700,26619.261449,False,1.0,1.0,1.0,0.0,47,3,0.059859975140371224,0.013724662923897455
894.42137,700,26640.656934,False,1.0,1.0,1.0,0.0,17,8,0.07644626820792932,0.006697513477948922
566.142669,700,26670.605536,False,1.0,1.0,1.0,0.0,545,2,0.07530418591762789,0.01152523996941713
464.972615,700,26694.294549,False,1.0,1.0,1.0,0.0,27,1,0.06776150693779426,0.00898793180823357
928.770412,700,26722.915509,False,1.0,1.0,1.0,0.0,30,5,0.06813880224942925,0.004118111893700124
940.303309,700,26751.573986,False,1.0,1.0,1.0,0.0,36,6,0.08461924365797735,0.0034463117820572654
153.394621,700,26783.290905,False,1.0,1.0,0.0,0.0,65,1,0.03369481790718665,0.002306911233252704
505.685454,700,26800.726156,False,1.0,1.0,1.0,0.0,177,2,0.059067701535314376,0.01262030697005491
457.573453,700,26832.639639,False,0.0,0.0,0.0,0.0,0,0,0.040345165330426425,0.0222932668791603
481.456262,700,26855.57835,False,1.0,1.0,0.0,0.0,323,1,0.028010209564195532,0.006079449439318716
587.892615,700,26878.866664,False,1.0,1.0,1.0,0.0,68,8,0.07997622486739386,0.005576178689914773
709.603133,700,26902.057263,False,1.0,1.0,1.0,0.0,89,4,0.10030086345050426,0.0022750424046182366
608.672524,700,26936.731787,False,1.0,1.0,1.0,0.0,41,6,0.07701524308535246,0.0026305409735397976
446.241477,700,26956.170553,False,1.0,1.0,1.0,0.0,201,1,0.06464763187339784,0.013746154783862914
860.263662,700,26983.8218,False,1.0,1.0,1.0,0.0,22,3,0.0771426149030453,0.003997657530426755
486.183546,700,27005.524119,False,0.0,0.0,0.0,0.0,0,0,0.007910668056511305,0.015090220679104217
625.636553,700,27027.215445,False,1.0,1.0,1.0,0.0,16,3,0.0762061598266881,0.004856480559261431
457.977715,700,27053.457348,False,1.0,1.0,1.0,0.0,24,1,0.060968962072330934,0.019563318244515068
845.411512,700,27077.840498,False,1.0,1.0,1.0,0.0,40,8,0.09172612950828907,0.005638760656858062
632.272506,700,27104.236208,False,1.0,1.0,1.0,0.0,232,2,0.07880487667035552,0.0030475524776836164
392.118779,700,27125.769707,False,0.0,0.0,0.0,0.0,0,0,0.0171358624796365,0.023440907548792484
664.402568,700,27153.567035,False,1.0,1.0,1.0,0.0,390,2,0.08679016912646242,0.002178942727213549
462.129413,700,27189.362648,False,0.0,0.0,0.0,0.0,0,0,0.013610406752291637,0.00500792608987902
678.234716,700,27212.566653,False,1.0,1.0,1.0,0.0,38,2,0.07412680391766391,0.0055574780816462
883.910065,700,27246.079564,False,1.0,1.0,1.0,0.0,48,5,0.07125665460187536,0.003164745361538665
857.10963,700,27265.357818,False,1.0,1.0,1.0,0.0,21,5,0.08033463364218052,0.011136875791273364
367.464045,700,27290.539917,False,1.0,1.0,1.0,0.0,59,2,0.07698321744538561,0.007702321486710802
780.842705,700,27312.461079,False,1.0,1.0,1.0,0.0,26,1,0.07614452247966907,0.006887655616187542
648.093465,700,27332.136643,False,1.0,1.0,1.0,0.0,88,2,0.06963990620558469,0.01838455975776561
443.378425,700,27355.129781,False,1.0,1.0,0.0,0.0,168,1,0.02371585596134962,0.010983068006153115
1064.082926,700,27376.094825,False,1.0,1.0,1.0,0.0,19,1,0.06766694875299506,0.0005382640809300616
1019.94118,700,27399.803861,False,1.0,1.0,1.0,0.0,28,2,0.0706686401177693,0.006148468578972365
486.638337,700,27421.973431,False,0.0,0.0,0.0,0.0,0,0,0.018514113588152026,0.005507361062895508
724.922488,700,27447.841913,False,1.0,1.0,1.0,0.0,20,9,0.08264512719096373,0.0030713377002289377
532.063537,700,27473.519597,False,1.0,1.0,1.0,0.0,173,1,0.0719689824662535,0.007997106451039508
799.260087,700,27493.551751,False,1.0,1.0,1.0,0.0,68,5,0.07732806596533437,0.014676782016776845
438.531948,700,27510.590507,False,1.0,1.0,0.0,0.0,31,2,0.03580467647676511,0.0191485913536887
748.389096,700,27532.840362,False,1.0,1.0,1.0,0.0,34,8,0.08132143444102424,0.008530335067554143
446.609353,700,27554.546224,False,0.0,0.0,0.0,0.0,0,0,0.19493097525982184,0.009627056588931187
398.296204,700,27572.553182,False,1.0,1.0,0.0,0.0,17,2,0.061397709307944526,0.025942716470787792
494.016351,700,27596.365858,False,1.0,1.0,1.0,0.0,346,1,0.0679700394471846,0.019951483680788373
664.725582,700,27617.900679,False,1.0,1.0,1.0,0.0,57,15,0.07280951565574889,0.008388133741051618
460.228102,700,27637.581219,False,1.0,1.0,1.0,0.0,109,1,0.07832653431273173,0.01154959615502058
998.613628,700,27656.876729,False,1.0,1.0,1.0,0.0,19,3,0.07920146978214793,0.006021563128132213
541.502338,700,27683.889049,False,1.0,1.0,1.0,0.0,71,5,0.07067840685501037,0.002662986898944534
447.514194,700,27702.531068,False,0.0,0.0,0.0,0.0,0,0,0.013413804117336947,0.022582106970390543
924.790759,700,27733.498065,False,1.0,1.0,1.0,0.0,21,2,0.07549663366388537,0.00922253678437812
832.714887,700,27754.69335,False,1.0,1.0,1.0,0.0,54,9,0.07775549041466379,0.0036474442812556816
472.043764,700,27777.923541,False,1.0,1.0,1.0,0.0,70,2,0.07756443565556248,0.018704657419281817
530.852127,700,27795.757724,False,1.0,1.0,1.0,0.0,30,10,0.08023641270214055,0.007151804446253426
1009.067966,700,27822.741133,False,1.0,1.0,1.0,0.0,36,3,0.08503067969608524,0.004680723314494881
518.999881,700,27840.426873,False,1.0,1.0,1.0,0.0,37,1,0.07599555246110978,0.021458122393838645
652.353338,700,27862.430748,False,1.0,1.0,1.0,0.0,145,7,0.07933301520857972,0.007125348542794256
674.510456,700,27884.366394,False,1.0,1.0,1.0,0.0,90,2,0.10313857318364761,0.007169160897613602
396.028611,700,27920.245491,False,1.0,1.0,1.0,0.0,106,3,0.08029219044234992,0.0021043249154236417
450.840796,700,27938.836614,False,1.0,1.0,0.0,0.0,17,1,0.008023034375540083,0.027613408808249387
499.635129,700,27976.886077,False,1.0,1.0,1.0,0.0,24,4,0.07582587454341139,0.011613238596182547
921.74823,700,27997.097146,False,1.0,1.0,1.0,0.0,22,3,0.0905204749709696,0.003518624814266305
495.291353,700,28030.501489,False,1.0,1.0,1.0,0.0,19,2,0.06454706484310802,0.0038492063213872107
503.461364,700,28054.24085,False,1.0,1.0,1.0,0.0,45,1,0.08376650060698199,0.005497382675951238
500.206958,700,28078.793774,False,1.0,1.0,1.0,0.0,28,4,0.05762530189806214,0.002483928715881138
226.210344,700,28117.703578,False,1.0,1.0,1.0,0.0,29,5,0.11372748036928426,0.012147881700058196
624.033153,700,28144.61327,False,1.0,1.0,1.0,0.0,48,6,0.06440238901224937,0.011742531755553013
569.099368,700,28164.368072,False,1.0,1.0,1.0,0.0,49,2,0.07795442720129353,0.0030664031508700475
685.776134,700,28192.325564,False,1.0,1.0,1.0,0.0,127,6,0.09871329352639135,0.007285729820940021
506.921798,700,28216.561272,False,1.0,1.0,1.0,0.0,28,4,0.0731259601359795,0.006137210811012518
464.373911,700,28241.909823,False,1.0,1.0,1.0,0.0,58,12,0.05936032095599786,0.0034739288587364594
460.539219,700,28271.802467,False,1.0,1.0,0.0,0.0,27,2,0.01694555323429814,0.01050302557532741
646.473355,700,28292.998009,False,1.0,1.0,1.0,0.0,30,4,0.07002472122400705,0.008976761883095832
852.706053,700,28326.840607,False,1.0,1.0,1.0,0.0,64,2,0.07587079787155271,0.00953901173757609
408.247394,700,28353.173355,False,0.0,0.0,0.0,0.0,0,0,0.00019834024822440455,0.05169584607339375
465.969352,700,28375.523892,False,1.0,1.0,1.0,0.0,80,1,0.0697119216479768,0.002720726291735006
497.841694,700,28400.009257,False,1.0,1.0,1.0,0.0,136,3,0.05403681144886696,0.0019884811645880587
578.269218,700,28422.306201,False,1.0,1.0,1.0,0.0,344,2,0.07338123975615263,0.010282888941069351
663.554338,700,28448.230734,False,1.0,1.0,1.0,0.0,30,3,0.06552349190632034,0.006471825201741535
605.099398,700,28472.235584,False,1.0,1.0,1.0,0.0,32,3,0.07590650397442611,0.006590683420141695
