#{"t_start": 1777125388.176212, "env_id": "None"}
r,l,t,success,contact_success,grasp_success,grasp_lift_success,place_success,first_grasp_step,grasp_transitions,max_height,min_dist_eef_obj
4.215335,700,35.020155,False,0.0,0.0,0.0,0.0,0,0,0.003145030909853963,0.13271879447721374
-15.557432,700,56.909048,False,0.0,0.0,0.0,0.0,0,0,4.4586888436892735e-07,0.3861647039210185
-6.265418,700,83.88116,False,0.0,0.0,0.0,0.0,0,0,5.914890904845649e-07,0.25881592069965575
-2.876497,700,110.114459,False,0.0,0.0,0.0,0.0,0,0,1.6500359523163866e-07,0.20795158578147416
-36.114555,700,149.158421,False,0.0,0.0,0.0,0.0,0,0,6.503743400498863e-07,0.4152031559848301
2.076983,700,171.624054,False,0.0,0.0,0.0,0.0,0,0,6.51871729706599e-07,0.18309341921793482
-1.906528,700,201.402386,False,0.0,0.0,0.0,0.0,0,0,7.446689803680684e-07,0.20842422283701514
-14.965288,700,229.741793,False,0.0,0.0,0.0,0.0,0,0,5.578588159194098e-07,0.420960003761783
-6.583953,700,268.825172,False,0.0,0.0,0.0,0.0,0,0,2.0192434646570945e-07,0.17505959324179712
-22.166437,700,294.152546,False,0.0,0.0,0.0,0.0,0,0,1.0616798828966267e-07,0.32420089478054864
-15.891693,700,329.00692,False,0.0,0.0,0.0,0.0,0,0,0.002675004371934797,0.1110414086164901
13.123261,700,360.730999,False,0.0,0.0,0.0,0.0,0,0,6.537176991949778e-07,0.13184388925327575
-3.837769,700,386.004034,False,0.0,0.0,0.0,0.0,0,0,6.346217962249767e-07,0.16377249356815962
3.416077,700,421.472345,False,0.0,0.0,0.0,0.0,0,0,1.462403484531194e-06,0.15082148204420395
9.949578,700,446.077298,False,0.0,0.0,0.0,0.0,0,0,4.5677269633337403e-07,0.19505235677131383
12.996348,700,475.974751,False,0.0,0.0,0.0,0.0,0,0,0.0026736261413100593,0.05015903199842043
52.89108,700,502.724442,False,0.0,0.0,0.0,0.0,0,0,0.0014863371786039137,0.028110524368087277
2.571286,700,525.579439,False,0.0,0.0,0.0,0.0,0,0,5.49223705959001e-07,0.1069817996698393
23.013688,700,557.197897,False,0.0,0.0,0.0,0.0,0,0,0.002272772634660414,0.036965976423949776
1.330249,700,586.698496,False,0.0,0.0,0.0,0.0,0,0,6.26937212588885e-07,0.19009461773858888
10.134571,700,623.870511,False,0.0,0.0,0.0,0.0,0,0,1.0492749868973306e-07,0.04676155400347899
-14.863263,700,657.248504,False,0.0,0.0,0.0,0.0,0,0,6.303131941942652e-07,0.09526077414786964
39.890641,700,685.480586,False,0.0,0.0,0.0,0.0,0,0,0.0016804926372002704,0.06649514602571324
-2.105014,700,707.382769,False,1.0,1.0,0.0,0.0,408,1,2.9466482015516604e-06,0.03035141655821157
11.299604,700,734.599657,False,0.0,0.0,0.0,0.0,0,0,6.681362740845742e-07,0.12688206517774472
21.656971,700,759.802447,False,0.0,0.0,0.0,0.0,0,0,0.0029417924276907703,0.08746204325263689
-9.35444,700,798.938913,False,0.0,0.0,0.0,0.0,0,0,0.0006318375442128099,0.11640719632022656
38.02102,700,825.113536,False,0.0,0.0,0.0,0.0,0,0,0.0018242559282352078,0.029059974080091193
-2.776942,700,858.364414,False,0.0,0.0,0.0,0.0,0,0,0.0031274089253561232,0.032390406267489125
68.866463,700,882.50929,False,0.0,0.0,0.0,0.0,0,0,0.0025875073774658253,0.05814772185943976
40.303661,700,906.388506,False,0.0,0.0,0.0,0.0,0,0,0.004568930899482071,0.09613726811113923
67.51516,700,952.763153,False,0.0,0.0,0.0,0.0,0,0,0.0018212973536188004,0.077679482963433
85.2445,700,1005.46984,False,0.0,0.0,0.0,0.0,0,0,0.005667741547792482,0.03895986644678649
47.163639,700,1028.104393,False,0.0,0.0,0.0,0.0,0,0,0.002892837433186468,0.048028014981472675
74.359336,700,1048.421779,False,0.0,0.0,0.0,0.0,0,0,0.0019479470917417308,0.04132094810230022
82.409836,700,1080.020694,False,0.0,0.0,0.0,0.0,0,0,0.02398315751518887,0.037717005197729886
85.481987,700,1107.8364,False,0.0,0.0,0.0,0.0,0,0,0.0034152752261243924,0.03499220115829581
55.507123,700,1131.083779,False,0.0,0.0,0.0,0.0,0,0,0.0029533325761571527,0.05508180100962407
72.790961,700,1159.22819,False,1.0,1.0,0.0,0.0,118,1,0.020079897335020136,0.01958975675307315
16.236174,700,1194.645664,False,0.0,0.0,0.0,0.0,0,0,1.2994134390709178e-07,0.0910210992251826
41.07306,700,1226.539929,False,0.0,0.0,0.0,0.0,0,0,0.003546534972828641,0.07022188559944315
13.136331,700,1257.836912,False,0.0,0.0,0.0,0.0,0,0,0.046132126251841266,0.006016280691776317
29.534735,700,1281.618006,False,0.0,0.0,0.0,0.0,0,0,1.248362951455917e-06,0.06889557709674445
23.563008,700,1302.826889,False,0.0,0.0,0.0,0.0,0,0,0.003745665518494423,0.0444784436425699
83.804483,700,1324.81445,False,0.0,0.0,0.0,0.0,0,0,0.06910281515154504,0.04349903972662931
80.569487,700,1351.889209,False,0.0,0.0,0.0,0.0,0,0,0.04140573320076868,0.016215204703785808
96.216342,700,1375.511675,False,0.0,0.0,0.0,0.0,0,0,0.0028699950166957144,0.04843281612611183
98.704497,700,1405.564246,False,1.0,1.0,0.0,0.0,40,1,0.014521849688095667,0.029212129824868496
46.454809,700,1435.779435,False,0.0,0.0,0.0,0.0,0,0,0.0019258010391584035,0.05537042583292435
81.183353,700,1479.854326,False,0.0,0.0,0.0,0.0,0,0,0.013980618438322656,0.038036864508130375
115.189818,700,1502.842811,False,1.0,1.0,0.0,0.0,668,2,0.004167113960567681,0.03292232522054692
67.867757,700,1532.677097,False,0.0,0.0,0.0,0.0,0,0,0.01577822929462913,0.04859208366780104
50.855413,700,1557.868545,False,0.0,0.0,0.0,0.0,0,0,0.008503378529431616,0.03982568382342982
34.003338,700,1594.698172,False,1.0,1.0,0.0,0.0,189,1,0.0026910290644337476,0.036672435863526344
144.209505,700,1625.002304,False,0.0,0.0,0.0,0.0,0,0,0.0023450843021030066,0.017314596528075682
22.692674,700,1655.858172,False,0.0,0.0,0.0,0.0,0,0,0.002699693904067435,0.04614592765210395
102.523735,700,1682.192656,False,0.0,0.0,0.0,0.0,0,0,0.00990376786264957,0.03690334608446452
28.202884,700,1710.408373,False,0.0,0.0,0.0,0.0,0,0,0.0038790924606633137,0.03592945102929374
74.297384,700,1737.282754,False,1.0,1.0,0.0,0.0,26,3,0.0024361822170972935,0.02555244478388318
96.913412,700,1763.355593,False,0.0,0.0,0.0,0.0,0,0,0.004036957165796773,0.024734574494869814
74.21608,700,1793.179835,False,0.0,0.0,0.0,0.0,0,0,0.0018422297114485398,0.03869289555492934
125.345498,700,1816.760669,False,0.0,0.0,0.0,0.0,0,0,0.009785272628050734,0.040234558724302115
137.275664,700,1841.361758,False,0.0,0.0,0.0,0.0,0,0,0.02916113453808067,0.0269708982418746
147.583125,700,1872.298815,False,0.0,0.0,0.0,0.0,0,0,0.017536716806181185,0.026402326406144715
99.975672,700,1913.520238,False,0.0,0.0,0.0,0.0,0,0,0.004498520359775271,0.032228918676468536
148.534386,700,1934.443081,False,0.0,0.0,0.0,0.0,0,0,0.0030743983129853936,0.031096874030831098
136.811417,700,1998.731414,False,1.0,1.0,0.0,0.0,218,1,0.003846694472149914,0.03340269688630164
177.177752,700,2028.555719,False,0.0,0.0,0.0,0.0,0,0,0.004267604005046111,0.00993933270426356
190.248682,700,2056.521317,False,0.0,0.0,0.0,0.0,0,0,0.07466383233993423,0.01701083673125274
105.053113,700,2082.06325,False,0.0,0.0,0.0,0.0,0,0,0.0024249588705691494,0.03894366006805867
89.356683,700,2115.372428,False,1.0,1.0,0.0,0.0,81,1,0.014518445687385806,0.03128936388139607
189.910871,700,2142.88209,False,0.0,0.0,0.0,0.0,0,0,0.12406358139681206,0.0073087937998652635
85.450382,700,2169.857898,False,0.0,0.0,0.0,0.0,0,0,0.0025522574889809135,0.04135507413629746
166.724175,700,2195.201127,False,1.0,1.0,0.0,0.0,34,1,0.020344118147093027,0.032967955110956855
89.901756,700,2219.247121,False,1.0,1.0,0.0,0.0,269,1,0.015522761236540839,0.03282373806247806
173.907743,700,2259.030597,False,1.0,1.0,0.0,0.0,98,2,0.01446338694387006,0.022316140144385856
85.334216,700,2294.170343,False,0.0,0.0,0.0,0.0,0,0,0.0013330709651661055,0.04002432960472011
179.27769,700,2321.036301,False,1.0,1.0,0.0,0.0,33,4,0.02960681803996934,0.018750797532668572
168.683717,700,2348.817128,False,1.0,1.0,0.0,0.0,38,1,0.01692575401203167,0.021920493597457433
191.292626,700,2383.218901,False,1.0,1.0,0.0,0.0,60,5,0.008616139055877547,0.013953454734160712
120.661163,700,2419.019493,False,0.0,0.0,0.0,0.0,0,0,0.0028616738030299294,0.03868730328641202
44.663519,700,2452.673445,False,0.0,0.0,0.0,0.0,0,0,0.005656822173728759,0.0352335699063817
179.89941,700,2476.78448,False,1.0,1.0,0.0,0.0,33,1,0.05132666052691692,0.026394338573391896
115.382168,700,2512.544082,False,1.0,1.0,0.0,0.0,134,2,0.001888216086094241,0.031476170084882384
206.223823,700,2548.72701,False,0.0,0.0,0.0,0.0,0,0,0.025641010996312552,0.014004319715170207
202.398837,700,2575.399898,False,0.0,0.0,0.0,0.0,0,0,0.01793276561800583,0.016453927853481144
178.610486,700,2617.190352,False,0.0,0.0,0.0,0.0,0,0,0.015759055292627666,0.024863655574877856
207.61526,700,2644.938987,False,0.0,0.0,0.0,0.0,0,0,0.00785893454556108,0.0168090820960862
178.803517,700,2669.585393,False,1.0,1.0,0.0,0.0,23,1,0.0031734248342988325,0.03676095711448488
9.765192,700,2695.766534,False,0.0,0.0,0.0,0.0,0,0,0.008776922927900332,0.0379490677740073
193.423602,700,2722.986816,False,0.0,0.0,0.0,0.0,0,0,0.015362048936848338,0.01090804438686144
231.839187,700,2761.479636,False,0.0,0.0,0.0,0.0,0,0,0.01848836362880646,0.00776511731576456
169.481402,700,2783.867629,False,0.0,0.0,0.0,0.0,0,0,0.005373989135388779,0.033170070816612544
197.238216,700,2817.105687,False,1.0,1.0,0.0,0.0,80,1,0.011729568740416862,0.030515616329481566
212.108066,700,2846.444494,False,0.0,0.0,0.0,0.0,0,0,0.011766326534309868,0.0031347911363662348
160.992762,700,2878.396289,False,1.0,1.0,1.0,0.0,39,3,0.3893811857296432,0.004191605839076402
215.022031,700,2902.944765,False,1.0,1.0,0.0,0.0,358,1,0.008998107717208992,0.024252696359470735
244.345351,700,2933.064976,False,1.0,1.0,0.0,0.0,19,1,0.019108259237347047,0.012156020340873156
238.604207,700,2973.328282,False,0.0,0.0,0.0,0.0,0,0,0.008495422150084808,0.036447476856602316
235.734105,700,3002.32343,False,1.0,1.0,1.0,0.0,83,1,0.09231926477292596,0.009282815272997713
199.547201,700,3037.956494,False,1.0,1.0,0.0,0.0,233,1,0.04517948174203967,0.03743775957566811
156.792487,700,3070.581534,False,0.0,0.0,0.0,0.0,0,0,0.006534268149526068,0.03572979901709044
80.615844,700,3103.602416,False,1.0,1.0,1.0,0.0,76,6,0.24510951391946445,0.021583697107103436
198.032969,700,3133.554771,False,1.0,1.0,0.0,0.0,384,1,0.006213310540175265,0.028843738788024143
249.346121,700,3172.560583,False,0.0,0.0,0.0,0.0,0,0,0.01859934289458598,0.008576494452928546
262.034747,700,3204.865181,False,0.0,0.0,0.0,0.0,0,0,0.012323764199761889,0.01795513118713591
175.691901,700,3227.276737,False,1.0,1.0,1.0,0.0,100,3,0.24622095968762225,0.024006633754764174
244.152293,700,3263.912007,False,1.0,1.0,0.0,0.0,339,1,0.02265357117729161,0.006046097479070432
235.674769,700,3292.644079,False,1.0,1.0,0.0,0.0,421,1,0.031799128890013906,0.003999281688653281
211.157419,700,3321.243645,False,0.0,0.0,0.0,0.0,0,0,0.012838888570378515,0.03217633010719606
246.526781,700,3361.508255,False,1.0,1.0,0.0,0.0,30,1,0.0380703496896706,0.0032174490181381245
234.467061,700,3392.555159,False,1.0,1.0,1.0,0.0,88,6,0.14421825621858864,0.023878116152932574
260.590432,700,3420.849549,False,1.0,1.0,1.0,0.0,44,6,0.10665214316983873,0.005897176373769487
258.243912,700,3451.905447,False,0.0,0.0,0.0,0.0,0,0,0.04235352441806062,0.004497791763066123
241.475727,700,3484.100721,False,1.0,1.0,1.0,0.0,111,2,0.37476520098974275,0.007487639457041064
225.750269,700,3510.737099,False,1.0,1.0,0.0,0.0,116,1,0.014853544559120246,0.033247882596517994
174.850352,700,3537.204337,False,0.0,0.0,0.0,0.0,0,0,0.002722023368876947,0.03289884631751986
45.131097,700,3598.289789,False,0.0,0.0,0.0,0.0,0,0,0.004301751056553393,0.03836314846669819
210.921321,700,3629.01852,False,1.0,1.0,0.0,0.0,220,2,0.009142229633444354,0.005731922188978822
243.396106,700,3660.124927,False,1.0,1.0,0.0,0.0,269,2,0.019151914395957093,0.0070827951082874
234.690906,700,3692.405785,False,0.0,0.0,0.0,0.0,0,0,0.012115005521075584,0.014813754871335422
160.250134,700,3714.070928,False,1.0,1.0,1.0,0.0,29,2,0.08758518901024392,0.005213907822383791
256.883621,700,3740.770989,False,0.0,0.0,0.0,0.0,0,0,0.030845660431907396,0.005277135502442762
143.709902,700,3774.022835,False,1.0,1.0,0.0,0.0,86,3,0.01897598152535851,0.008235775051080209
270.9606,700,3804.596148,False,1.0,1.0,0.0,0.0,78,3,0.021043339714004405,0.022383573193904306
265.900156,700,3838.404555,False,1.0,1.0,0.0,0.0,267,2,0.02526062635564652,0.014932523257610486
291.719345,700,3871.783763,False,1.0,1.0,0.0,0.0,220,1,0.10621493046472708,0.021550857957477215
239.646821,700,3900.379523,False,0.0,0.0,0.0,0.0,0,0,0.00840540998093875,0.028461136334140574
206.726801,700,3941.906019,False,1.0,1.0,0.0,0.0,34,1,0.018088783340208914,0.039066063934910335
31.758325,700,3967.180431,False,0.0,0.0,0.0,0.0,0,0,0.02788873627344801,0.010293110980619288
308.750433,700,3997.712046,False,0.0,0.0,0.0,0.0,0,0,0.05950453420287016,0.005946130926549648
309.676,700,4028.829149,False,0.0,0.0,0.0,0.0,0,0,0.03690098681894938,0.010115057312925805
296.417971,700,4052.227922,False,1.0,1.0,1.0,0.0,132,5,0.1468683424748506,0.00653809918580471
144.912239,700,4088.043176,False,1.0,1.0,1.0,0.0,123,1,0.1756153933846879,0.01775886590266492
143.22541,700,4124.702476,False,1.0,1.0,0.0,0.0,25,1,0.054265125920884616,0.024503981948778543
61.680284,700,4152.379942,False,1.0,1.0,1.0,0.0,51,1,0.1243522630284597,0.03136264519393364
201.801945,700,4179.810115,False,0.0,0.0,0.0,0.0,0,0,0.0035204973032910702,0.02546752795385174
328.133106,700,4222.805105,False,1.0,1.0,1.0,0.0,89,2,0.3487875732197837,0.003987914592512125
21.312902,700,4269.754958,False,0.0,0.0,0.0,0.0,0,0,0.006812543304779428,0.007309298863351353
239.726215,700,4300.509148,False,1.0,1.0,1.0,0.0,409,3,0.26421714098209315,0.008999568127176364
205.983915,700,4330.737952,False,0.0,0.0,0.0,0.0,0,0,0.07011777207347303,0.030404901523347756
195.99069,700,4355.682877,False,0.0,0.0,0.0,0.0,0,0,0.019452436253176608,0.004460351136756644
320.220403,700,4380.311848,False,1.0,1.0,0.0,0.0,108,3,0.031955389667932876,0.005255877965256086
325.369955,700,4415.180615,False,1.0,1.0,0.0,0.0,696,2,0.031083231950527423,0.002977144166682768
119.970393,700,4445.249274,False,1.0,1.0,0.0,0.0,42,1,0.031217084110439997,0.011963372729136524
324.848205,700,4474.462262,False,1.0,1.0,0.0,0.0,70,1,0.10776833450024959,0.006419471904788784
350.194136,700,4499.48034,False,1.0,1.0,1.0,0.0,154,4,0.4390755184894196,0.007070338724472514
38.259292,700,4533.843008,False,0.0,0.0,0.0,0.0,0,0,0.013698414538063641,0.026690099895295263
333.120177,700,4565.150397,False,0.0,0.0,0.0,0.0,0,0,0.038982160784460373,0.005867196889841043
120.027303,700,4603.563785,False,1.0,1.0,1.0,0.0,47,3,0.2620260043265623,0.012441175902581343
269.103401,700,4633.698791,False,1.0,1.0,0.0,0.0,194,2,0.02928064565674826,0.00796130487989854
319.130099,700,4666.455909,False,1.0,1.0,0.0,0.0,385,1,0.05391163425639034,0.005551069115231969
231.606106,700,4694.632405,False,1.0,1.0,0.0,0.0,144,1,0.020173520243432885,0.02009830124509006
178.359014,700,4729.777223,False,0.0,0.0,0.0,0.0,0,0,0.003504116471381269,0.032927762873511436
87.421574,700,4770.943001,False,0.0,0.0,0.0,0.0,0,0,0.00273071725665186,0.014509569754008949
259.811856,700,4800.117976,False,0.0,0.0,0.0,0.0,0,0,0.0029304212329607227,0.023999010203137588
253.781124,700,4834.466324,False,1.0,1.0,0.0,0.0,64,2,0.03165243265230189,0.03393143266527401
334.468665,700,4870.09154,False,1.0,1.0,0.0,0.0,39,1,0.04598134152035338,0.006013319501445207
44.486658,700,4908.635457,False,0.0,0.0,0.0,0.0,0,0,0.012759585213402591,0.03161638333823971
204.234374,700,4945.235221,False,1.0,1.0,0.0,0.0,161,1,0.05283087586844959,0.02160880209026939
373.295857,700,4969.988411,False,1.0,1.0,0.0,0.0,327,3,0.016899977481288797,0.0041766395809700214
294.035014,700,4999.389766,False,1.0,1.0,0.0,0.0,538,2,0.2982426120949454,0.004985119265060402
346.258433,700,5025.291493,False,1.0,1.0,0.0,0.0,276,1,0.02782678878172118,0.003723571588700089
202.961437,700,5055.46886,False,1.0,1.0,1.0,0.0,133,4,0.48818778367827487,0.004186302373313031
341.746796,700,5079.200669,False,1.0,1.0,0.0,0.0,39,1,0.014277912417614003,0.015123094303189847
401.921697,700,5102.994147,False,1.0,1.0,1.0,0.0,610,3,0.14219412159868383,0.007968248027717888
250.05429,700,5128.326418,False,1.0,1.0,0.0,0.0,503,1,0.008198018738355572,0.02568155983755561
338.894433,700,5156.886909,False,1.0,1.0,0.0,0.0,36,2,0.01682753257154357,0.00518147909319575
325.961186,700,5186.951509,False,0.0,0.0,0.0,0.0,0,0,0.024122565273642094,0.024883951860495412
335.013957,700,5216.629447,False,1.0,1.0,0.0,0.0,182,2,0.0600366243681979,0.01984639450358265
381.476548,700,5249.965451,False,1.0,1.0,0.0,0.0,157,3,0.08847551089630512,0.004990584071030182
312.748598,700,5291.314614,False,1.0,1.0,0.0,0.0,54,1,0.018675890522853456,0.010319816756291827
194.871993,700,5317.116014,False,1.0,1.0,0.0,0.0,32,2,0.007441165282817908,0.02835354873150719
30.010475,700,5352.232585,False,0.0,0.0,0.0,0.0,0,0,0.06802398321571823,0.03587319589472971
365.497509,700,5382.150556,False,1.0,1.0,0.0,0.0,60,4,0.03897200412209534,0.0037378967109732977
361.063262,700,5410.794973,False,1.0,1.0,0.0,0.0,8,3,0.03987727923572426,0.009074299823056426
338.238547,700,5448.141076,False,0.0,0.0,0.0,0.0,0,0,0.03750413588044532,0.004050047972709426
328.546345,700,5473.78078,False,1.0,1.0,0.0,0.0,339,1,0.028002847689168053,0.005159153697360353
169.540406,700,5503.661609,False,0.0,0.0,0.0,0.0,0,0,0.028914507020775804,0.015898279512233934
292.042412,700,5524.133876,False,1.0,1.0,0.0,0.0,17,1,0.06320458046493249,0.021291624687319616
156.092984,700,5554.478777,False,0.0,0.0,0.0,0.0,0,0,0.02239536212271087,0.012356777032558318
265.894451,700,5588.322348,False,0.0,0.0,0.0,0.0,0,0,0.03225892633832328,0.02294934928558547
256.336929,700,5611.686912,False,1.0,1.0,1.0,0.0,106,2,0.7880341758333892,0.006725203177335703
382.365153,700,5642.221549,False,1.0,1.0,1.0,0.0,105,4,0.21760525691869093,0.0036767796154977784
194.129323,700,5673.83707,False,1.0,1.0,1.0,0.0,118,2,0.05611543069425584,0.02015367005915592
359.239388,700,5707.696924,False,1.0,1.0,0.0,0.0,488,2,0.02503326218768398,0.014887836046769003
353.542483,700,5747.799675,False,1.0,1.0,0.0,0.0,139,1,0.026694019198332364,0.02578049572550615
397.696618,700,5783.887733,False,1.0,1.0,1.0,0.0,280,5,0.1500346959846791,0.018591399075203123
316.722545,700,5810.793477,False,1.0,1.0,1.0,0.0,36,3,0.11252470643074575,0.0042411241085465465
387.286686,700,5849.279299,False,0.0,0.0,0.0,0.0,0,0,0.06304838135688273,0.010522501690254971
404.616739,700,5879.462881,False,1.0,1.0,1.0,0.0,422,9,0.0861209335421863,0.00443914713795668
341.00303,700,5902.962215,False,0.0,0.0,0.0,0.0,0,0,0.01777875672994289,0.010932434149683005
83.418135,700,5936.698671,False,1.0,1.0,1.0,0.0,21,1,0.07890810357705458,0.019790991741254715
299.143435,700,5968.390516,False,1.0,1.0,0.0,0.0,39,7,0.025106184684717037,0.019484619106753556
382.175156,700,6005.132715,False,0.0,0.0,0.0,0.0,0,0,0.00929423342201463,0.030439983244431947
98.744723,700,6036.545818,False,1.0,1.0,1.0,0.0,23,3,0.08690799168020846,0.02556529775873666
421.113824,700,6065.76757,False,1.0,1.0,0.0,0.0,356,5,0.03779773514960416,0.0056310129640457455
69.318694,700,6096.182302,False,0.0,0.0,0.0,0.0,0,0,0.03503695103487203,0.02344827110742435
366.656335,700,6122.911085,False,1.0,1.0,0.0,0.0,20,1,0.019259258914932187,0.011116736941736791
412.377559,700,6147.767357,False,1.0,1.0,0.0,0.0,218,3,0.07136220569035823,0.004620835252180338
414.177946,700,6189.150289,False,1.0,1.0,0.0,0.0,93,2,0.030349527371682394,0.00417557981535435
106.087813,700,6222.651769,False,1.0,1.0,0.0,0.0,44,2,0.05012056763346395,0.024482115063484636
66.432782,700,6245.645046,False,1.0,1.0,0.0,0.0,61,1,0.01846350793454743,0.015975399066745503
135.746206,700,6279.270744,False,0.0,0.0,0.0,0.0,0,0,0.00787895962523344,0.028234192773997305
422.198275,700,6312.934518,False,0.0,0.0,0.0,0.0,0,0,0.028399832427491,0.020758759405025667
415.804024,700,6339.789153,False,1.0,1.0,0.0,0.0,28,4,0.0770197189073859,0.003332179008035733
284.717564,700,6367.177597,False,1.0,1.0,0.0,0.0,234,2,0.06190567764162391,0.005904267128877729
49.337912,700,6395.348225,False,1.0,1.0,0.0,0.0,52,1,0.013425659366393505,0.0321272363279244
360.795924,700,6420.769918,False,0.0,0.0,0.0,0.0,0,0,0.017794709746585702,0.020353384769460414
406.813716,700,6453.546131,False,1.0,1.0,0.0,0.0,454,5,0.03675858748075855,0.011911818772037818
113.900284,700,6497.066888,False,1.0,1.0,0.0,0.0,29,1,0.018490184197465176,0.01783334350405055
385.300158,700,6529.527346,False,0.0,0.0,0.0,0.0,0,0,0.0243762533851285,0.028989153043812044
413.224337,700,6573.411324,False,1.0,1.0,1.0,0.0,162,9,0.11373226985764417,0.010053760335218726
273.453054,700,6608.099561,False,1.0,1.0,1.0,0.0,57,3,0.1082977148694586,0.0028356924710282406
359.687473,700,6633.754603,False,0.0,0.0,0.0,0.0,0,0,0.03879568628512231,0.004770855160816103
445.426771,700,6665.019841,False,1.0,1.0,0.0,0.0,86,3,0.04464739575786747,0.004848431357854813
297.799313,700,6690.577686,False,1.0,1.0,0.0,0.0,165,2,0.009567102240754188,0.01954215263611459
377.260292,700,6714.030536,False,0.0,0.0,0.0,0.0,0,0,0.024825763067821027,0.017736083420267786
168.572575,700,6747.633348,False,1.0,1.0,1.0,0.0,17,2,0.1180369810194194,0.012899351920495917
212.548909,700,6774.570523,False,0.0,0.0,0.0,0.0,0,0,0.026104399271885903,0.032450055220825606
424.534754,700,6810.567943,False,0.0,0.0,0.0,0.0,0,0,0.008999736677955839,0.008317629686031537
307.189541,700,6843.304245,False,1.0,1.0,1.0,0.0,59,1,0.08474210532430737,0.02215661928513047
139.369634,700,6868.477845,False,0.0,0.0,0.0,0.0,0,0,0.01559594420361543,0.028822251487795558
363.135568,700,6906.752454,False,1.0,1.0,0.0,0.0,208,1,0.010660637457705402,0.03201432693912128
236.562734,700,6955.959462,False,0.0,0.0,0.0,0.0,0,0,0.014802484255731274,0.033749276903245834
399.257643,700,6991.497806,False,1.0,1.0,1.0,0.0,215,2,0.12523428024847116,0.006804515485668271
393.55635,700,7018.530319,False,1.0,1.0,0.0,0.0,438,1,0.0443388137422267,0.029976788926206668
398.470238,700,7052.598482,False,1.0,1.0,0.0,0.0,62,3,0.0227472449298034,0.00778096980039921
316.760394,700,7085.443152,False,1.0,1.0,0.0,0.0,89,2,0.017405609434651526,0.00496927693433243
370.921274,700,7111.932648,False,1.0,1.0,1.0,0.0,77,5,0.26030295054617747,0.005053024564184979
160.169669,700,7146.786422,False,0.0,0.0,0.0,0.0,0,0,0.00920234284914645,0.009543703199483547
271.203782,700,7182.109517,False,0.0,0.0,0.0,0.0,0,0,0.07016056835313145,0.023650573792376544
132.017666,700,7208.840934,False,0.0,0.0,0.0,0.0,0,0,0.008078344097639079,0.02920671802010029
250.801221,700,7233.8595,False,1.0,1.0,1.0,0.0,89,2,0.19652582063459945,0.008740297062126251
345.866459,700,7260.824639,False,1.0,1.0,1.0,0.0,158,8,0.11238555795528593,0.004091742618004603
445.042949,700,7287.399352,False,1.0,1.0,0.0,0.0,534,3,0.045499662499180804,0.004647721313633774
337.730787,700,7318.058607,False,1.0,1.0,1.0,0.0,361,3,0.13709039535066792,0.011880599421185278
56.112673,700,7349.361664,False,1.0,1.0,1.0,0.0,40,1,0.0815236035985526,0.027660066509070793
435.990512,700,7382.026582,False,0.0,0.0,0.0,0.0,0,0,0.01544389815153635,0.010006223496652035
412.360949,700,7407.330677,False,0.0,0.0,0.0,0.0,0,0,0.008481480796991847,0.004794879790839017
273.025712,700,7435.254682,False,0.0,0.0,0.0,0.0,0,0,0.011340212810038275,0.03515654540623561
473.57737,700,7468.440862,False,1.0,1.0,1.0,0.0,132,2,0.13552370207008058,0.007535742983637708
432.466061,700,7508.989196,False,1.0,1.0,1.0,0.0,134,4,0.2109500715864867,0.010812517705092574
229.999475,700,7540.421039,False,0.0,0.0,0.0,0.0,0,0,0.011012463615280077,0.018594032494651788
122.257118,700,7562.094457,False,0.0,0.0,0.0,0.0,0,0,0.015426180301633896,0.02010720056728861
418.874216,700,7597.991333,False,0.0,0.0,0.0,0.0,0,0,0.01293836831622408,0.012679140077392438
389.389985,700,7631.855564,False,0.0,0.0,0.0,0.0,0,0,0.03237064523561184,0.01794940121454033
276.923194,700,7670.001327,False,1.0,1.0,0.0,0.0,20,1,0.033921969780910666,0.008074226430181136
404.202639,700,7693.723115,False,1.0,1.0,1.0,0.0,179,3,0.07606741703763964,0.012641230050545602
446.979793,700,7724.120085,False,1.0,1.0,1.0,0.0,197,3,0.12059132103873726,0.00788904181587598
359.489528,700,7747.896483,False,1.0,1.0,0.0,0.0,174,2,0.03712318294219252,0.003946110875898584
404.886515,700,7776.188952,False,0.0,0.0,0.0,0.0,0,0,0.035888171866783725,0.013044763289154916
369.940588,700,7808.441685,False,0.0,0.0,0.0,0.0,0,0,0.0026707483865408,0.03853950246016832
409.788076,700,7846.888881,False,1.0,1.0,1.0,0.0,68,3,0.11149506197938197,0.0042702106825122455
213.655652,700,7880.792691,False,1.0,1.0,0.0,0.0,266,1,0.015191400653111864,0.011509546780187415
406.925444,700,7908.541302,False,0.0,0.0,0.0,0.0,0,0,0.012586844417834975,0.01142389826528415
359.169483,700,7934.775625,False,1.0,1.0,0.0,0.0,272,1,0.013840048440528663,0.014780258478061616
461.816992,700,7966.882001,False,1.0,1.0,1.0,0.0,331,5,0.17306501830203458,0.002858335822030079
449.255881,700,7991.719895,False,1.0,1.0,1.0,0.0,444,2,0.11080153433131656,0.021607903119150874
317.924648,700,8021.378185,False,1.0,1.0,1.0,0.0,133,3,0.15570005898917072,0.013183028497645266
462.022762,700,8057.262295,False,1.0,1.0,1.0,0.0,186,4,0.10591747619102809,0.0061072590807599424
306.239474,700,8099.872839,False,0.0,0.0,0.0,0.0,0,0,0.03933646193687468,0.006698677288855413
346.828756,700,8125.092576,False,1.0,1.0,1.0,0.0,40,3,0.11132462166235968,0.005990873036793079
375.886733,700,8151.045905,False,1.0,1.0,1.0,0.0,35,1,0.11122249847343468,0.0180995544245287
153.389953,700,8184.667382,False,0.0,0.0,0.0,0.0,0,0,0.005482339787706736,0.01710368539818771
454.793121,700,8212.802608,False,0.0,0.0,0.0,0.0,0,0,0.0068541831456540026,0.005562369300307165
322.317163,700,8247.664065,False,0.0,0.0,0.0,0.0,0,0,0.012439769933772715,0.019172151766930556
381.404476,700,8282.550978,False,1.0,1.0,1.0,0.0,457,1,0.09550984570988796,0.017741759854406278
449.537137,700,8310.465186,False,1.0,1.0,0.0,0.0,17,1,0.03592890607673893,0.0023026734426216822
329.887737,700,8345.705338,False,1.0,1.0,1.0,0.0,74,1,0.09123406432552428,0.004864950676977803
518.720873,700,8373.483859,False,1.0,1.0,1.0,0.0,35,8,0.12393165326792432,0.0017669160157346262
430.235486,700,8407.103975,False,0.0,0.0,0.0,0.0,0,0,0.008738720259120258,0.02012191879807859
141.238113,700,8433.653277,False,1.0,1.0,1.0,0.0,41,3,0.1779914655639876,0.021830492667987856
357.972426,700,8478.490523,False,0.0,0.0,0.0,0.0,0,0,0.0068157546292095805,0.020606145625625603
429.458289,700,8503.151484,False,1.0,1.0,0.0,0.0,531,1,0.014643777809794423,0.011213613360723452
424.483341,700,8541.581781,False,0.0,0.0,0.0,0.0,0,0,0.022206172105171507,0.022163102380878656
345.729761,700,8585.16477,False,1.0,1.0,0.0,0.0,204,1,0.030281717747400405,0.02258010413944347
503.732246,700,8612.04176,False,1.0,1.0,1.0,0.0,210,4,0.13082707207074284,0.0025622745746265397
151.436668,700,8641.719391,False,1.0,1.0,0.0,0.0,103,3,0.026565827852936263,0.017117408773701714
418.102946,700,8665.966838,False,1.0,1.0,1.0,0.0,140,7,0.08779996463252204,0.0096373071782765
420.946317,700,8694.28084,False,1.0,1.0,0.0,0.0,165,8,0.041619296680190376,0.0057662607735031145
440.893036,700,8720.733675,False,1.0,1.0,0.0,0.0,245,2,0.024620509732602103,0.010519283586125918
444.943608,700,8746.984199,False,1.0,1.0,0.0,0.0,32,3,0.021849207152314754,0.009561419775511388
425.600423,700,8778.33929,False,1.0,1.0,0.0,0.0,290,2,0.03785512544025171,0.014680453770108489
377.755173,700,8806.759268,False,0.0,0.0,0.0,0.0,0,0,0.011763914687394461,0.010372753030553428
399.117425,700,8829.81219,False,1.0,1.0,1.0,0.0,32,6,0.10717519576668555,0.008314991301538097
206.037412,700,8858.069259,False,1.0,1.0,1.0,0.0,41,2,0.07044415158421147,0.0017753388761249658
320.603651,700,8897.312533,False,0.0,0.0,0.0,0.0,0,0,0.0476163492917957,0.008726957009971304
367.028557,700,8929.2636,False,1.0,1.0,1.0,0.0,59,3,0.1061512221689519,0.01284150982078101
443.435832,700,8953.449919,False,1.0,1.0,0.0,0.0,265,4,0.05267659254347434,0.004291797931483781
413.913281,700,8979.508525,False,1.0,1.0,1.0,0.0,235,3,0.05652201918850519,0.02309554367710513
450.442064,700,9005.074587,False,1.0,1.0,0.0,0.0,190,5,0.029862249433269206,0.007324228983896122
409.76293,700,9034.485009,False,0.0,0.0,0.0,0.0,0,0,0.008488584661393572,0.019565444818132632
456.549859,700,9074.668123,False,1.0,1.0,1.0,0.0,28,3,0.060921173313685406,0.00918097868227793
418.751242,700,9101.15091,False,1.0,1.0,0.0,0.0,192,5,0.03237137210146568,0.007741548054227108
432.387478,700,9136.067639,False,1.0,1.0,1.0,0.0,58,2,0.23191713807788628,0.006200063009503528
449.004908,700,9157.124866,False,1.0,1.0,1.0,0.0,331,2,0.15984299122380086,0.01326693548623213
380.432809,700,9181.165958,False,1.0,1.0,1.0,0.0,101,1,0.10519462199839791,0.0038818474349632905
407.571573,700,9206.590624,False,1.0,1.0,0.0,0.0,696,1,0.008848697504266312,0.01589400668404852
308.525386,700,9229.694946,False,1.0,1.0,0.0,0.0,215,1,0.018339469694579114,0.01416552780460251
442.659543,700,9265.794194,False,1.0,1.0,0.0,0.0,234,1,0.027263526662656634,0.017396300933836237
470.648487,700,9300.409653,False,0.0,0.0,0.0,0.0,0,0,0.07049471989616607,0.0014285307275589095
288.43213,700,9330.908151,False,1.0,1.0,0.0,0.0,36,1,0.0055631137361363825,0.015964252575163953
412.356472,700,9369.217852,False,1.0,1.0,1.0,0.0,67,3,0.10371393839629639,0.006416792408491465
419.528346,700,9393.259616,False,0.0,0.0,0.0,0.0,0,0,0.010325064360897307,0.011240049677335877
86.59294,700,9424.100637,False,0.0,0.0,0.0,0.0,0,0,0.008859820922094253,0.03734177086702699
337.130347,700,9461.735831,False,0.0,0.0,0.0,0.0,0,0,0.05195910232377943,0.026638056432506562
333.963948,700,9490.182689,False,1.0,1.0,0.0,0.0,82,1,0.07219258048631394,0.012828737748426949
493.922478,700,9523.192889,False,1.0,1.0,1.0,0.0,366,2,0.117803839409238,0.004239421248873829
448.086767,700,9544.471405,False,0.0,0.0,0.0,0.0,0,0,0.03921947934533143,0.007924634937191581
464.832702,700,9582.200444,False,1.0,1.0,0.0,0.0,511,2,0.04799746094891466,0.005949924039879229
419.563426,700,9608.652148,False,1.0,1.0,0.0,0.0,381,1,0.026491971531336644,0.037597028010229086
431.846031,700,9639.311562,False,0.0,0.0,0.0,0.0,0,0,0.044357982221403636,0.017291960613574364
406.737606,700,9665.79817,False,1.0,1.0,0.0,0.0,658,1,0.021877078612695722,0.03073355718170211
332.626631,700,9700.921183,False,0.0,0.0,0.0,0.0,0,0,0.02343016949728005,0.009629192180853032
416.33851,700,9725.462228,False,0.0,0.0,0.0,0.0,0,0,0.011280849276032234,0.019715300071154473
211.285191,700,9751.46875,False,0.0,0.0,0.0,0.0,0,0,0.014232185149479548,0.019131075493840823
357.220098,700,9782.116327,False,1.0,1.0,1.0,0.0,188,1,0.2909853044209685,0.0073688976635096866
431.769411,700,9815.894144,False,1.0,1.0,1.0,0.0,137,5,0.09656639266053457,0.006211896084123687
430.009145,700,9847.833157,False,1.0,1.0,0.0,0.0,506,2,0.029691327914184273,0.004379486158761472
133.285101,700,9888.903371,False,0.0,0.0,0.0,0.0,0,0,0.0026598436180633733,0.04047531290370876
272.665856,700,9914.166523,False,0.0,0.0,0.0,0.0,0,0,0.007517533758404582,0.02304868702363571
297.102626,700,9936.241164,False,1.0,1.0,1.0,0.0,34,3,0.06500631852647443,0.01099203669680502
441.722963,700,9970.449249,False,0.0,0.0,0.0,0.0,0,0,0.008730669649683054,0.008292121304401935
445.298901,700,9996.925608,False,1.0,1.0,0.0,0.0,143,2,0.018104782411578313,0.020799945989023214
401.879786,700,10021.746764,False,1.0,1.0,0.0,0.0,172,4,0.015650335280346317,0.014527036589377486
421.57736,700,10047.692763,False,1.0,1.0,1.0,0.0,89,1,0.11623013194738707,0.0024330945719702067
451.339132,700,10075.343323,False,1.0,1.0,0.0,0.0,508,1,0.02764180557029383,0.0074336348400104975
95.912297,700,10101.407682,False,1.0,1.0,0.0,0.0,54,2,0.01708042556480871,0.026142249718079793
208.605967,700,10143.763563,False,1.0,1.0,0.0,0.0,22,1,0.03137799523438867,0.006409601730266209
367.281944,700,10166.324584,False,0.0,0.0,0.0,0.0,0,0,0.20857521407718038,0.017281496866894494
396.023235,700,10216.138301,False,1.0,1.0,1.0,0.0,75,3,0.1625942228516809,0.01025077932763094
338.686858,700,10240.817394,False,1.0,1.0,1.0,0.0,33,3,0.09822406453510746,0.013899057618261726
394.062067,700,10268.940325,False,1.0,1.0,0.0,0.0,341,1,0.031160750319975228,0.027508479698193675
379.774574,700,10294.024216,False,1.0,1.0,1.0,0.0,76,4,0.13526573029565303,0.001074058785907192
420.296001,700,10325.437113,False,1.0,1.0,0.0,0.0,289,3,0.010046819809279683,0.012559956291343967
410.337633,700,10360.844383,False,0.0,0.0,0.0,0.0,0,0,0.027438015886904976,0.011681898846848735
259.080388,700,10390.698053,False,0.0,0.0,0.0,0.0,0,0,0.01766842133210844,0.006617312908851541
456.305307,700,10419.310317,False,0.0,0.0,0.0,0.0,0,0,0.0318095564482892,0.009009843849457569
422.247691,700,10452.312177,False,1.0,1.0,1.0,0.0,13,11,0.15754844412955338,0.0017637879666317473
437.660666,700,10473.385187,False,1.0,1.0,1.0,0.0,32,4,0.10365295143124265,0.004969383090766429
458.26901,700,10499.180053,False,1.0,1.0,0.0,0.0,97,1,0.03262128395522923,0.019442374335363468
397.544884,700,10523.697589,False,1.0,1.0,1.0,0.0,217,1,0.05648496910299705,0.015279664871375958
416.530792,700,10551.110873,False,0.0,0.0,0.0,0.0,0,0,0.00984902166558721,0.012772081957890138
484.935317,700,10573.937855,False,1.0,1.0,0.0,0.0,15,1,0.015348391780879767,0.003649577416532003
448.697434,700,10605.597001,False,0.0,0.0,0.0,0.0,0,0,0.014808029560584135,0.0132948081901256
166.545532,700,10643.102675,False,0.0,0.0,0.0,0.0,0,0,0.005530539933762735,0.023381889689238794
450.461722,700,10667.405333,False,1.0,1.0,1.0,0.0,150,4,0.15732012079903035,0.009710798888784924
448.786671,700,10696.427999,False,1.0,1.0,1.0,0.0,220,4,0.07620478756067073,0.006851360329166227
443.485473,700,10720.35097,False,0.0,0.0,0.0,0.0,0,0,0.014965984026888979,0.01092202314308129
447.269937,700,10745.366521,False,1.0,1.0,1.0,0.0,32,15,0.12634258166550272,0.0020485714731842755
127.9958,700,10771.033686,False,0.0,0.0,0.0,0.0,0,0,0.014308074543595062,0.014306883279909815
431.661466,700,10795.21886,False,1.0,1.0,0.0,0.0,110,2,0.04896215402834003,0.009742924899430287
396.240373,700,10812.261998,False,1.0,1.0,0.0,0.0,165,1,0.04849181226959132,0.005838906050418346
407.301421,700,10847.211176,False,0.0,0.0,0.0,0.0,0,0,0.0023371627031006925,0.031697798530322376
428.703577,700,10864.744131,False,0.0,0.0,0.0,0.0,0,0,0.003320444274085066,0.030851947120724855
323.762384,700,10890.509957,False,1.0,1.0,1.0,0.0,13,1,0.14170866958740747,0.022095685757354242
486.890137,700,10918.388123,False,1.0,1.0,1.0,0.0,170,1,0.13744773003404442,0.0010136525237129737
234.439976,700,10944.290086,False,0.0,0.0,0.0,0.0,0,0,0.007548047018303805,0.01817067957029125
194.216553,700,10965.027609,False,0.0,0.0,0.0,0.0,0,0,0.0081618851257923,0.027552339767551493
428.496958,700,10985.788651,False,0.0,0.0,0.0,0.0,0,0,0.023439242275221095,0.015038009784804945
445.895681,700,11017.275462,False,0.0,0.0,0.0,0.0,0,0,0.016266238345489237,0.006762186925401376
437.535303,700,11032.537846,False,1.0,1.0,0.0,0.0,613,2,0.007529298099048787,0.008541562554785597
412.328929,700,11059.698124,False,1.0,1.0,0.0,0.0,69,1,0.047290017286216623,0.019038650699794255
429.681737,700,11093.836674,False,1.0,1.0,0.0,0.0,453,1,0.005199527019986827,0.01954684785066262
457.062342,700,11123.532203,False,0.0,0.0,0.0,0.0,0,0,0.025435327842678324,0.010950398593262474
324.880731,700,11146.074642,False,1.0,1.0,1.0,0.0,81,2,0.5918485276451415,0.003398516843593883
446.611999,700,11163.169645,False,0.0,0.0,0.0,0.0,0,0,0.014327162887164624,0.015113034782323809
431.503475,700,11190.119609,False,1.0,1.0,1.0,0.0,54,1,0.18237739179873236,0.007728996738297427
340.776966,700,11211.731516,False,0.0,0.0,0.0,0.0,0,0,0.023183279512365096,0.009296007003353089
489.108555,700,11233.546566,False,1.0,1.0,1.0,0.0,637,1,0.10799089723392241,0.007543076384338157
452.078551,700,11253.546375,False,0.0,0.0,0.0,0.0,0,0,0.02214517111383507,0.005573474080211937
459.516895,700,11283.637048,False,0.0,0.0,0.0,0.0,0,0,0.0550276901243999,0.00489040317368247
432.819051,700,11302.639257,False,0.0,0.0,0.0,0.0,0,0,0.011327355626558955,0.016870573776211782
401.118909,700,11319.828954,False,1.0,1.0,1.0,0.0,99,1,0.09406455333462804,0.01049388938129812
258.077999,700,11340.633935,False,0.0,0.0,0.0,0.0,0,0,0.01926526364221215,0.01973201296501173
411.24562,700,11358.667004,False,1.0,1.0,1.0,0.0,24,2,0.10035389392479876,0.01989236208856321
377.262167,700,11393.493427,False,1.0,1.0,1.0,0.0,86,2,0.1613456277205615,0.003441024682022145
460.02363,700,11414.14878,False,1.0,1.0,0.0,0.0,39,1,0.03152595277691983,0.0018225727495503612
438.306657,700,11447.710195,False,0.0,0.0,0.0,0.0,0,0,0.03365686766789344,0.019971592950312166
476.932189,700,11468.243269,False,1.0,1.0,1.0,0.0,540,1,0.14595904831481765,0.004360479562237076
521.22573,700,11487.43384,False,1.0,1.0,1.0,0.0,441,5,0.13957199944443577,0.005198429627104658
452.349109,700,11512.967098,False,0.0,0.0,0.0,0.0,0,0,0.03984863302897146,0.009513376847541347
136.904923,700,11534.681202,False,0.0,0.0,0.0,0.0,0,0,0.025890493847450347,0.004741892832933184
259.725196,700,11554.556485,False,0.0,0.0,0.0,0.0,0,0,0.017414215342168027,0.005899086128518517
446.260767,700,11574.224779,False,1.0,1.0,0.0,0.0,44,1,0.03094453542728859,0.008988746792548812
447.655992,700,11596.921698,False,0.0,0.0,0.0,0.0,0,0,0.0158372924633704,0.005356876413262719
149.598509,700,11621.275862,False,0.0,0.0,0.0,0.0,0,0,0.01105178765988657,0.025370346182377
454.019487,700,11650.733904,False,0.0,0.0,0.0,0.0,0,0,0.026830916784275627,0.0093168965674768
462.906547,700,11670.225029,False,0.0,0.0,0.0,0.0,0,0,0.0471678750822887,0.004938731124620743
443.821384,700,11688.992234,False,1.0,1.0,1.0,0.0,317,1,0.13443726517168275,0.012081425181370663
423.798298,700,11710.825738,False,0.0,0.0,0.0,0.0,0,0,0.010582696060059349,0.017713630140802787
431.827361,700,11726.78079,False,1.0,1.0,0.0,0.0,533,3,0.03635504391417432,0.017971143224691344
481.20147,700,11753.239687,False,1.0,1.0,1.0,0.0,229,7,0.11852211188434392,0.007439358910817696
403.957648,700,11773.439893,False,0.0,0.0,0.0,0.0,0,0,0.014162963669399842,0.012860734623053054
452.569331,700,11795.277201,False,1.0,1.0,1.0,0.0,224,6,0.08602924082291896,0.0057472943092522905
458.638494,700,11812.364658,False,0.0,0.0,0.0,0.0,0,0,0.01626643672513961,0.00945552506406843
453.609278,700,11829.601959,False,0.0,0.0,0.0,0.0,0,0,0.01157752576855664,0.004579246198463803
411.574164,700,11846.896554,False,1.0,1.0,0.0,0.0,171,4,0.038392729750933885,0.010823227646315632
365.220564,700,11870.371013,False,0.0,0.0,0.0,0.0,0,0,0.0009180554333260149,0.040118886178684074
422.375159,700,11904.460916,False,0.0,0.0,0.0,0.0,0,0,0.021911285822019844,0.008553010615328796
413.503828,700,11928.413426,False,1.0,1.0,1.0,0.0,50,4,0.4740248315328148,0.012819998504089812
438.021167,700,11947.171664,False,0.0,0.0,0.0,0.0,0,0,0.03246947170467651,0.022019107269952053
449.166601,700,11970.84469,False,0.0,0.0,0.0,0.0,0,0,0.0744806456910645,0.009729792546540526
415.216278,700,12006.180089,False,0.0,0.0,0.0,0.0,0,0,0.028192631842959948,0.02088291216018253
427.216894,700,12027.792655,False,1.0,1.0,0.0,0.0,271,3,0.013818202759975584,0.021992233535898402
454.443877,700,12051.664895,False,1.0,1.0,0.0,0.0,104,3,0.05737026124825584,0.00796143188175177
179.427787,700,12080.323766,False,0.0,0.0,0.0,0.0,0,0,0.026089851522679508,0.0027834192531638957
463.63051,700,12097.680211,False,1.0,1.0,1.0,0.0,100,4,0.1054968332054309,0.009564402907043483
406.580033,700,12124.540643,False,1.0,1.0,1.0,0.0,83,5,0.09676446244007875,0.011332026004632952
443.001758,700,12156.106338,False,1.0,1.0,0.0,0.0,149,1,0.016956696691768247,0.01937298029874722
404.842077,700,12178.87174,False,0.0,0.0,0.0,0.0,0,0,0.009143384647558261,0.007043862163891202
298.103073,700,12202.776616,False,0.0,0.0,0.0,0.0,0,0,0.009914686692530594,0.0091766772415303
234.98101,700,12224.219118,False,1.0,1.0,0.0,0.0,31,1,0.013319581846777506,0.0075013657294229225
64.276809,700,12250.02233,False,1.0,1.0,0.0,0.0,32,1,0.015377800022200128,0.029166655150808428
438.984859,700,12284.941723,False,0.0,0.0,0.0,0.0,0,0,0.004316485203678777,0.009693797817305862
434.362862,700,12306.572377,False,1.0,1.0,0.0,0.0,290,6,0.006648948628545148,0.008783158464957247
362.019243,700,12334.431555,False,0.0,0.0,0.0,0.0,0,0,0.02385547426736745,0.02372084048828812
184.790994,700,12357.270601,False,1.0,1.0,1.0,0.0,41,10,0.14567535161279865,0.0050465301994571
461.849568,700,12375.824488,False,1.0,1.0,0.0,0.0,27,2,0.026414292108935866,0.006910336208503381
405.984128,700,12403.153932,False,1.0,1.0,0.0,0.0,32,1,0.044604332396463775,0.006803231234498862
432.442888,700,12434.537588,False,0.0,0.0,0.0,0.0,0,0,0.02906249196186972,0.01402068480399256
173.065788,700,12453.836386,False,1.0,1.0,1.0,0.0,51,2,0.1256203085146531,0.0055194853798098435
310.749105,700,12483.630084,False,1.0,1.0,0.0,0.0,174,2,0.04419702595878938,0.006339753083533032
324.37002,700,12509.881475,False,0.0,0.0,0.0,0.0,0,0,0.011582613755836912,0.0052625946269485545
559.302189,700,12531.843019,False,1.0,1.0,1.0,0.0,340,2,0.13881541426824962,0.0012096734843146592
491.27234,700,12559.650125,False,1.0,1.0,1.0,0.0,634,2,0.09919709237346286,0.007890990194565302
431.535397,700,12585.05604,False,1.0,1.0,1.0,0.0,550,1,0.16269134248343242,0.011859477473894403
449.259961,700,12614.473377,False,1.0,1.0,0.0,0.0,687,2,0.045069062642173696,0.007480820833987947
453.334201,700,12639.0677,False,1.0,1.0,1.0,0.0,32,1,0.11818046427502238,0.0016641332749616185
473.020844,700,12664.701942,False,1.0,1.0,0.0,0.0,28,1,0.03261037357640795,0.002094478219158423
477.496461,700,12686.451286,False,1.0,1.0,1.0,0.0,232,6,0.10995508365564,0.0030203872687405956
297.264958,700,12706.567183,False,1.0,1.0,0.0,0.0,9,4,0.01966796082982558,0.011676288195273683
440.323117,700,12732.347513,False,1.0,1.0,0.0,0.0,111,1,0.01147764311078081,0.013106443519123613
415.668639,700,12751.009705,False,1.0,1.0,1.0,0.0,65,1,0.1542729549298928,0.0028578730254443974
451.393372,700,12775.290212,False,0.0,0.0,0.0,0.0,0,0,0.03215432964316445,0.007143994478147777
414.474664,700,12799.180994,False,1.0,1.0,1.0,0.0,39,4,0.15387539691356522,0.008504828226451511
434.37116,700,12818.671009,False,0.0,0.0,0.0,0.0,0,0,0.01895295977306699,0.013374521533577235
430.029674,700,12847.305017,False,1.0,1.0,0.0,0.0,533,1,0.011295251619505398,0.012206349445097561
481.467467,700,12873.999804,False,1.0,1.0,1.0,0.0,66,1,0.08306964257060889,0.0020776263067594117
468.538854,700,12897.280024,False,1.0,1.0,1.0,0.0,274,1,0.10763068892031669,0.0038339870520629556
367.591734,700,12923.977143,False,0.0,0.0,0.0,0.0,0,0,0.06164659328645705,0.011384081819770993
276.195408,700,12942.572634,False,1.0,1.0,1.0,0.0,88,4,0.16011633979312256,0.005916161602307026
435.371748,700,12961.532397,False,1.0,1.0,1.0,0.0,413,1,0.12079590683119934,0.005560922750278488
469.535319,700,12985.155539,False,0.0,0.0,0.0,0.0,0,0,0.016089298955769826,0.004069353957207432
439.282246,700,13003.031921,False,0.0,0.0,0.0,0.0,0,0,0.006304042685897127,0.013940987300185686
435.447091,700,13025.001563,False,0.0,0.0,0.0,0.0,0,0,0.002544731452841509,0.019275860488915806
427.07817,700,13046.652889,False,0.0,0.0,0.0,0.0,0,0,0.033828049854161435,0.009186228227655208
421.108441,700,13067.606074,False,0.0,0.0,0.0,0.0,0,0,0.0039025453066068305,0.030342684052108635
527.862606,700,13088.963818,False,1.0,1.0,1.0,0.0,34,2,0.08667696600532993,0.0037990890210130917
92.102361,700,13117.35032,False,0.0,0.0,0.0,0.0,0,0,0.018124137255566497,0.01629298048929832
455.516702,700,13141.851601,False,0.0,0.0,0.0,0.0,0,0,0.02234660693995394,0.012378101726471647
330.447,700,13179.965587,False,1.0,1.0,1.0,0.0,18,4,0.07799317747012957,0.010655338442590897
520.72043,700,13204.175033,False,1.0,1.0,1.0,0.0,131,5,0.14901923013627638,0.0014859350757030186
55.450282,700,13242.795235,False,0.0,0.0,0.0,0.0,0,0,0.007850211730989987,0.016666525094916555
382.879202,700,13270.346873,False,1.0,1.0,0.0,0.0,30,2,0.012869449329863225,0.006052360892207291
444.783309,700,13301.037969,False,0.0,0.0,0.0,0.0,0,0,0.013890146044192586,0.017922324890131913
469.938331,700,13321.143475,False,1.0,1.0,1.0,0.0,17,2,0.08254510318529695,0.014467938637862889
457.287015,700,13340.937744,False,1.0,1.0,0.0,0.0,69,1,0.020205898998003513,0.005337327461282556
199.822806,700,13368.409238,False,1.0,1.0,0.0,0.0,22,1,0.06712700360565227,0.009051858402185788
405.259635,700,13387.3656,False,0.0,0.0,0.0,0.0,0,0,0.02759691566417355,0.016030739104261425
389.173982,700,13409.475305,False,1.0,1.0,1.0,0.0,71,2,0.14882851579553324,0.004505513592354912
393.608714,700,13438.111851,False,0.0,0.0,0.0,0.0,0,0,0.009310194277924677,0.027397887156930204
131.717943,700,13468.512323,False,1.0,1.0,1.0,0.0,79,1,0.12419116167980992,0.01839246833552614
351.411185,700,13496.660824,False,1.0,1.0,1.0,0.0,38,1,0.0803632178119571,0.009109063873658625
451.784392,700,13515.428576,False,1.0,1.0,1.0,0.0,199,7,0.06050636386222452,0.00910176166908973
378.129991,700,13542.29203,False,1.0,1.0,0.0,0.0,174,3,0.013048834572972678,0.022571900395119887
469.653732,700,13563.216771,False,1.0,1.0,1.0,0.0,15,3,0.13230514188746567,0.005318600615665394
217.066478,700,13588.479541,False,0.0,0.0,0.0,0.0,0,0,0.021489290292946217,0.005580476127084499
444.14103,700,13610.028126,False,1.0,1.0,1.0,0.0,37,1,0.10319775452120583,0.01483748596657565
482.437418,700,13630.133934,False,1.0,1.0,1.0,0.0,48,1,0.1345781229726417,0.00742525567347726
441.278502,700,13655.709732,False,1.0,1.0,1.0,0.0,60,4,0.12058706025268973,0.009324967733168158
510.359467,700,13676.938201,False,1.0,1.0,1.0,0.0,135,5,0.12519083349901183,0.0015471748236473288
392.539564,700,13702.00899,False,0.0,0.0,0.0,0.0,0,0,0.006819307169214528,0.04271232370907478
461.999611,700,13722.587557,False,1.0,1.0,0.0,0.0,371,4,0.029449869128927553,0.008325153121562972
390.6855,700,13750.124727,False,0.0,0.0,0.0,0.0,0,0,0.03188866680678548,0.014944794693081688
488.149111,700,13773.519931,False,1.0,1.0,0.0,0.0,630,1,0.03780221335674683,0.00687166695943216
412.405141,700,13796.3205,False,0.0,0.0,0.0,0.0,0,0,0.026869631629401813,0.015881948655762947
446.423135,700,13821.580236,False,1.0,1.0,0.0,0.0,685,1,0.01523776169279445,0.018398232292227343
434.895477,700,13847.559354,False,1.0,1.0,0.0,0.0,26,1,0.025112706218209158,0.014060406064285809
324.047135,700,13870.786916,False,0.0,0.0,0.0,0.0,0,0,0.020339655426383718,0.02293350673277007
472.138694,700,13889.249892,False,1.0,1.0,1.0,0.0,56,5,0.1437004510717531,0.009378798900238976
434.438042,700,13915.745009,False,1.0,1.0,1.0,0.0,69,3,0.1597501974962675,0.0016641678846904776
406.160997,700,13951.663194,False,0.0,0.0,0.0,0.0,0,0,0.030118974175441737,0.012229119904413197
450.996761,700,13976.648704,False,1.0,1.0,1.0,0.0,26,16,0.09666157216539739,0.003548503535404953
481.89784,700,13998.148647,False,1.0,1.0,1.0,0.0,611,6,0.15754864196596352,0.0039022485177923373
353.413576,700,14024.432744,False,0.0,0.0,0.0,0.0,0,0,0.021017963997808642,0.02583916629006508
273.538639,700,14060.768869,False,1.0,1.0,1.0,0.0,192,1,0.14162027083078332,0.009415600246725634
414.365611,700,14083.413034,False,0.0,0.0,0.0,0.0,0,0,0.027784292019448986,0.021394083330764865
414.980155,700,14102.800182,False,0.0,0.0,0.0,0.0,0,0,0.019256544579689505,0.015225058895158284
430.210333,700,14121.0392,False,1.0,1.0,1.0,0.0,81,3,0.10566232424977551,0.0008675360768802948
491.844224,700,14144.709531,False,1.0,1.0,1.0,0.0,237,6,0.1514846416130664,0.0029109405822203673
437.406757,700,14165.821656,False,0.0,0.0,0.0,0.0,0,0,0.008021773072980465,0.003384185686680772
442.505724,700,14192.206608,False,0.0,0.0,0.0,0.0,0,0,0.024183485149732342,0.009808770799542083
492.453022,700,14214.096748,False,1.0,1.0,1.0,0.0,193,3,0.08415975308917722,0.004472509935079615
426.892691,700,14239.640366,False,1.0,1.0,1.0,0.0,233,3,0.14465955226763139,0.0035283980009185277
365.09889,700,14267.130655,False,0.0,0.0,0.0,0.0,0,0,0.0078476422198277,0.012554169900416886
372.4044,700,14288.722994,False,1.0,1.0,1.0,0.0,17,4,0.07140887094525639,0.010650993904245069
438.631604,700,14311.362446,False,0.0,0.0,0.0,0.0,0,0,0.059482576695274014,0.007853159756209574
427.737254,700,14338.465128,False,0.0,0.0,0.0,0.0,0,0,0.019068282610562703,0.009108452562960773
470.103641,700,14359.077954,False,1.0,1.0,0.0,0.0,89,4,0.019169101272813904,0.00245880339075376
427.53727,700,14385.929944,False,0.0,0.0,0.0,0.0,0,0,0.026870481672013113,0.008954936051153896
418.547476,700,14408.398039,False,1.0,1.0,0.0,0.0,104,2,0.02834377202021987,0.016993258692761668
469.909982,700,14429.317793,False,0.0,0.0,0.0,0.0,0,0,0.015515216270400312,0.006797617101982896
469.272472,700,14449.684745,False,1.0,1.0,1.0,0.0,256,5,0.2291996795628547,0.0018548455439349324
419.353471,700,14474.128125,False,1.0,1.0,0.0,0.0,473,1,0.03199549255744605,0.01881983337088359
453.154835,700,14497.943019,False,0.0,0.0,0.0,0.0,0,0,0.037046707971983284,0.01864821222913062
397.391816,700,14525.21055,False,1.0,1.0,1.0,0.0,16,3,0.0932463135535414,0.00520435719062619
424.311845,700,14547.228226,False,0.0,0.0,0.0,0.0,0,0,0.02142386494991433,0.021687762683615733
561.521261,700,14569.660764,False,1.0,1.0,1.0,0.0,225,1,0.1258063432251172,0.002101720024310012
356.037051,700,14591.095956,False,0.0,0.0,0.0,0.0,0,0,0.03880325881271218,0.012479289277970814
324.090609,700,14616.803206,False,0.0,0.0,0.0,0.0,0,0,0.011497849458483311,0.010150185404636629
430.00827,700,14641.829674,False,1.0,1.0,0.0,0.0,107,1,0.04580631622902054,0.011256722933714509
377.197863,700,14671.972368,False,1.0,1.0,1.0,0.0,158,9,0.1097867706520248,0.009251316162197338
434.250347,700,14697.193072,False,1.0,1.0,0.0,0.0,46,5,0.02801700201174473,0.004542217035058219
551.790239,700,14728.087751,False,1.0,1.0,0.0,0.0,469,3,0.05105296049950858,0.00310650350706322
463.876203,700,14749.268198,False,1.0,1.0,0.0,0.0,239,5,0.04886471706934281,0.009241826052307485
303.121951,700,14772.44728,False,0.0,0.0,0.0,0.0,0,0,0.012354029607164918,0.005453463140090523
420.316339,700,14795.398424,False,1.0,1.0,1.0,0.0,529,4,0.10610404227658277,0.02508235370660291
309.486812,700,14828.81877,False,1.0,1.0,0.0,0.0,188,1,0.023782785712902044,0.010477820722485263
271.607953,700,14887.360473,False,1.0,1.0,1.0,0.0,54,6,0.07320775890415743,0.003291317687687746
231.153903,700,14916.663938,False,0.0,0.0,0.0,0.0,0,0,0.019395177908073546,0.009734501304877534
355.639613,700,14940.331715,False,1.0,1.0,1.0,0.0,27,7,0.1663357178408844,0.005986769847277535
406.874064,700,14971.339406,False,1.0,1.0,1.0,0.0,44,4,0.0673591724884054,0.001587884527123141
446.419405,700,14992.644536,False,0.0,0.0,0.0,0.0,0,0,0.009077910665609923,0.004659617269754438
400.692286,700,15016.238345,False,1.0,1.0,1.0,0.0,38,7,0.07784220827794408,0.00320747193962463
454.308582,700,15038.796059,False,1.0,1.0,0.0,0.0,14,3,0.02183738065096985,0.002586501503668071
376.900543,700,15057.363841,False,0.0,0.0,0.0,0.0,0,0,0.04367907045814823,0.002686745987008703
466.729095,700,15082.060067,False,1.0,1.0,0.0,0.0,640,1,0.03804506926427831,0.009415100938321394
421.969678,700,15117.833877,False,1.0,1.0,0.0,0.0,47,3,0.04407348622424179,0.005712018751046611
442.335177,700,15146.568079,False,1.0,1.0,0.0,0.0,67,1,0.03355882006685007,0.007559046535144298
527.968663,700,15177.210873,False,1.0,1.0,1.0,0.0,59,12,0.1611521083565618,0.004681367898129809
475.159669,700,15203.537794,False,1.0,1.0,0.0,0.0,517,3,0.07127097591566833,0.0025554126930635883
490.109875,700,15239.579121,False,1.0,1.0,1.0,0.0,104,3,0.06238495750066786,0.003249373377900804
459.566122,700,15261.223943,False,1.0,1.0,0.0,0.0,51,2,0.027309298969657725,0.005682296386215315
402.786313,700,15286.006434,False,0.0,0.0,0.0,0.0,0,0,0.015454291956564448,0.022839685947532048
288.169225,700,15321.495813,False,0.0,0.0,0.0,0.0,0,0,0.011768376166908734,0.024187854317169445
445.248839,700,15343.14533,False,1.0,1.0,1.0,0.0,62,11,0.13533849317996194,0.00361916375839552
55.557494,700,15369.311123,False,0.0,0.0,0.0,0.0,0,0,0.02557310741548202,0.03395709479351153
420.336286,700,15395.988471,False,0.0,0.0,0.0,0.0,0,0,0.009651226366170995,0.027793633471587798
287.553031,700,15417.11196,False,0.0,0.0,0.0,0.0,0,0,0.03390760873299914,0.026593738426282643
559.193956,700,15437.991513,False,1.0,1.0,1.0,0.0,324,3,0.1008260473468493,0.004386368230914988
479.301571,700,15459.099395,False,1.0,1.0,1.0,0.0,64,4,0.07541023753447307,0.002012709141284918
469.880996,700,15480.578558,False,1.0,1.0,1.0,0.0,79,4,0.05179887463356392,0.008547862810265861
445.967766,700,15501.603022,False,1.0,1.0,0.0,0.0,59,1,0.013969831717294046,0.00240009042004449
544.58466,700,15522.567214,False,1.0,1.0,1.0,0.0,213,11,0.06144122540082109,0.0035719239932258833
440.762568,700,15545.590032,False,1.0,1.0,1.0,0.0,103,1,0.06884673752263837,0.008837989133699093
369.302129,700,15568.456682,False,1.0,1.0,1.0,0.0,24,3,0.07570863867027999,0.0033691843666881585
217.809908,700,15596.766443,False,1.0,1.0,0.0,0.0,33,2,0.018002646058136063,0.00456391318206207
312.414726,700,15617.680624,False,0.0,0.0,0.0,0.0,0,0,0.01646913659444338,0.008904775766069269
470.899628,700,15642.105564,False,1.0,1.0,0.0,0.0,129,3,0.026319282568086244,0.004818178044227773
201.22648,700,15664.828142,False,0.0,0.0,0.0,0.0,0,0,0.027792321642328144,0.025775112569730887
442.863483,700,15687.788286,False,0.0,0.0,0.0,0.0,0,0,0.026980321082444858,0.0077458978488503675
424.078225,700,15708.693606,False,1.0,1.0,1.0,0.0,113,1,0.0871018363451821,0.021471926651385666
457.771121,700,15727.584475,False,1.0,1.0,1.0,0.0,80,3,0.14658932786883982,0.011471306452835199
683.567746,700,15747.705844,False,1.0,1.0,1.0,0.0,116,11,0.11191654891657932,0.0007954439624401344
534.080061,700,15774.067208,False,1.0,1.0,1.0,0.0,17,12,0.08649001899130637,0.002721712263314475
456.689168,700,15798.583974,False,1.0,1.0,0.0,0.0,19,1,0.015396720656804308,0.012510235560877945
388.160338,700,15820.154913,False,1.0,1.0,1.0,0.0,77,7,0.10978424488106708,0.004781987863805343
521.974441,700,15839.950748,False,1.0,1.0,1.0,0.0,58,7,0.0856422268932302,0.004733386126573944
182.249852,700,15864.206074,False,0.0,0.0,0.0,0.0,0,0,0.019872028699344457,0.02545371842680366
474.486395,700,15893.944115,False,1.0,1.0,1.0,0.0,141,6,0.12690248488573064,0.00431036046170456
604.854367,700,15915.485814,False,1.0,1.0,1.0,0.0,55,6,0.08685209420033468,0.004624109554643803
414.319694,700,15936.539089,False,1.0,1.0,1.0,0.0,42,1,0.062353762203821494,0.004336487960612693
458.695104,700,15968.441177,False,1.0,1.0,0.0,0.0,506,1,0.021716834098198134,0.015053691896389765
265.869118,700,15990.549079,False,1.0,1.0,0.0,0.0,47,2,0.012923136785266909,0.0046377896861065785
427.502801,700,16010.983685,False,1.0,1.0,1.0,0.0,115,4,0.1169403444370124,0.00900101177367677
393.30682,700,16041.553468,False,0.0,0.0,0.0,0.0,0,0,0.008655190914318434,0.009586231739696744
520.293015,700,16066.796288,False,1.0,1.0,1.0,0.0,66,7,0.12367492259022073,0.014191528483544314
390.49389,700,16106.128185,False,1.0,1.0,1.0,0.0,15,6,0.06033878080256927,0.01251088565522418
339.106211,700,16135.314821,False,1.0,1.0,1.0,0.0,106,2,0.09988022546756081,0.01388486860517159
593.697413,700,16162.662777,False,1.0,1.0,1.0,0.0,116,5,0.07782389245741772,0.008646987849495531
434.585267,700,16183.928346,False,1.0,1.0,1.0,0.0,197,1,0.07827125395570989,0.008884528184769348
444.776488,700,16209.677855,False,0.0,0.0,0.0,0.0,0,0,0.012786955766696084,0.01851948846462277
330.156602,700,16232.769349,False,1.0,1.0,1.0,0.0,30,3,0.07824027958718649,0.007340169504922171
265.600417,700,16250.167759,False,0.0,0.0,0.0,0.0,0,0,0.014095124496974143,0.006754367934274147
459.217119,700,16272.691564,False,1.0,1.0,1.0,0.0,220,1,0.08742060034218879,0.013342387838780057
461.035744,700,16297.012202,False,1.0,1.0,0.0,0.0,39,1,0.0222951944750569,0.001772202358233309
443.20197,700,16323.348183,False,1.0,1.0,1.0,0.0,50,16,0.08900314307276458,0.003859597649742628
437.277503,700,16357.249054,False,1.0,1.0,1.0,0.0,34,2,0.1228292769000574,0.004703444617459781
389.370735,700,16378.65739,False,0.0,0.0,0.0,0.0,0,0,0.01194251393721002,0.007066814041555387
331.986336,700,16397.309339,False,0.0,0.0,0.0,0.0,0,0,0.011108297362390496,0.007896953735847888
322.316794,700,16421.880161,False,1.0,1.0,0.0,0.0,47,2,0.025515951619902055,0.004725006705100689
426.763278,700,16440.048988,False,1.0,1.0,1.0,0.0,99,5,0.08062061996263603,0.005114698724688989
488.874602,700,16458.802229,False,1.0,1.0,1.0,0.0,31,3,0.10761353609688762,0.0023848235251265446
544.653179,700,16482.005348,False,1.0,1.0,1.0,0.0,116,4,0.09040335118034226,0.008781824090657257
470.31195,700,16508.989112,False,1.0,1.0,1.0,0.0,38,3,0.09324700561740551,0.0043663596773517435
402.363273,700,16533.971874,False,1.0,1.0,0.0,0.0,225,2,0.008647987684255676,0.024546832882597926
313.982909,700,16563.436009,False,0.0,0.0,0.0,0.0,0,0,0.013463169137958975,0.017713230836076913
443.208288,700,16580.467134,False,1.0,1.0,1.0,0.0,107,3,0.07076302468692064,0.01591998718433365
485.511374,700,16604.656064,False,1.0,1.0,1.0,0.0,26,6,0.11630877229515524,0.00613948312221422
398.955341,700,16623.059614,False,0.0,0.0,0.0,0.0,0,0,0.03428668035310001,0.019973073981554474
519.106997,700,16645.683084,False,1.0,1.0,1.0,0.0,40,4,0.08178232364656779,0.005924685499481502
278.902302,700,16664.925831,False,1.0,1.0,0.0,0.0,20,2,0.04890363205105752,0.02032566219595572
406.529432,700,16686.743295,False,0.0,0.0,0.0,0.0,0,0,0.020556922118109555,0.029955444924024573
362.469203,700,16707.463949,False,1.0,1.0,1.0,0.0,60,1,0.06910520538854215,0.003168356777836338
316.127369,700,16731.099306,False,0.0,0.0,0.0,0.0,0,0,0.036245063070024064,0.012657255674296186
440.304668,700,16753.52645,False,0.0,0.0,0.0,0.0,0,0,0.06153630456658987,0.013298547014487435
418.950558,700,16778.767751,False,1.0,1.0,1.0,0.0,92,1,0.06836060394002508,0.024347861017663598
264.648944,700,16803.296176,False,0.0,0.0,0.0,0.0,0,0,0.08023058837539998,0.009895128017999025
455.704889,700,16833.708691,False,0.0,0.0,0.0,0.0,0,0,0.03841920436411228,0.009822676199800902
547.403654,700,16859.577476,False,1.0,1.0,1.0,0.0,176,4,0.16523062759752383,0.01334900937087658
457.036757,700,16880.224174,False,1.0,1.0,0.0,0.0,96,3,0.02067531494570285,0.019010457236748157
453.930395,700,16902.487532,False,0.0,0.0,0.0,0.0,0,0,0.02014614037018536,0.011556108446817473
455.120537,700,16921.775992,False,1.0,1.0,0.0,0.0,404,1,0.012707044547824231,0.010481350758626315
609.42009,700,16944.618924,False,1.0,1.0,1.0,0.0,39,9,0.11211114801447486,0.004362492094591034
504.713658,700,16964.416118,False,1.0,1.0,1.0,0.0,22,4,0.08520996559435445,0.014245239386346588
264.404896,700,16995.195193,False,1.0,1.0,1.0,0.0,34,5,0.22065591793320782,0.0031862752045756057
623.897857,700,17018.832116,False,1.0,1.0,1.0,0.0,425,4,0.08114327466150717,0.004200536677102036
124.290795,700,17039.525842,False,0.0,0.0,0.0,0.0,0,0,0.01498892983087674,0.012446564145111265
378.951979,700,17056.691675,False,1.0,1.0,1.0,0.0,19,6,0.0793764739656605,0.003943223224355941
381.578825,700,17084.288083,False,1.0,1.0,1.0,0.0,28,3,0.07853446077018211,0.003186790597831601
463.50524,700,17111.216488,False,1.0,1.0,0.0,0.0,70,1,0.009959312860888248,0.005739228057459352
279.460106,700,17134.578852,False,0.0,0.0,0.0,0.0,0,0,0.04433705951540068,0.016945056714556594
499.584421,700,17158.890027,False,1.0,1.0,1.0,0.0,21,2,0.1817697675915153,0.008270375262235855
459.466896,700,17180.766199,False,0.0,0.0,0.0,0.0,0,0,0.02134872475798144,0.007769295092624616
595.609489,700,17206.165478,False,1.0,1.0,1.0,0.0,50,7,0.10140735002788281,0.0035454328743481736
374.838001,700,17234.372311,False,0.0,0.0,0.0,0.0,0,0,0.007184506835649973,0.004702392866512077
128.49926,700,17258.775503,False,0.0,0.0,0.0,0.0,0,0,0.004763169826044633,0.02392000241613931
334.337896,700,17281.411756,False,0.0,0.0,0.0,0.0,0,0,0.05066240450162651,0.010386120554900975
345.52089,700,17307.007409,False,0.0,0.0,0.0,0.0,0,0,0.004582411090803595,0.011933503172207614
382.473022,700,17329.553432,False,1.0,1.0,1.0,0.0,14,2,0.06250965327842506,0.0024929671110827077
516.972626,700,17350.134294,False,1.0,1.0,1.0,0.0,78,17,0.08963777232748693,0.0008540748619189366
436.220299,700,17375.798235,False,1.0,1.0,0.0,0.0,522,1,0.006008842044160745,0.008841118496286245
444.171553,700,17399.665075,False,0.0,0.0,0.0,0.0,0,0,0.011065630204143528,0.02650679645358334
356.783694,700,17421.358261,False,1.0,1.0,0.0,0.0,66,1,0.014397089019013931,0.02263775423812377
463.739966,700,17444.943454,False,0.0,0.0,0.0,0.0,0,0,0.04392525239864997,0.009164878188302675
377.965109,700,17467.587315,False,1.0,1.0,1.0,0.0,99,5,0.07211959843495863,0.002626126704271642
473.906307,700,17486.123228,False,1.0,1.0,0.0,0.0,54,1,0.02158722100501076,0.005672965725412582
135.225928,700,17505.272738,False,0.0,0.0,0.0,0.0,0,0,0.011155211075877691,0.006077568858723241
402.308601,700,17532.10401,False,1.0,1.0,1.0,0.0,79,6,0.09010235104389097,0.0011162917683696166
537.036669,700,17558.261612,False,1.0,1.0,1.0,0.0,173,5,0.093779444765826,0.004378942254748716
366.313156,700,17588.101361,False,1.0,1.0,1.0,0.0,26,6,0.06652987539193933,0.007514618021847524
387.111604,700,17608.6845,False,1.0,1.0,1.0,0.0,23,2,0.07105075910467651,0.006787827018302884
106.387585,700,17627.845378,False,0.0,0.0,0.0,0.0,0,0,0.0133633230045479,0.027479504412434387
232.051804,700,17648.527393,False,0.0,0.0,0.0,0.0,0,0,0.03713903806437202,0.014986638105624
318.963283,700,17671.403225,False,1.0,1.0,0.0,0.0,126,1,0.012969083056385888,0.01483769205379607
380.171761,700,17699.451625,False,1.0,1.0,0.0,0.0,17,1,0.012259537044526425,0.003765559317976428
431.575296,700,17723.910528,False,0.0,0.0,0.0,0.0,0,0,0.010503982201860107,0.02727679259559268
583.983561,700,17740.923599,False,1.0,1.0,1.0,0.0,213,1,0.0803986729389552,0.004518749731319881
530.688279,700,17770.138016,False,1.0,1.0,1.0,0.0,19,1,0.07566141040543595,0.019303084366655843
328.20433,700,17793.499362,False,1.0,1.0,0.0,0.0,67,3,0.04878490659990453,0.0065720129931451385
444.656592,700,17821.775964,False,0.0,0.0,0.0,0.0,0,0,0.020014292708238512,0.016728965369778515
797.576514,700,17847.441033,False,1.0,1.0,1.0,0.0,19,3,0.13484012505168508,0.002228808080172411
418.227299,700,17869.593098,False,1.0,1.0,1.0,0.0,31,2,0.10001587344593799,0.006117051229900928
464.689634,700,17896.481507,False,1.0,1.0,1.0,0.0,34,2,0.06575641334448812,0.0041879899457919504
352.102114,700,17918.57141,False,1.0,1.0,1.0,0.0,36,2,0.08325747187282617,0.01015474580810388
516.929056,700,17936.457734,False,1.0,1.0,1.0,0.0,23,4,0.07534483898512967,0.009424909921111313
217.799493,700,17960.352887,False,1.0,1.0,1.0,0.0,53,1,0.08202735792045979,0.004392021099486987
439.482083,700,17994.231273,False,1.0,1.0,0.0,0.0,26,2,0.02030051439913738,0.01956854065166231
498.296246,700,18015.383517,False,1.0,1.0,1.0,0.0,367,4,0.09191922239585548,0.011231390890242247
368.639191,700,18035.508141,False,0.0,0.0,0.0,0.0,0,0,0.02761627768072672,0.00636323045417642
503.334125,700,18068.917448,False,1.0,1.0,1.0,0.0,21,9,0.0814984902053284,0.0019980877468133793
468.169423,700,18089.807714,False,1.0,1.0,1.0,0.0,29,5,0.06018535599555108,0.005989551959645541
443.615877,700,18113.340269,False,0.0,0.0,0.0,0.0,0,0,0.019347818307433373,0.011893041325745191
346.893411,700,18139.203123,False,1.0,1.0,1.0,0.0,159,2,0.3164732066263223,0.01004831975691316
490.489216,700,18162.208997,False,1.0,1.0,1.0,0.0,79,2,0.08330801822726397,0.005940736723057359
406.599336,700,18182.098089,False,1.0,1.0,0.0,0.0,117,8,0.03829106646600622,0.0111375071603944
486.222753,700,18205.876447,False,1.0,1.0,1.0,0.0,143,2,0.08491989034278813,0.0020203353832279926
487.500903,700,18227.063896,False,1.0,1.0,0.0,0.0,46,2,0.05304750212583054,0.0036394459242151027
450.902097,700,18252.034728,False,0.0,0.0,0.0,0.0,0,0,0.026829909354823656,0.01516635551945477
451.348919,700,18274.734306,False,0.0,0.0,0.0,0.0,0,0,0.025947525235635593,0.013022609554441077
603.561966,700,18300.643158,False,1.0,1.0,1.0,0.0,44,6,0.09763938369224401,0.0036113959696032873
214.063184,700,18318.487894,False,1.0,1.0,1.0,0.0,76,3,0.0939388712572542,0.007110852802734112
544.915409,700,18347.145253,False,1.0,1.0,1.0,0.0,53,7,0.09268964858403816,0.003908003855199641
392.443082,700,18373.895734,False,1.0,1.0,1.0,0.0,75,2,0.08966111834112678,0.017717290955542076
369.633503,700,18400.160376,False,1.0,1.0,0.0,0.0,57,2,0.03036281838090993,0.006852114449898216
427.65242,700,18424.441513,False,1.0,1.0,1.0,0.0,72,3,0.07760321169560103,0.005113200137280206
538.407017,700,18443.31891,False,1.0,1.0,1.0,0.0,65,9,0.08296813816242843,0.0008011375085260628
253.506608,700,18468.010923,False,0.0,0.0,0.0,0.0,0,0,0.05633409535654699,0.002769663015566379
499.137315,700,18490.78905,False,1.0,1.0,1.0,0.0,66,8,0.07359447071241176,0.006778778682002366
453.368391,700,18519.348977,False,1.0,1.0,0.0,0.0,108,2,0.014952539569651702,0.010242785926020284
486.994227,700,18545.274536,False,1.0,1.0,1.0,0.0,27,3,0.06925694539373495,0.002976440060149409
449.428026,700,18568.181706,False,0.0,0.0,0.0,0.0,0,0,0.021862201335255516,0.020989420457816002
556.359366,700,18597.239346,False,1.0,1.0,1.0,0.0,24,3,0.11901369833318554,0.005643320440134406
618.481903,700,18621.600185,False,1.0,1.0,1.0,0.0,60,8,0.09383361225294173,0.006974262419376971
435.547438,700,18646.699859,False,1.0,1.0,1.0,0.0,66,9,0.05776171123005869,0.002521601542760145
458.522606,700,18671.5154,False,1.0,1.0,0.0,0.0,102,2,0.047493789795614916,0.00922082362999466
515.761192,700,18695.19589,False,1.0,1.0,1.0,0.0,102,4,0.08492183797268904,0.0027405029964216515
462.471347,700,18725.848455,False,1.0,1.0,1.0,0.0,141,3,0.09271282915568135,0.004316430878730238
695.483578,700,18752.250058,False,1.0,1.0,1.0,0.0,47,6,0.09767365436767694,0.002582749164889027
200.181102,700,18772.880228,False,0.0,0.0,0.0,0.0,0,0,0.019149999128541983,0.013981284124864072
799.893009,700,18792.071337,False,1.0,1.0,1.0,0.0,38,7,0.1052882331009688,0.000706265770074472
491.538184,700,18813.362688,False,1.0,1.0,1.0,0.0,33,4,0.07520396018148912,0.0023862159865958355
475.699776,700,18839.550782,False,1.0,1.0,1.0,0.0,113,1,0.05393175144847695,0.0035516040483563422
622.68515,700,18859.180105,False,1.0,1.0,1.0,0.0,54,9,0.09107982296327255,0.0027926827977104228
401.911489,700,18888.732989,False,1.0,1.0,0.0,0.0,29,1,0.023271487744178088,0.0090414335210132
449.808522,700,18916.12566,False,1.0,1.0,0.0,0.0,30,1,0.008813578465026284,0.01120338645466337
463.713031,700,18935.371442,False,1.0,1.0,0.0,0.0,40,1,0.02511811090486471,0.01087036447465673
465.813497,700,18956.819935,False,1.0,1.0,1.0,0.0,89,3,0.3519650898708382,0.00611308453798346
467.18577,700,18975.796131,False,1.0,1.0,1.0,0.0,353,3,0.06713682458199854,0.008365349923078679
306.130299,700,18998.720421,False,0.0,0.0,0.0,0.0,0,0,0.016606734213374774,0.02318957220309303
561.973862,700,19017.994775,False,1.0,1.0,1.0,0.0,68,4,0.16702548964289232,0.005069346950753003
516.031782,700,19039.336356,False,1.0,1.0,1.0,0.0,47,3,0.0955674297583543,0.007418954172529484
721.080994,700,19060.391868,False,1.0,1.0,1.0,0.0,54,13,0.07927371181309673,0.005237999527589122
447.102238,700,19080.422314,False,1.0,1.0,0.0,0.0,411,1,0.04141952343673727,0.007741244060363401
500.693629,700,19105.898901,False,1.0,1.0,1.0,0.0,100,3,0.1283038127445285,0.0059459725027183165
484.74896,700,19124.090347,False,1.0,1.0,1.0,0.0,210,5,0.1138759210811382,0.006153228298953895
460.211926,700,19142.411997,False,0.0,0.0,0.0,0.0,0,0,0.019013706352771442,0.009985366914902507
393.406776,700,19164.021451,False,0.0,0.0,0.0,0.0,0,0,0.0249704708867452,0.01709960627544358
387.504578,700,19190.279785,False,1.0,1.0,1.0,0.0,33,12,0.06856950999409372,0.004461290332459537
352.921443,700,19218.148797,False,1.0,1.0,1.0,0.0,150,2,0.06485746455778585,0.008738669326717975
448.036096,700,19243.072949,False,1.0,1.0,0.0,0.0,204,2,0.044585477541830176,0.02867493560330794
448.235496,700,19266.963075,False,1.0,1.0,0.0,0.0,21,2,0.014635917291851208,0.02750472457885404
307.411957,700,19284.96833,False,1.0,1.0,1.0,0.0,27,1,0.06261637265447872,0.009778021102806176
466.017731,700,19307.295504,False,1.0,1.0,1.0,0.0,125,2,0.09684445721748625,0.014002869848070008
460.808964,700,19326.718142,False,1.0,1.0,0.0,0.0,471,2,0.020816290875446897,0.01449019901216463
455.583316,700,19345.904676,False,0.0,0.0,0.0,0.0,0,0,0.014161455327496464,0.0030501283376774065
432.977373,700,19371.488993,False,0.0,0.0,0.0,0.0,0,0,0.010111619326605092,0.0256264315384069
884.069112,700,19389.162169,False,1.0,1.0,1.0,0.0,24,4,0.10087869900531621,0.008094157413191866
676.735297,700,19426.866929,False,1.0,1.0,1.0,0.0,121,10,0.11918761074637241,0.002540903764734355
484.027096,700,19447.97947,False,1.0,1.0,1.0,0.0,98,2,0.10906082469113643,0.0019082869450476488
133.447158,700,19476.260589,False,0.0,0.0,0.0,0.0,0,0,0.025881147023798068,0.02288712225194692
472.931535,700,19500.958642,False,1.0,1.0,0.0,0.0,319,1,0.024696910558524188,0.009765497583089986
613.649879,700,19527.903879,False,1.0,1.0,1.0,0.0,53,4,0.07957324858937809,0.00419845615568056
429.138822,700,19547.058243,False,0.0,0.0,0.0,0.0,0,0,0.02786617890346088,0.019478248354602976
383.970354,700,19578.747597,False,1.0,1.0,1.0,0.0,31,4,0.08362528176951356,0.004285112902031343
223.399548,700,19600.412172,False,0.0,0.0,0.0,0.0,0,0,0.02645940879313846,0.004034541110850446
374.250895,700,19636.80854,False,1.0,1.0,1.0,0.0,26,3,0.127865454639442,0.007581994955712788
586.675531,700,19661.476157,False,1.0,1.0,1.0,0.0,229,6,0.1228986302859717,0.0055268807211658845
255.919412,700,19689.700907,False,0.0,0.0,0.0,0.0,0,0,0.013986877773920381,0.0018211116723642212
416.777394,700,19717.581126,False,1.0,1.0,0.0,0.0,27,1,0.019997852173064934,0.017446746039039392
461.719776,700,19749.318721,False,1.0,1.0,0.0,0.0,22,1,0.01799888013066464,0.01162404801301932
468.238613,700,19771.045155,False,1.0,1.0,1.0,0.0,17,3,0.05665407276185852,0.015987423302187876
508.297756,700,19788.429687,False,1.0,1.0,1.0,0.0,27,4,0.12457516791369283,0.008977167021512682
445.789472,700,19821.884877,False,0.0,0.0,0.0,0.0,0,0,0.013908844530785003,0.007987619151366825
437.473185,700,19846.799812,False,0.0,0.0,0.0,0.0,0,0,0.002236961171317997,0.036211816439712954
768.872556,700,19868.444272,False,1.0,1.0,1.0,0.0,102,14,0.08754922153164013,0.0009726318746533951
388.745145,700,19899.67447,False,0.0,0.0,0.0,0.0,0,0,0.025917378907538202,0.026524111766705133
387.127841,700,19919.901796,False,0.0,0.0,0.0,0.0,0,0,0.03474187798008466,0.004056886135544408
454.858939,700,19948.757018,False,0.0,0.0,0.0,0.0,0,0,0.004231036971410251,0.008076492401859753
482.989261,700,19971.924272,False,1.0,1.0,1.0,0.0,13,5,0.10436397842291523,0.01336661177298563
449.226803,700,19994.024174,False,0.0,0.0,0.0,0.0,0,0,0.004093324070958637,0.024647176850190928
502.480504,700,20017.864418,False,1.0,1.0,1.0,0.0,109,3,0.10528325950444894,0.013940313011481503
841.876392,700,20044.041738,False,1.0,1.0,1.0,0.0,27,2,0.09859407990139979,0.003827441079716993
711.191478,700,20069.490434,False,1.0,1.0,1.0,0.0,42,8,0.10297067736233467,0.0069014412691759145
316.770388,700,20087.251868,False,1.0,1.0,0.0,0.0,161,1,0.006257560592692668,0.03846384080760448
492.722444,700,20120.357705,False,1.0,1.0,1.0,0.0,102,3,0.10495783290862704,0.0032699236662512257
528.994534,700,20141.889984,False,1.0,1.0,1.0,0.0,38,2,0.1178096746643662,0.005814026934583336
447.779589,700,20169.919104,False,1.0,1.0,0.0,0.0,31,1,0.03238039234015777,0.010374017720839604
385.655375,700,20194.313965,False,0.0,0.0,0.0,0.0,0,0,0.004116365760790552,0.027911050920712218
517.996012,700,20214.843731,False,1.0,1.0,1.0,0.0,20,2,0.08716938671502983,0.003568505932229978
413.238951,700,20247.080509,False,1.0,1.0,0.0,0.0,35,2,0.012976939039529345,0.009292577411038784
430.052796,700,20273.3119,False,0.0,0.0,0.0,0.0,0,0,0.0014230565041694065,0.03395422488263484
427.409686,700,20294.628894,False,0.0,0.0,0.0,0.0,0,0,0.0069599657088298406,0.03754372544924388
625.779267,700,20321.336394,False,1.0,1.0,1.0,0.0,25,9,0.08731961183090142,0.002898238526986937
390.578234,700,20340.319669,False,0.0,0.0,0.0,0.0,0,0,0.03263685062067012,0.017066237248374395
419.956943,700,20363.624808,False,0.0,0.0,0.0,0.0,0,0,0.0340001872413509,0.0034771514178736627
322.353025,700,20390.390129,False,1.0,1.0,0.0,0.0,68,3,0.056649696820336715,0.010181805624166382
341.376424,700,20416.003279,False,0.0,0.0,0.0,0.0,0,0,0.008140592824189774,0.014792379511827429
440.854934,700,20438.605825,False,1.0,1.0,0.0,0.0,41,1,0.041864920695444785,0.007602220566593041
451.294759,700,20465.365917,False,0.0,0.0,0.0,0.0,0,0,0.01903339916464708,0.003936363204625794
468.465878,700,20488.883271,False,1.0,1.0,0.0,0.0,134,1,0.01617475307076932,0.007355662531971011
404.786321,700,20507.620836,False,0.0,0.0,0.0,0.0,0,0,0.01230765091102426,0.018801485674398738
437.377194,700,20532.941788,False,1.0,1.0,1.0,0.0,37,1,0.07420898566090328,0.006021486691875818
431.815021,700,20567.551676,False,0.0,0.0,0.0,0.0,0,0,0.024855222969465185,0.005047823674998173
459.528091,700,20593.902404,False,1.0,1.0,1.0,0.0,27,2,0.1032649014244339,0.004191067781214101
179.900344,700,20623.077621,False,1.0,1.0,0.0,0.0,149,1,0.024673186142894377,0.004120710310609952
675.003079,700,20644.875939,False,1.0,1.0,1.0,0.0,48,5,0.07155192767191132,0.005990788114600089
138.145735,700,20676.113754,False,1.0,1.0,1.0,0.0,28,2,0.051022842714277594,0.007355744160258589
425.586286,700,20701.065839,False,1.0,1.0,1.0,0.0,25,2,0.0792534923736915,0.0026644454764055197
449.459974,700,20730.883455,False,0.0,0.0,0.0,0.0,0,0,0.016488464333042963,0.0151191642577959
474.564259,700,20753.011642,False,1.0,1.0,1.0,0.0,251,1,0.10483852482272393,0.013433874568716721
508.38049,700,20783.181119,False,1.0,1.0,1.0,0.0,232,1,0.08338822804890178,0.0066455692862275985
864.238927,700,20809.104272,False,1.0,1.0,1.0,0.0,63,9,0.077195309056721,0.0034017197566748167
513.598405,700,20830.507822,False,1.0,1.0,1.0,0.0,18,2,0.096138932103493,0.0023513661296453345
667.105554,700,20863.092119,False,1.0,1.0,1.0,0.0,336,6,0.08261548571510402,0.0043619084633800985
279.200701,700,20888.51165,False,1.0,1.0,1.0,0.0,19,3,0.11910231452927855,0.012683814768793069
361.675106,700,20906.974469,False,0.0,0.0,0.0,0.0,0,0,0.02534855604509534,0.008308827528864034
236.778232,700,20933.690632,False,0.0,0.0,0.0,0.0,0,0,0.004229449664333251,0.011405603631515238
164.023628,700,20954.431581,False,1.0,1.0,0.0,0.0,54,1,0.017797234971231868,0.025460231196485984
441.861501,700,20977.895224,False,0.0,0.0,0.0,0.0,0,0,0.020581682168387516,0.006991671349551487
665.161211,700,21006.113916,False,1.0,1.0,1.0,0.0,111,6,0.10314520415692552,0.010396821626275931
332.87051,700,21026.372111,False,0.0,0.0,0.0,0.0,0,0,0.017591046135509214,0.02208784089863334
422.948058,700,21048.398575,False,1.0,1.0,1.0,0.0,13,4,0.08847966457357126,0.0031419461235349415
448.956616,700,21069.326517,False,0.0,0.0,0.0,0.0,0,0,0.006151539125498262,0.030344788412417927
532.163414,700,21092.676848,False,1.0,1.0,1.0,0.0,37,3,0.08393787239945238,0.014600752334670647
537.131152,700,21128.719174,False,1.0,1.0,1.0,0.0,133,3,0.11784666367106633,0.008559432663868586
535.248456,700,21166.358216,False,1.0,1.0,1.0,0.0,109,1,0.09723300788087108,0.011682875562213238
465.470991,700,21189.337353,False,1.0,1.0,1.0,0.0,44,1,0.0668188896675731,0.013694865236198487
440.182041,700,21213.235319,False,1.0,1.0,0.0,0.0,25,2,0.0193985867060269,0.01708738083823435
336.02974,700,21238.318399,False,1.0,1.0,1.0,0.0,109,3,0.09248067102130464,0.010010928221754013
787.104145,700,21273.520674,False,1.0,1.0,1.0,0.0,18,2,0.07752574305763038,0.007719814143738182
443.278485,700,21296.203592,False,0.0,0.0,0.0,0.0,0,0,0.008876078833000678,0.026256716116723
461.232921,700,21329.046067,False,1.0,1.0,1.0,0.0,87,2,0.06596294242821343,0.00494383113084499
600.9977,700,21361.728992,False,1.0,1.0,1.0,0.0,44,2,0.10329208814243873,0.004538246018357735
362.79406,700,21385.236645,False,1.0,1.0,1.0,0.0,181,4,0.16428641715693437,0.0025148003481187562
254.136163,700,21414.971193,False,1.0,1.0,1.0,0.0,47,1,0.08510341464823545,0.019758161609427453
509.872467,700,21442.769248,False,1.0,1.0,1.0,0.0,66,2,0.062495197925670154,0.01117049499509763
453.876056,700,21464.524667,False,1.0,1.0,0.0,0.0,70,2,0.03351525987625581,0.016156201841782757
468.285459,700,21501.220797,False,1.0,1.0,1.0,0.0,229,14,0.12265018075829237,0.0023797713883634154
447.489089,700,21519.428065,False,0.0,0.0,0.0,0.0,0,0,0.007182165070212521,0.024512871856604425
445.276621,700,21544.41166,False,1.0,1.0,1.0,0.0,23,6,0.07745852228540095,0.015027739544672104
639.995275,700,21583.652977,False,1.0,1.0,1.0,0.0,31,2,0.09538846776423104,0.0023128948894618434
472.342197,700,21611.735648,False,1.0,1.0,1.0,0.0,300,4,0.07485408315822895,0.006570201756803097
482.730973,700,21633.792502,False,1.0,1.0,0.0,0.0,16,4,0.03345234545546116,0.00713670371667514
236.408981,700,21651.173646,False,1.0,1.0,1.0,0.0,33,1,0.10041808625399806,0.011563884787641011
445.559529,700,21670.218427,False,0.0,0.0,0.0,0.0,0,0,0.04577286898527566,0.013428309159931439
584.758018,700,21694.946516,False,1.0,1.0,1.0,0.0,125,1,0.0874966502569895,0.014759600606292531
665.741501,700,21724.772801,False,1.0,1.0,1.0,0.0,27,5,0.06667938822951203,0.006635346020653518
414.986691,700,21748.008991,False,0.0,0.0,0.0,0.0,0,0,0.01680736892830126,0.01805794655551769
631.943661,700,21773.40085,False,1.0,1.0,1.0,0.0,108,1,0.08440672601770272,0.0007645989465511102
543.5321,700,21793.703888,False,1.0,1.0,1.0,0.0,145,4,0.0969149423119392,0.003218192756804538
476.417658,700,21823.528952,False,1.0,1.0,1.0,0.0,82,1,0.09299227081518513,0.00631948931267618
112.528799,700,21854.215102,False,0.0,0.0,0.0,0.0,0,0,0.004753829401354048,0.010441671728421333
435.38441,700,21903.699338,False,1.0,1.0,0.0,0.0,17,2,0.04417382899782074,0.007565099749486166
428.120694,700,21923.717906,False,0.0,0.0,0.0,0.0,0,0,0.006919064036393419,0.015659365906934983
603.690533,700,21947.743387,False,1.0,1.0,1.0,0.0,38,3,0.07584259241337477,0.0036354776611452126
753.589639,700,21991.185284,False,1.0,1.0,1.0,0.0,116,4,0.10345630222960411,0.008329864585977871
540.973574,700,22017.131315,False,1.0,1.0,1.0,0.0,309,10,0.09862757573185832,0.005979093189643431
578.550228,700,22041.717082,False,1.0,1.0,1.0,0.0,54,8,0.09452126382356785,0.004770586443096209
439.480959,700,22062.0194,False,0.0,0.0,0.0,0.0,0,0,0.016967425196701913,0.021033098548947086
336.659455,700,22100.138521,False,1.0,1.0,0.0,0.0,132,2,0.02222905916016804,0.009910642809193645
575.777685,700,22122.286636,False,1.0,1.0,1.0,0.0,88,5,0.07006005700006845,0.004089179036350803
561.404653,700,22154.606853,False,1.0,1.0,1.0,0.0,29,1,0.07084505370125804,0.0078680673838309
67.655513,700,22178.728383,False,0.0,0.0,0.0,0.0,0,0,0.08559105783898535,0.014223080627575387
566.970348,700,22200.535037,False,1.0,1.0,1.0,0.0,35,7,0.08609405327694086,0.0027520432578670966
544.36846,700,22223.862201,False,1.0,1.0,1.0,0.0,37,6,0.06841321505318687,0.004491989566269771
502.702437,700,22250.477182,False,1.0,1.0,1.0,0.0,54,5,0.05760496678271687,0.012829188617419919
449.496834,700,22273.189735,False,1.0,1.0,0.0,0.0,34,1,0.019720492729574324,0.012080614042964968
311.500446,700,22293.929755,False,1.0,1.0,0.0,0.0,43,1,0.04477347007771859,0.022494249118686326
572.548068,700,22317.603114,False,1.0,1.0,1.0,0.0,156,6,0.11923668732739912,0.012261069020867986
830.755018,700,22346.456905,False,1.0,1.0,1.0,0.0,111,6,0.07969788137722267,0.0021569705253257194
595.223716,700,22367.63728,False,0.0,0.0,0.0,0.0,0,0,0.03388448376682196,0.00955773516340484
859.857568,700,22394.210599,False,1.0,1.0,1.0,0.0,106,2,0.07583320826761053,0.005998902887545314
457.007754,700,22422.519266,False,1.0,1.0,0.0,0.0,328,1,0.024423985615625088,0.009619794979748839
167.504645,700,22448.258799,False,0.0,0.0,0.0,0.0,0,0,0.029040061148460694,0.01263774179532965
533.609537,700,22474.139692,False,1.0,1.0,1.0,0.0,41,2,0.059572619104675706,0.009753691960613313
582.946272,700,22495.390839,False,1.0,1.0,1.0,0.0,27,3,0.10740590167583697,0.007162710350481118
593.199784,700,22524.052809,False,1.0,1.0,1.0,0.0,197,1,0.06392300011014906,0.014022646366874397
464.878277,700,22555.813206,False,0.0,0.0,0.0,0.0,0,0,0.012768081735764714,0.008673290175920008
461.318396,700,22588.695604,False,0.0,0.0,0.0,0.0,0,0,0.008728542153934815,0.02151879536308964
194.325043,700,22613.522051,False,1.0,1.0,0.0,0.0,38,1,0.010912391879452366,0.027547056957362488
472.785844,700,22649.749613,False,1.0,1.0,1.0,0.0,206,3,0.08429487174171257,0.0035015591864539213
721.935205,700,22680.126261,False,1.0,1.0,1.0,0.0,58,5,0.07706263044912609,0.0013878103246654503
361.109248,700,22702.00258,False,1.0,1.0,1.0,0.0,18,2,0.08972803232871729,0.016890162022274488
579.081683,700,22728.268004,False,1.0,1.0,1.0,0.0,31,7,0.0712337374333053,0.0011169804886646505
76.815291,700,22747.905391,False,0.0,0.0,0.0,0.0,0,0,0.004951968583526312,0.030633201379749394
517.888232,700,22783.376587,False,1.0,1.0,1.0,0.0,290,2,0.09212217127896183,0.007006962892599423
526.201955,700,22814.056821,False,1.0,1.0,1.0,0.0,538,1,0.1302571447230848,0.00188660184652484
270.363981,700,22835.957593,False,1.0,1.0,0.0,0.0,77,1,0.021880548082108375,0.01709614048052254
145.186432,700,22868.190801,False,0.0,0.0,0.0,0.0,0,0,0.016424620521103384,0.005132141380426549
864.946741,700,22890.73074,False,1.0,1.0,1.0,0.0,35,4,0.08221705423490622,0.0024717658388724987
168.320719,700,22921.179136,False,1.0,1.0,1.0,0.0,15,1,0.09549721000741695,0.016846936664835156
236.948096,700,22942.169496,False,1.0,1.0,0.0,0.0,40,2,0.037798542825506765,0.004064344890939302
439.749245,700,22960.636958,False,0.0,0.0,0.0,0.0,0,0,0.0118670194892464,0.01442067048369584
471.459031,700,22988.171956,False,1.0,1.0,1.0,0.0,38,2,0.09646415807976072,0.015978878244225354
384.682807,700,23013.428164,False,0.0,0.0,0.0,0.0,0,0,0.02971173486082468,0.023061385652941337
451.246285,700,23035.551841,False,0.0,0.0,0.0,0.0,0,0,0.012421389070403577,0.013303717576597138
477.775169,700,23056.541867,False,1.0,1.0,1.0,0.0,29,3,0.06957662674852494,0.009716445900905752
530.067572,700,23096.794044,False,1.0,1.0,1.0,0.0,51,1,0.13444791433764736,0.011867815281138883
367.695847,700,23129.712997,False,1.0,1.0,1.0,0.0,80,1,0.07190565102898538,0.01620489173958201
748.934086,700,23152.500341,False,1.0,1.0,1.0,0.0,53,2,0.08999900117794424,0.010691674017232354
824.525341,700,23173.080727,False,1.0,1.0,1.0,0.0,70,7,0.08349759482782948,0.0033228109409783983
464.674448,700,23198.598058,False,0.0,0.0,0.0,0.0,0,0,0.01015363222853205,0.006747106619115724
484.194087,700,23218.653734,False,1.0,1.0,1.0,0.0,96,1,0.10107629313019195,0.01681233479068238
463.951156,700,23240.435016,False,0.0,0.0,0.0,0.0,0,0,0.04064420183811035,0.007093326153834722
523.840946,700,23271.58057,False,1.0,1.0,1.0,0.0,82,1,0.08638619208738751,0.01592923839036578
358.866257,700,23297.669494,False,0.0,0.0,0.0,0.0,0,0,0.011800795287564947,0.02018859534371901
745.226243,700,23320.280436,False,1.0,1.0,1.0,0.0,18,6,0.0777458998796775,0.0029957033333017444
430.093825,700,23354.771129,False,1.0,1.0,1.0,0.0,179,11,0.07955397726471647,0.01838903686692757
452.649058,700,23384.245168,False,1.0,1.0,1.0,0.0,21,4,0.11719175294606221,0.012033194901268215
518.120812,700,23424.605834,False,1.0,1.0,1.0,0.0,94,4,0.11872718410106009,0.0067632661949375995
432.502152,700,23446.498027,False,0.0,0.0,0.0,0.0,0,0,0.00819575666065353,0.007343614674437042
458.45714,700,23466.497393,False,1.0,1.0,1.0,0.0,129,2,0.07605681783522089,0.001361881222066767
619.596451,700,23487.48826,False,1.0,1.0,1.0,0.0,23,1,0.07486109579066491,0.0034739752551080573
422.665208,700,23513.997901,False,0.0,0.0,0.0,0.0,0,0,0.030728971184677323,0.007468493101511803
571.75291,700,23537.589121,False,1.0,1.0,1.0,0.0,126,6,0.1380622444550198,0.0037763696444509287
587.201263,700,23563.414067,False,1.0,1.0,1.0,0.0,96,5,0.12311027089053528,0.004825877246667232
448.848202,700,23583.879103,False,0.0,0.0,0.0,0.0,0,0,0.004755442109605212,0.01727820706957352
235.135191,700,23609.369552,False,1.0,1.0,1.0,0.0,55,2,0.07913502472413625,0.007523763018069723
462.046608,700,23638.618192,False,0.0,0.0,0.0,0.0,0,0,0.010095517268499332,0.007036460658156484
456.567988,700,23657.605708,False,0.0,0.0,0.0,0.0,0,0,0.02096305300557222,0.01003953452586255
521.142732,700,23681.017161,False,1.0,1.0,1.0,0.0,132,1,0.09518666345373317,0.017061006811127464
478.401541,700,23702.681512,False,1.0,1.0,1.0,0.0,16,5,0.07193915284072294,0.013313639217376825
611.375843,700,23720.603301,False,1.0,1.0,1.0,0.0,62,4,0.08527614916558002,0.007902118060478629
365.319939,700,23739.876751,False,1.0,1.0,1.0,0.0,124,5,0.06487995776510913,0.0037342596532759518
804.226157,700,23767.926135,False,1.0,1.0,1.0,0.0,27,11,0.08093702172235284,0.003351983325586686
637.019903,700,23794.005727,False,1.0,1.0,1.0,0.0,53,9,0.11199712341637436,0.0033788381684007537
642.817059,700,23810.623875,False,1.0,1.0,1.0,0.0,22,8,0.09756977745231377,0.0034720531724626797
877.860806,700,23833.858995,False,1.0,1.0,1.0,0.0,30,7,0.07173962239593512,0.0015071790522450169
570.088705,700,23860.55113,False,1.0,1.0,1.0,0.0,29,2,0.08350317404179164,0.0026561074135559373
445.652183,700,23899.609286,False,1.0,1.0,0.0,0.0,79,3,0.025900333298850775,0.008143262148539998
456.228973,700,23922.128614,False,1.0,1.0,0.0,0.0,660,1,0.011580250955702698,0.009743049271972492
758.55471,700,23947.159972,False,1.0,1.0,1.0,0.0,40,2,0.09374075414785743,0.008194893437747798
454.880315,700,23974.130378,False,0.0,0.0,0.0,0.0,0,0,0.0026892924048810274,0.008055970766741801
833.121123,700,23997.025139,False,1.0,1.0,1.0,0.0,29,5,0.06556224632233942,0.004492700241289864
506.860603,700,24015.677773,False,1.0,1.0,1.0,0.0,132,2,0.09562757546849598,0.004244068250315771
331.489104,700,24046.951067,False,1.0,1.0,1.0,0.0,32,4,0.08641736764065056,0.014563450662236093
940.239569,700,24067.226596,False,1.0,1.0,1.0,0.0,20,5,0.07328525175527256,0.0052628426835642245
751.689071,700,24086.506356,False,1.0,1.0,1.0,0.0,66,8,0.06771542996563573,0.0029021909268580753
564.249224,700,24109.503045,False,1.0,1.0,1.0,0.0,312,2,0.10799452584556457,0.014513550047802233
430.992234,700,24142.712567,False,0.0,0.0,0.0,0.0,0,0,0.0096612577347569,0.013643422142650324
465.742819,700,24159.86182,False,0.0,0.0,0.0,0.0,0,0,0.023234304164288178,0.002526729413153949
598.744457,700,24181.702216,False,1.0,1.0,1.0,0.0,52,6,0.08522317446873862,0.008882889154793492
75.159614,700,24209.106633,False,0.0,0.0,0.0,0.0,0,0,0.01149606901650535,0.02386895637407963
621.630781,700,24230.899519,False,1.0,1.0,1.0,0.0,48,5,0.06994149369608493,0.009531373476861888
902.980874,700,24254.65926,False,1.0,1.0,1.0,0.0,69,3,0.08128116565496024,0.0016083247344948184
431.223879,700,24274.544142,False,0.0,0.0,0.0,0.0,0,0,0.01279661547466282,0.02841402273150407
532.435841,700,24302.587912,False,1.0,1.0,1.0,0.0,38,7,0.06709998943166817,0.008167564138059484
518.336998,700,24335.889996,False,1.0,1.0,1.0,0.0,30,3,0.07069204942217311,0.015145970218461756
780.294013,700,24362.539842,False,1.0,1.0,1.0,0.0,43,5,0.07493950364708535,0.00505999476976308
453.487977,700,24385.228764,False,0.0,0.0,0.0,0.0,0,0,0.005047658296084223,0.015771068616019943
844.713275,700,24405.914515,False,1.0,1.0,1.0,0.0,18,8,0.09634435349078796,0.007972085949699515
594.731962,700,24433.82127,False,1.0,1.0,1.0,0.0,35,3,0.08795884992907099,0.003930810677372859
415.31434,700,24456.167687,False,0.0,0.0,0.0,0.0,0,0,0.011699057663470236,0.021088338095347693
463.860871,700,24474.603928,False,0.0,0.0,0.0,0.0,0,0,0.018368743583816127,0.011844460249720657
685.567454,700,24493.25407,False,1.0,1.0,1.0,0.0,15,6,0.10410480944000366,0.0013516406770491922
508.34126,700,24517.025443,False,1.0,1.0,1.0,0.0,309,1,0.07547105603417537,0.0031419018680999946
561.887781,700,24540.280854,False,1.0,1.0,1.0,0.0,47,2,0.07179143168327684,0.011482719234586596
498.138017,700,24565.626022,False,1.0,1.0,0.0,0.0,186,1,0.02687229376804179,0.0008123644117950864
479.129285,700,24586.899326,False,1.0,1.0,1.0,0.0,23,1,0.06560361368140744,0.015891362529127775
460.738704,700,24608.110436,False,0.0,0.0,0.0,0.0,0,0,0.011990091469136988,0.004358429876439736
708.828532,700,24637.455271,False,1.0,1.0,1.0,0.0,144,3,0.07820029558890484,0.002769559919488902
298.525923,700,24661.236312,False,1.0,1.0,0.0,0.0,299,1,0.022829163832339794,0.011083692082001668
436.856461,700,24696.153296,False,1.0,1.0,1.0,0.0,189,1,0.05556674492103586,0.021518711719747067
390.62081,700,24716.640127,False,1.0,1.0,1.0,0.0,22,2,0.06862088847387426,0.017556744762775616
853.954348,700,24745.628604,False,1.0,1.0,1.0,0.0,80,5,0.08039523771372004,0.007378290419623202
127.003929,700,24766.005591,False,0.0,0.0,0.0,0.0,0,0,0.04348281035654744,0.013517791677066642
446.776204,700,24784.038333,False,0.0,0.0,0.0,0.0,0,0,0.030705547510450515,0.00508399943816543
462.501376,700,24815.330579,False,1.0,1.0,1.0,0.0,47,2,0.050741391554905646,0.009696600700829443
427.585568,700,24836.530032,False,1.0,1.0,0.0,0.0,29,1,0.010237468557653062,0.02244733709097139
453.987514,700,24853.863627,False,0.0,0.0,0.0,0.0,0,0,0.016366730525324003,0.013610682449126624
438.066174,700,24884.003738,False,0.0,0.0,0.0,0.0,0,0,0.028061788348247574,0.020891732637289953
937.432929,700,24910.506371,False,1.0,1.0,1.0,0.0,15,9,0.07784380283757997,0.0063742151260440735
745.52606,700,24931.436567,False,1.0,1.0,1.0,0.0,82,2,0.11198552773799975,0.006293757965617948
730.94787,700,24952.964945,False,1.0,1.0,1.0,0.0,33,3,0.07790402377089445,0.0022251344386913035
435.09174,700,24981.596061,False,0.0,0.0,0.0,0.0,0,0,0.0031986157130052817,0.027669724557133023
90.63022,700,25007.471124,False,0.0,0.0,0.0,0.0,0,0,0.022221604170204468,0.01687817969128549
517.246973,700,25038.863608,False,1.0,1.0,1.0,0.0,135,1,0.0656386276248333,0.007293786186989096
201.37193,700,25064.837556,False,1.0,1.0,0.0,0.0,183,1,0.04106666498375011,0.003196698256606965
447.604117,700,25088.229814,False,0.0,0.0,0.0,0.0,0,0,0.019760260949797992,0.010563703608954889
458.845142,700,25107.887259,False,0.0,0.0,0.0,0.0,0,0,0.025471497754427253,0.009792766450055786
424.306885,700,25133.621935,False,1.0,1.0,1.0,0.0,94,1,0.08599587529819808,0.014143024710496
456.752928,700,25156.132036,False,0.0,0.0,0.0,0.0,0,0,0.007072463780907867,0.025856460851661985
605.599979,700,25178.80484,False,1.0,1.0,1.0,0.0,41,3,0.07017408513414303,0.005474173940857667
577.217556,700,25204.821613,False,1.0,1.0,1.0,0.0,42,2,0.06855446087291284,0.007546599962000103
559.288492,700,25229.131002,False,1.0,1.0,1.0,0.0,16,7,0.066458994215706,0.010625657737276178
392.869584,700,25260.88559,False,1.0,1.0,1.0,0.0,612,4,0.07500759995054496,0.009676724226945764
449.426143,700,25280.293427,False,1.0,1.0,0.0,0.0,41,1,0.012701433936391338,0.0065392657140974945
451.847743,700,25300.10451,False,1.0,1.0,1.0,0.0,29,3,0.0752579650588534,0.02279374271050117
676.312015,700,25327.677466,False,1.0,1.0,1.0,0.0,114,1,0.10635221083428381,0.00569645722554501
652.624746,700,25345.228196,False,1.0,1.0,1.0,0.0,67,2,0.08105253091688713,0.005826049382457881
804.680446,700,25376.745952,False,1.0,1.0,1.0,0.0,113,5,0.08331140938717041,0.007279150017921148
737.60301,700,25399.241988,False,1.0,1.0,1.0,0.0,31,9,0.09165898380740989,0.004177648150448885
582.267119,700,25421.229229,False,1.0,1.0,1.0,0.0,31,3,0.07091660046405457,0.006896621918754744
460.97271,700,25453.534925,False,1.0,1.0,0.0,0.0,24,1,0.016057469690627046,0.007806577411563312
491.353356,700,25472.647813,False,1.0,1.0,1.0,0.0,15,2,0.06093235025742072,0.012247230023785806
438.624619,700,25492.489084,False,1.0,1.0,0.0,0.0,32,1,0.023916769029098672,0.008224941062733956
755.150152,700,25511.436167,False,1.0,1.0,1.0,0.0,18,3,0.08757442571295837,0.0015972751810360347
446.636044,700,25537.051942,False,0.0,0.0,0.0,0.0,0,0,0.004356568175736264,0.038181742253820365
458.548531,700,25556.701005,False,0.0,0.0,0.0,0.0,0,0,0.01070229327749872,0.01288265051971926
477.525465,700,25577.243039,False,1.0,1.0,0.0,0.0,44,3,0.015920947183965528,0.005623951063599172
477.967243,700,25596.328297,False,1.0,1.0,1.0,0.0,23,4,0.06440276975125947,0.0023084848681291874
666.981358,700,25620.296112,False,1.0,1.0,1.0,0.0,67,1,0.08355439636525874,0.0057646184562718345
675.196999,700,25637.739402,False,1.0,1.0,1.0,0.0,30,6,0.07540874993329061,0.0042196685070300406
637.995249,700,25662.212118,False,1.0,1.0,1.0,0.0,23,3,0.19428505587103173,0.006724428806853461
554.32356,700,25680.397352,False,1.0,1.0,1.0,0.0,47,2,0.1009248432966956,0.0027821281251416237
453.712801,700,25702.683708,False,0.0,0.0,0.0,0.0,0,0,0.011149374256348987,0.004983651260972528
449.300613,700,25731.550248,False,0.0,0.0,0.0,0.0,0,0,0.006696993430950426,0.006744487637327354
877.8403,700,25754.82401,False,1.0,1.0,1.0,0.0,24,6,0.0693298601648733,0.0016701579045304165
460.027222,700,25780.561875,False,1.0,1.0,1.0,0.0,633,2,0.06587847497297294,0.005457733216835613
442.256508,700,25802.627847,False,1.0,1.0,1.0,0.0,332,5,0.10872106324058806,0.022194400425775015
425.466739,700,25826.91368,False,1.0,1.0,0.0,0.0,20,1,0.017534605693642846,0.029930764588665504
244.379244,700,25847.116925,False,1.0,1.0,1.0,0.0,17,1,0.08388598725041507,0.02488654197550332
921.177031,700,25880.399197,False,1.0,1.0,1.0,0.0,37,3,0.07356714762098737,0.0031213517045857106
601.849205,700,25911.060819,False,1.0,1.0,1.0,0.0,16,2,0.0657379192311871,0.009221816771062808
173.543813,700,25931.359159,False,0.0,0.0,0.0,0.0,0,0,0.010726748813713716,0.011509609463177691
411.068263,700,25951.624165,False,0.0,0.0,0.0,0.0,0,0,0.012171756390631061,0.028786664502254727
394.930678,700,25971.020937,False,0.0,0.0,0.0,0.0,0,0,0.021530915650435634,0.0063120459660651156
484.946309,700,25994.296657,False,1.0,1.0,0.0,0.0,633,1,0.018084453358433783,0.009330676822550033
887.359717,700,26017.905055,False,1.0,1.0,1.0,0.0,123,2,0.0824428202651144,0.0047367769716869035
644.71847,700,26044.326502,False,1.0,1.0,1.0,0.0,47,3,0.0832013028718801,0.0033205035892436173
461.549457,700,26061.393462,False,0.0,0.0,0.0,0.0,0,0,0.016660732869097528,0.008623347551623384
465.076237,700,26085.448086,False,0.0,0.0,0.0,0.0,0,0,0.02117977105215707,0.013059335338130217
758.999353,700,26108.97884,False,1.0,1.0,1.0,0.0,62,5,0.0832521732214091,0.002405979120038074
592.151308,700,26134.254481,False,1.0,1.0,1.0,0.0,26,4,0.0807207859075103,0.006214591579084962
714.637387,700,26156.537649,False,1.0,1.0,1.0,0.0,69,7,0.11646037765887007,0.0029376666300493432
406.695503,700,26185.500049,False,1.0,1.0,1.0,0.0,15,1,0.07103415276171432,0.022180534337672413
853.409735,700,26217.820129,False,1.0,1.0,1.0,0.0,26,6,0.0732198528559187,0.0037392971963352275
509.186951,700,26241.98972,False,1.0,1.0,1.0,0.0,22,1,0.05832989036603731,0.006645020049952911
729.666585,700,26267.262004,False,1.0,1.0,1.0,0.0,158,1,0.09049862044803292,0.005079331856544913
547.185475,700,26289.086471,False,1.0,1.0,1.0,0.0,171,3,0.06802007022638834,0.0077883362040013105
511.26357,700,26312.539925,False,1.0,1.0,1.0,0.0,46,1,0.07472024052379123,0.008501861393116374
427.618165,700,26331.634882,False,1.0,1.0,1.0,0.0,22,10,0.0575521590820639,0.006433911319322744
460.398702,700,26352.825063,False,0.0,0.0,0.0,0.0,0,0,0.003196054756368527,0.021136276437124926
490.456259,700,26394.822898,False,1.0,1.0,1.0,0.0,65,1,0.06750656766261454,0.011037778674916099
641.808916,700,26413.001913,False,1.0,1.0,1.0,0.0,45,1,0.08717925652514069,0.006364897300460543
458.620152,700,26432.163231,False,0.0,0.0,0.0,0.0,0,0,0.01908372066488695,0.016357118411941568
492.600333,700,26454.509799,False,1.0,1.0,1.0,0.0,22,1,0.06788844990928156,0.016732153275338144
448.144569,700,26477.922571,False,0.0,0.0,0.0,0.0,0,0,0.006707263293028842,0.03334796172012159
197.445741,700,26496.193604,False,0.0,0.0,0.0,0.0,0,0,0.02284882064923921,0.0121463217409844
834.035413,700,26525.803005,False,1.0,1.0,1.0,0.0,48,1,0.08073907110638867,0.005684288111785419
495.055571,700,26551.69215,False,0.0,0.0,0.0,0.0,0,0,0.023418401760244234,0.00609449476949783
344.481876,700,26571.217163,False,0.0,0.0,0.0,0.0,0,0,0.02332593184111531,0.03533968467644236
829.874197,700,26590.931331,False,1.0,1.0,1.0,0.0,20,5,0.0827778567343801,0.0012212558832349792
720.952008,700,26610.977906,False,1.0,1.0,1.0,0.0,19,5,0.07296942814831209,0.015685874559222573
892.703562,700,26629.478541,False,1.0,1.0,1.0,0.0,54,3,0.08841195831346504,0.0045400726566779395
732.246612,700,26650.868862,False,1.0,1.0,1.0,0.0,96,1,0.06780182810000235,0.017480386741908157
755.127626,700,26680.818828,False,1.0,1.0,1.0,0.0,97,8,0.08299690588098851,0.0059202480351513535
339.201532,700,26704.507672,False,1.0,1.0,1.0,0.0,29,4,0.08962716652043534,0.007971467282761126
313.204121,700,26733.125746,False,1.0,1.0,0.0,0.0,57,1,0.015527917565941074,0.024942248881192924
456.770648,700,26761.780681,False,0.0,0.0,0.0,0.0,0,0,0.010918917733784061,0.019453999931872162
452.757887,700,26793.504172,False,1.0,1.0,1.0,0.0,18,3,0.06958297378733336,0.011101326891553636
394.039934,700,26810.942326,False,0.0,0.0,0.0,0.0,0,0,0.008052635922695561,0.026856934423708834
500.310817,700,26842.855193,False,1.0,1.0,1.0,0.0,659,1,0.05311551834362693,0.00894674112087192
586.934049,700,26865.793133,False,1.0,1.0,1.0,0.0,49,2,0.07770424155835975,0.014702851934294782
452.642317,700,26889.078175,False,1.0,1.0,0.0,0.0,306,1,0.029765739126344837,0.019789276046142393
524.816958,700,26912.274601,False,1.0,1.0,1.0,0.0,92,6,0.08282816727997333,0.0011978521075166212
905.853582,700,26946.943344,False,1.0,1.0,1.0,0.0,105,2,0.08163344087718016,0.0023537395138593965
380.934175,700,26966.386265,False,0.0,0.0,0.0,0.0,0,0,0.002658202086201489,0.037085693047857714
583.20558,700,26994.030052,False,1.0,1.0,1.0,0.0,22,5,0.06242697461737934,0.013508915323242256
727.737369,700,27015.738728,False,1.0,1.0,1.0,0.0,106,1,0.07956267376640658,0.004750604476412685
461.446667,700,27037.431691,False,1.0,1.0,1.0,0.0,614,1,0.06100424405724658,0.019017323701806914
460.438617,700,27063.67239,False,0.0,0.0,0.0,0.0,0,0,0.013086192042594424,0.003652862480444802
908.468803,700,27088.056619,False,1.0,1.0,1.0,0.0,14,12,0.06390211945453517,0.001731653710859225
643.082246,700,27114.450588,False,1.0,1.0,1.0,0.0,87,1,0.09811597313781473,0.006823010059307266
699.378,700,27135.98443,False,1.0,1.0,1.0,0.0,14,5,0.06776469571595234,0.007695546598421474
800.253733,700,27163.77883,False,1.0,1.0,1.0,0.0,249,3,0.06035083455480339,0.003515454718795155
603.20617,700,27199.576196,False,1.0,1.0,1.0,0.0,33,2,0.08292740770541829,0.017564881452565028
444.606749,700,27222.78089,False,0.0,0.0,0.0,0.0,0,0,0.022675193082968725,0.013174799952733416
847.646747,700,27256.294222,False,1.0,1.0,1.0,0.0,22,3,0.07334873338417047,0.00201112715586145
749.655524,700,27275.572297,False,1.0,1.0,1.0,0.0,28,2,0.11396419457925178,0.010467360039197696
646.776017,700,27300.754077,False,1.0,1.0,1.0,0.0,207,3,0.10046056042262153,0.004909981192637572
626.765121,700,27322.677349,False,1.0,1.0,1.0,0.0,89,2,0.07157955717932685,0.007573053009752891
560.233668,700,27342.353652,False,1.0,1.0,1.0,0.0,23,1,0.06610026763886712,0.011225601435043697
471.434318,700,27365.346694,False,1.0,1.0,0.0,0.0,114,3,0.038336530333275,0.008139148411391467
451.41896,700,27386.306058,False,0.0,0.0,0.0,0.0,0,0,0.01814766328866635,0.021365366229534347
372.065702,700,27410.01865,False,1.0,1.0,0.0,0.0,380,4,0.01230269145260221,0.017924190357396442
368.095107,700,27432.188793,False,1.0,1.0,0.0,0.0,61,1,0.02335203115084572,0.017983063952024425
459.443172,700,27458.053098,False,0.0,0.0,0.0,0.0,0,0,0.012823012193541206,0.018151708866248072
942.912853,700,27483.736574,False,1.0,1.0,1.0,0.0,27,2,0.07034487883570939,0.005179306835133191
191.938016,700,27503.763572,False,1.0,1.0,0.0,0.0,19,2,0.03436735037643812,0.01659031512522991
226.73327,700,27520.799572,False,1.0,1.0,1.0,0.0,121,2,0.09536225502548978,0.00907204424895275
1018.701884,700,27543.057809,False,1.0,1.0,1.0,0.0,20,3,0.07977216926093977,0.007347880555149691
464.951463,700,27564.758322,False,1.0,1.0,0.0,0.0,24,2,0.03499929860242623,0.010869382611920646
520.847988,700,27582.767819,False,1.0,1.0,0.0,0.0,19,4,0.049517651466280954,0.0026491548108745185
606.166027,700,27606.581485,False,1.0,1.0,1.0,0.0,36,3,0.05782589352575296,0.012620638697313037
101.304962,700,27628.116126,False,1.0,1.0,0.0,0.0,105,3,0.04063366340195329,0.014846454832448109
366.384351,700,27647.797387,False,0.0,0.0,0.0,0.0,0,0,0.0024614349677691827,0.039106130018592165
465.128968,700,27667.087798,False,1.0,1.0,0.0,0.0,53,1,0.025577744764046284,0.007064337942182944
508.004984,700,27694.10147,False,1.0,1.0,1.0,0.0,146,6,0.08062476015091635,0.001871259215588261
574.28177,700,27712.739629,False,1.0,1.0,1.0,0.0,37,3,0.07560068163938682,0.0043025318350630535
432.080602,700,27743.713035,False,1.0,1.0,1.0,0.0,27,1,0.07212717325675944,0.01609391174189149
590.168803,700,27764.906319,False,1.0,1.0,1.0,0.0,31,2,0.08123334442667518,0.003690256637306272
895.528097,700,27788.141665,False,1.0,1.0,1.0,0.0,56,7,0.07718977752295708,0.005595896641393103
194.09868,700,27805.968941,False,1.0,1.0,1.0,0.0,22,1,0.05926797903871295,0.026869897772244133
458.529543,700,27832.955856,False,0.0,0.0,0.0,0.0,0,0,0.006229017830544081,0.005197493316598452
1015.439166,700,27850.645087,False,1.0,1.0,1.0,0.0,22,2,0.07468767043850222,0.004803475287233404
437.43872,700,27872.645172,False,0.0,0.0,0.0,0.0,0,0,0.0027480325863691313,0.02915885500507051
892.977606,700,27894.584932,False,1.0,1.0,1.0,0.0,23,6,0.0786675343126606,0.006046666561416765
797.41659,700,27930.460533,False,1.0,1.0,1.0,0.0,23,10,0.07995514983626484,0.008525007038424374
607.045433,700,27949.049039,False,1.0,1.0,1.0,0.0,21,2,0.07107364478861644,0.009283475533340125
612.64126,700,27987.104675,False,1.0,1.0,1.0,0.0,40,4,0.082236980875109,0.007002832265984911
442.782673,700,28007.310519,False,1.0,1.0,0.0,0.0,37,4,0.03087498800469779,0.006735082647669079
614.922143,700,28040.716106,False,1.0,1.0,1.0,0.0,78,3,0.0782057162820956,0.016050374191356
627.114634,700,28064.456229,False,1.0,1.0,1.0,0.0,12,2,0.06696130476985118,0.0027644913611850523
625.717144,700,28089.01058,False,1.0,1.0,1.0,0.0,63,5,0.07676540468903925,0.005643638214765767
445.543423,700,28127.916902,False,0.0,0.0,0.0,0.0,0,0,0.020530687061317554,0.029555923273129624
478.519529,700,28154.828797,False,1.0,1.0,0.0,0.0,31,1,0.01377904740601077,0.009183793734064881
623.595632,700,28174.583867,False,1.0,1.0,1.0,0.0,44,3,0.07660712683157711,0.007243822887892589
581.660397,700,28202.538279,False,1.0,1.0,1.0,0.0,23,1,0.07837493686333274,0.015555278819715992
752.438978,700,28226.775632,False,1.0,1.0,1.0,0.0,25,2,0.0728155358813749,0.011916615280713826
734.940761,700,28252.12355,False,1.0,1.0,1.0,0.0,41,2,0.06792004973419141,0.005477868213349806
485.701492,700,28282.015466,False,1.0,1.0,1.0,0.0,28,3,0.07464121871185203,0.0061507540102483885
442.603685,700,28303.21221,False,0.0,0.0,0.0,0.0,0,0,0.005735482822591509,0.02509038122529847
460.012637,700,28337.05744,False,0.0,0.0,0.0,0.0,0,0,0.013588865166875741,0.021917872879370474
479.537936,700,28363.378392,False,0.0,0.0,0.0,0.0,0,0,0.012211191111021757,0.00798435973601087
910.648594,700,28385.74572,False,1.0,1.0,1.0,0.0,38,2,0.08039990605227765,0.0035504937380377577
694.412578,700,28410.222529,False,1.0,1.0,1.0,0.0,30,4,0.07022707099341574,0.008331052542030532
447.159979,700,28432.521021,False,0.0,0.0,0.0,0.0,0,0,0.02994935256180542,0.020157725025194882
923.489819,700,28458.450868,False,1.0,1.0,1.0,0.0,92,3,0.07024259470529748,0.0011139332440648652
457.351707,700,28482.451885,False,1.0,1.0,0.0,0.0,118,4,0.04091027947077919,0.012713573043519586
