#{"t_start": 1777125367.666899, "env_id": "None"}
r,l,t,success,contact_success,grasp_success,grasp_lift_success,place_success,first_grasp_step,grasp_transitions,max_height,min_dist_eef_obj
-24.173034,700,55.529372,False,0.0,0.0,0.0,0.0,0,0,6.340248245306768e-07,0.3224921901586668
-7.016878,700,77.417785,False,0.0,0.0,0.0,0.0,0,0,7.975128021309175e-07,0.358149050264325
-16.597626,700,104.396681,False,0.0,0.0,0.0,0.0,0,0,6.307876413425006e-07,0.28608349511532116
-7.975757,700,130.619829,False,0.0,0.0,0.0,0.0,0,0,3.456586514793969e-07,0.4126816847224693
-12.500199,700,169.671052,False,0.0,0.0,0.0,0.0,0,0,7.673498647609023e-08,0.31654578976503156
-12.985669,700,192.138829,False,0.0,0.0,0.0,0.0,0,0,6.347164600573052e-07,0.3188181004059232
-5.438643,700,221.908468,False,0.0,0.0,0.0,0.0,0,0,8.807209149752637e-07,0.33422369218786124
-13.699517,700,250.256282,False,0.0,0.0,0.0,0.0,0,0,1.940753538987039e-07,0.30211275536244014
-20.037061,700,289.34399,False,0.0,0.0,0.0,0.0,0,0,1.486575165188242e-07,0.15699917914310152
2.673166,700,314.660962,False,0.0,0.0,0.0,0.0,0,0,6.423469378624702e-07,0.23308333247127158
-14.853791,700,349.521551,False,0.0,0.0,0.0,0.0,0,0,0.0018635262281051501,0.1196980511603541
12.31802,700,381.241351,False,0.0,0.0,0.0,0.0,0,0,0.005287642324291908,0.1552270599954128
21.140699,700,406.508046,False,0.0,0.0,0.0,0.0,0,0,0.0026615335611146484,0.032872177757466224
22.37282,700,441.986281,False,0.0,0.0,0.0,0.0,0,0,0.00185615520076865,0.08038843026391157
-1.994779,700,466.585448,False,0.0,0.0,0.0,0.0,0,0,6.037761655086626e-07,0.134450184715706
3.384779,700,496.481646,False,0.0,0.0,0.0,0.0,0,0,0.0015175224079548855,0.15653858471930446
16.426827,700,523.233027,False,0.0,0.0,0.0,0.0,0,0,0.1006242297774893,0.0355434654663841
37.426485,700,546.090031,False,0.0,0.0,0.0,0.0,0,0,0.0025576414348897902,0.06111105028268275
5.721261,700,577.707756,False,0.0,0.0,0.0,0.0,0,0,0.002866922741151079,0.1123113470644638
-8.19817,700,607.210258,False,0.0,0.0,0.0,0.0,0,0,0.0018492673919091596,0.18105426461398108
33.161896,700,644.388265,False,0.0,0.0,0.0,0.0,0,0,0.0030154692531322302,0.097131630885222
-4.94718,700,677.762589,False,0.0,0.0,0.0,0.0,0,0,0.0037173754754415977,0.11844297515928617
80.153405,700,705.996695,False,0.0,0.0,0.0,0.0,0,0,0.003156879052543693,0.048532979971649605
-10.548731,700,727.893266,False,0.0,0.0,0.0,0.0,0,0,0.003918000808672661,0.06420188894582421
-3.215495,700,755.102026,False,0.0,0.0,0.0,0.0,0,0,1.3742318294429623e-07,0.17229580498586367
43.040443,700,780.309735,False,0.0,0.0,0.0,0.0,0,0,0.00505677406846794,0.06628071996190517
16.70785,700,819.446906,False,0.0,0.0,0.0,0.0,0,0,0.0024891189024152105,0.05570406953752951
19.14374,700,845.626767,False,0.0,0.0,0.0,0.0,0,0,0.00663796324617294,0.029770558829708124
24.688144,700,878.873149,False,0.0,0.0,0.0,0.0,0,0,0.006694943532921771,0.04077949197559389
11.181475,700,903.015513,False,0.0,0.0,0.0,0.0,0,0,0.001331716464279542,0.052568229860396415
26.825913,700,926.902984,False,1.0,1.0,0.0,0.0,33,1,0.010262178671733846,0.039674946354569945
39.390521,700,973.278073,False,0.0,0.0,0.0,0.0,0,0,0.0046681073718169985,0.0892727819156833
22.71547,700,1025.984101,False,0.0,0.0,0.0,0.0,0,0,0.0029004881193512855,0.0803187233259062
62.348695,700,1048.61373,False,0.0,0.0,0.0,0.0,0,0,0.0028284456723209894,0.05504235435624855
68.62287,700,1068.934183,False,0.0,0.0,0.0,0.0,0,0,0.014852781362325151,0.0657267948811698
33.76299,700,1100.528418,False,0.0,0.0,0.0,0.0,0,0,0.0052905045324666,0.06766821372586071
75.870699,700,1128.352428,False,0.0,0.0,0.0,0.0,0,0,0.0019163756217134287,0.028224324016871964
50.362169,700,1151.594133,False,1.0,1.0,0.0,0.0,141,1,0.0014390328865195867,0.03857723835166536
80.176018,700,1179.740225,False,0.0,0.0,0.0,0.0,0,0,0.01861492123938069,0.024595377317182983
23.885261,700,1215.15071,False,1.0,1.0,1.0,0.0,94,2,0.3155917758061402,0.014883853463176227
46.233875,700,1247.049558,False,0.0,0.0,0.0,0.0,0,0,0.0041441730408584565,0.08880387877038205
98.685463,700,1278.352774,False,0.0,0.0,0.0,0.0,0,0,0.01220523581976618,0.019573148073909228
14.822748,700,1302.132264,False,0.0,0.0,0.0,0.0,0,0,0.01710635945020711,0.007526579775155155
38.366381,700,1323.335454,False,0.0,0.0,0.0,0.0,0,0,0.0012528540797094312,0.041334180883616733
34.855672,700,1345.323973,False,0.0,0.0,0.0,0.0,0,0,0.0030318103373174754,0.04089533791320975
94.293679,700,1372.401552,False,0.0,0.0,0.0,0.0,0,0,0.02958180305213498,0.03633770780822955
116.118072,700,1396.01899,False,0.0,0.0,0.0,0.0,0,0,0.013621965372659361,0.007851936311449481
93.198064,700,1426.073432,False,0.0,0.0,0.0,0.0,0,0,0.027652484479921635,0.041689336750602754
91.989104,700,1456.299797,False,0.0,0.0,0.0,0.0,0,0,0.0006688675008045264,0.04395620072421256
94.457296,700,1500.367249,False,0.0,0.0,0.0,0.0,0,0,0.00538848706025552,0.007637159344518223
53.118575,700,1523.353413,False,1.0,1.0,0.0,0.0,215,3,0.04078378546753403,0.03649020498749993
83.736079,700,1553.188705,False,0.0,0.0,0.0,0.0,0,0,0.0036706008091151876,0.007868752196638273
92.267403,700,1578.383992,False,1.0,1.0,0.0,0.0,519,1,0.03397657604367599,0.013242097145798748
107.013082,700,1615.213104,False,1.0,1.0,0.0,0.0,170,2,0.01397843295652712,0.031072923675786717
95.860597,700,1645.51645,False,0.0,0.0,0.0,0.0,0,0,0.00010114824058671257,0.047626668564365794
32.950623,700,1676.366047,False,0.0,0.0,0.0,0.0,0,0,0.0024988888906923856,0.13518037864385046
97.526384,700,1702.704732,False,0.0,0.0,0.0,0.0,0,0,0.00426141915511169,0.041771872503559515
69.767103,700,1730.923147,False,0.0,0.0,0.0,0.0,0,0,0.0065737072780813754,0.05855606747208003
99.385152,700,1757.793848,False,0.0,0.0,0.0,0.0,0,0,0.002622989870536885,0.031169564447926335
113.931026,700,1783.863454,False,0.0,0.0,0.0,0.0,0,0,0.010092473008072478,0.04775864810987969
95.044216,700,1813.69379,False,0.0,0.0,0.0,0.0,0,0,0.005083400634056323,0.037332863976434295
77.200689,700,1837.27242,False,1.0,1.0,0.0,0.0,40,2,0.03672395784603533,0.03149578640108419
102.616502,700,1861.871382,False,0.0,0.0,0.0,0.0,0,0,0.0040589393313321676,0.05553950936811818
121.792558,700,1892.810617,False,1.0,1.0,0.0,0.0,25,1,0.0040320623381729925,0.031925580270405804
136.550348,700,1934.030832,False,0.0,0.0,0.0,0.0,0,0,0.0064083305256620315,0.031871702837133586
102.454194,700,1954.957301,False,1.0,1.0,1.0,0.0,621,3,0.057295059334639964,0.01047289714286867
133.987715,700,2019.240015,False,1.0,1.0,0.0,0.0,475,1,0.015837078434089213,0.03790683370453917
144.218292,700,2049.0704,False,1.0,1.0,0.0,0.0,416,2,0.009422338358337279,0.030249437542532114
129.496539,700,2077.026582,False,0.0,0.0,0.0,0.0,0,0,0.008738757447239287,0.034570386647078274
53.797633,700,2102.563232,False,1.0,1.0,0.0,0.0,182,1,0.04248466493534231,0.027105200884785918
95.835205,700,2135.886601,False,0.0,0.0,0.0,0.0,0,0,0.01754738489767982,0.041474789634636
141.057307,700,2163.397502,False,0.0,0.0,0.0,0.0,0,0,0.007479619846701757,0.007178862830151028
168.131891,700,2190.366797,False,0.0,0.0,0.0,0.0,0,0,0.02530966910254695,0.03948927450158588
173.933782,700,2215.715172,False,0.0,0.0,0.0,0.0,0,0,0.00894709642285485,0.017719283510249432
175.93702,700,2239.757707,False,0.0,0.0,0.0,0.0,0,0,0.014135310917528399,0.013437048638136561
75.914643,700,2279.545944,False,1.0,1.0,0.0,0.0,55,4,0.007158855087918803,0.029505089102638958
161.019744,700,2314.679814,False,1.0,1.0,0.0,0.0,59,3,0.03274999441850368,0.03441429648845912
114.379238,700,2341.544838,False,0.0,0.0,0.0,0.0,0,0,0.01154205684708376,0.02838680505780262
189.877654,700,2369.326231,False,1.0,1.0,0.0,0.0,354,1,0.08946607250488314,0.0030302945103480514
203.839068,700,2403.724615,False,1.0,1.0,0.0,0.0,167,1,0.018360980803470928,0.0074612634086916405
161.748733,700,2439.537052,False,0.0,0.0,0.0,0.0,0,0,0.015880817434325345,0.02679511968683914
155.787422,700,2473.188502,False,1.0,1.0,0.0,0.0,80,2,0.07713814576502531,0.014254730167010678
190.175968,700,2497.294308,False,0.0,0.0,0.0,0.0,0,0,0.01717332516364789,0.035725009712296196
181.574454,700,2533.063087,False,1.0,1.0,1.0,0.0,116,5,0.0515628858865218,0.001798928643056509
214.607026,700,2569.24079,False,1.0,1.0,0.0,0.0,322,1,0.016000423726405644,0.023427335472944434
122.773763,700,2595.902287,False,0.0,0.0,0.0,0.0,0,0,0.010541138715203568,0.03889496533820872
208.571963,700,2637.704761,False,0.0,0.0,0.0,0.0,0,0,0.013844787285004156,0.01031387584779297
197.687229,700,2665.454041,False,0.0,0.0,0.0,0.0,0,0,0.016711608072534467,0.02646531721902488
200.562158,700,2690.096519,False,0.0,0.0,0.0,0.0,0,0,0.021747299105032036,0.02851544888850417
189.386836,700,2716.274058,False,1.0,1.0,0.0,0.0,253,3,0.024722398843133986,0.004535269255496026
183.054964,700,2743.496051,False,1.0,1.0,1.0,0.0,80,3,0.40240748739011944,0.012777710188175211
220.411008,700,2781.995004,False,1.0,1.0,0.0,0.0,550,1,0.0032089823407471796,0.03333558173715807
165.066723,700,2804.38468,False,0.0,0.0,0.0,0.0,0,0,0.0074643136302824376,0.020419876320451943
217.759821,700,2837.615846,False,1.0,1.0,0.0,0.0,35,4,0.07591624583020584,0.015005446920080863
230.885046,700,2866.957896,False,0.0,0.0,0.0,0.0,0,0,0.03313005690002613,0.005418261337682905
220.795206,700,2898.90842,False,1.0,1.0,0.0,0.0,64,2,0.038056229163348165,0.007080138798073039
94.17813,700,2923.462312,False,1.0,1.0,0.0,0.0,37,2,0.056569892186055015,0.030946764194859658
78.896017,700,2953.573291,False,1.0,1.0,1.0,0.0,96,3,0.4180113524494078,0.024299205349374454
169.702556,700,2993.83425,False,1.0,1.0,0.0,0.0,60,3,0.018354735354007,0.030176123568063717
195.02554,700,3022.837817,False,0.0,0.0,0.0,0.0,0,0,0.010331852372796768,0.0065980886680359575
261.106235,700,3058.466662,False,1.0,1.0,0.0,0.0,383,2,0.012130034694374792,0.017013930807349024
122.288232,700,3091.08846,False,0.0,0.0,0.0,0.0,0,0,0.002946891074028235,0.037686676373996496
211.394689,700,3124.119248,False,1.0,1.0,0.0,0.0,357,3,0.007614964434155325,0.01926410987629246
134.083551,700,3154.06804,False,1.0,1.0,1.0,0.0,120,2,0.10046967754558367,0.008814010169699486
200.394018,700,3193.06677,False,1.0,1.0,0.0,0.0,28,4,0.01644775933933862,0.013299285184234365
256.29875,700,3225.376569,False,1.0,1.0,0.0,0.0,139,3,0.019273389686779274,0.01614715580508707
184.66483,700,3247.796044,False,0.0,0.0,0.0,0.0,0,0,0.002369875245144093,0.04077911615864281
77.404042,700,3284.42168,False,0.0,0.0,0.0,0.0,0,0,0.0056502550798477325,0.03422943395911998
251.9019,700,3313.155019,False,1.0,1.0,0.0,0.0,165,1,0.022402325410150414,0.030271932401885585
68.887129,700,3341.748141,False,1.0,1.0,0.0,0.0,28,3,0.006837708162068745,0.028051457421027565
174.034335,700,3382.018221,False,1.0,1.0,0.0,0.0,98,2,0.1297638083266871,0.011059141536771257
242.679763,700,3413.070043,False,1.0,1.0,1.0,0.0,66,2,0.1119515175259077,0.008045013664209514
235.902162,700,3441.357991,False,1.0,1.0,0.0,0.0,66,2,0.007746715539260207,0.008368606245441017
226.880877,700,3472.418391,False,0.0,0.0,0.0,0.0,0,0,0.03148183071187571,0.03576411825221004
207.410085,700,3504.610533,False,0.0,0.0,0.0,0.0,0,0,0.04809537591938895,0.024988481385311907
154.17218,700,3531.247666,False,1.0,1.0,1.0,0.0,62,5,0.535452686241746,0.005013533878124032
262.721466,700,3557.718027,False,1.0,1.0,0.0,0.0,210,1,0.03193504798313729,0.01141121614789381
144.73164,700,3618.800724,False,1.0,1.0,1.0,0.0,37,3,0.2507442331414068,0.015418840670317756
241.974745,700,3649.53387,False,1.0,1.0,0.0,0.0,243,1,0.012127192658632824,0.005207091874802037
193.914188,700,3680.638846,False,0.0,0.0,0.0,0.0,0,0,0.02836698911190938,0.024335178438072914
243.979123,700,3712.917129,False,1.0,1.0,0.0,0.0,42,1,0.05813095830578707,0.003580106970206397
266.681398,700,3734.583126,False,0.0,0.0,0.0,0.0,0,0,0.03304561813671825,0.005803669275082688
272.816598,700,3761.271863,False,1.0,1.0,0.0,0.0,393,1,0.01852783274462433,0.02072540862963178
296.172591,700,3794.529639,False,0.0,0.0,0.0,0.0,0,0,0.019556649006512106,0.004137940789160476
86.400343,700,3825.104993,False,1.0,1.0,0.0,0.0,88,1,0.00822784458683068,0.031480131204634006
215.841189,700,3858.913964,False,0.0,0.0,0.0,0.0,0,0,0.012344443588350962,0.007478201226707324
42.563528,700,3892.289934,False,1.0,1.0,0.0,0.0,108,1,0.014942700996474656,0.037512358020510145
233.066825,700,3920.88969,False,1.0,1.0,0.0,0.0,269,3,0.019139888634141733,0.011727838619173524
251.780881,700,3962.417506,False,1.0,1.0,0.0,0.0,146,2,0.011282117666961078,0.0238171677695786
193.860839,700,3987.686022,False,1.0,1.0,0.0,0.0,90,2,0.033492059144668795,0.0071306034412049035
270.978659,700,4018.221984,False,0.0,0.0,0.0,0.0,0,0,0.015900425978199184,0.007993483851066113
257.971563,700,4049.341964,False,1.0,1.0,1.0,0.0,25,4,0.43192736418896915,0.0097017380830017
111.485254,700,4072.737527,False,1.0,1.0,0.0,0.0,78,5,0.03135896473454014,0.0046389615153705896
258.623426,700,4108.554358,False,1.0,1.0,0.0,0.0,70,3,0.007086353969214421,0.03755287650293209
111.667404,700,4145.213523,False,0.0,0.0,0.0,0.0,0,0,0.03351197415837348,0.006342896366094397
308.731798,700,4172.898266,False,1.0,1.0,0.0,0.0,652,2,0.023923861152755466,0.017558357195851918
289.670087,700,4200.326263,False,1.0,1.0,0.0,0.0,662,2,0.034134730664385216,0.013575829762565403
65.091629,700,4243.310227,False,0.0,0.0,0.0,0.0,0,0,0.014111819923112834,0.00987163486300982
132.701409,700,4290.263406,False,1.0,1.0,1.0,0.0,122,6,0.2003747725639793,0.006357432383912994
322.733114,700,4321.021965,False,0.0,0.0,0.0,0.0,0,0,0.11378812109978942,0.006439551083784091
258.783836,700,4351.249732,False,0.0,0.0,0.0,0.0,0,0,0.008796754450902333,0.031270172561101914
295.822088,700,4376.198055,False,1.0,1.0,1.0,0.0,54,5,0.16457841948082608,0.013218852202780015
330.616874,700,4400.82012,False,1.0,1.0,0.0,0.0,673,1,0.01825069296127224,0.0069266092655193255
295.875553,700,4435.683781,False,0.0,0.0,0.0,0.0,0,0,0.01940770328250585,0.006591434960690796
311.088854,700,4465.76086,False,1.0,1.0,0.0,0.0,518,1,0.04534596420937842,0.007814805379453464
129.801932,700,4494.972973,False,1.0,1.0,0.0,0.0,124,1,0.01091892861012489,0.005468650847039122
294.148324,700,4519.987865,False,1.0,1.0,0.0,0.0,118,1,0.0552198032740413,0.007316392989417898
208.459389,700,4554.351784,False,1.0,1.0,1.0,0.0,280,2,0.12147043518496414,0.017195274330117603
351.111128,700,4585.664944,False,1.0,1.0,0.0,0.0,269,3,0.019928796054095144,0.006962148909145468
207.602059,700,4624.071889,False,0.0,0.0,0.0,0.0,0,0,0.015798129422447293,0.04723717560464464
141.102892,700,4654.210862,False,0.0,0.0,0.0,0.0,0,0,0.01720715818603269,0.02115183177157332
336.428722,700,4686.967738,False,1.0,1.0,0.0,0.0,78,1,0.045199641404536584,0.02135929503306152
103.026997,700,4715.148218,False,1.0,1.0,1.0,0.0,21,1,0.21140698604534802,0.01270357131586423
330.520415,700,4750.290458,False,0.0,0.0,0.0,0.0,0,0,0.015536082319982492,0.0178225653276566
180.859579,700,4791.448899,False,0.0,0.0,0.0,0.0,0,0,0.002851475989669283,0.020701352013330874
330.420536,700,4820.628393,False,1.0,1.0,0.0,0.0,223,8,0.014326150061738208,0.021003844318148678
358.727785,700,4854.983294,False,0.0,0.0,0.0,0.0,0,0,0.09932562524863564,0.002743339191221428
318.610591,700,4890.598464,False,1.0,1.0,0.0,0.0,174,4,0.06024698639941073,0.008008594545194843
303.437635,700,4929.148025,False,0.0,0.0,0.0,0.0,0,0,0.008702512090395631,0.01426951338722731
334.779174,700,4965.757592,False,1.0,1.0,1.0,0.0,65,5,0.2338274307994609,0.002616415324677396
143.59067,700,4990.501736,False,1.0,1.0,0.0,0.0,16,1,0.006267607009204035,0.03311605163926011
319.001787,700,5019.895999,False,0.0,0.0,0.0,0.0,0,0,0.007836571648530244,0.011883676308110748
163.268493,700,5045.802107,False,0.0,0.0,0.0,0.0,0,0,0.025171488998601443,0.017577610984161156
262.422295,700,5075.979035,False,1.0,1.0,0.0,0.0,226,2,0.024946378634760014,0.02559613844185204
281.993535,700,5099.705412,False,1.0,1.0,0.0,0.0,406,2,0.017915744635691455,0.031581698457356366
373.200496,700,5123.510363,False,0.0,0.0,0.0,0.0,0,0,0.032371913278483766,0.00871718743074942
351.384023,700,5148.841011,False,1.0,1.0,0.0,0.0,82,7,0.028556517173309426,0.007119091279480135
90.396019,700,5177.396433,False,1.0,1.0,1.0,0.0,56,2,0.1863652009791742,0.0207570554161119
370.29893,700,5207.454846,False,1.0,1.0,1.0,0.0,112,4,0.13410641508088095,0.006784886628331022
199.788013,700,5237.139166,False,1.0,1.0,1.0,0.0,15,4,0.1205778578521235,0.014213932377850855
180.314522,700,5270.46995,False,1.0,1.0,0.0,0.0,120,1,0.008704007776582201,0.012256243259179605
311.220451,700,5311.828294,False,0.0,0.0,0.0,0.0,0,0,0.04258097594319599,0.03166723068612024
299.935043,700,5337.634646,False,1.0,1.0,0.0,0.0,47,2,0.03495846707216621,0.01111415373036129
333.34703,700,5372.742405,False,1.0,1.0,0.0,0.0,110,2,0.00492793535883318,0.019153117251006317
370.910687,700,5402.651712,False,1.0,1.0,0.0,0.0,31,1,0.04275749625524605,0.009393489521384583
375.739231,700,5431.307477,False,1.0,1.0,0.0,0.0,531,1,0.014626785536909881,0.008486385305110143
142.994188,700,5468.650386,False,1.0,1.0,1.0,0.0,31,3,0.10406586637675108,0.007984340359620801
80.744959,700,5494.293746,False,0.0,0.0,0.0,0.0,0,0,0.01755553826249301,0.03277325481159815
346.882254,700,5524.173782,False,1.0,1.0,0.0,0.0,276,1,0.021000899464782785,0.031124562931317514
269.993527,700,5544.643177,False,0.0,0.0,0.0,0.0,0,0,0.004618264119707227,0.016157205201617016
373.635395,700,5574.98246,False,0.0,0.0,0.0,0.0,0,0,0.007299186686325676,0.022654980328614665
347.386158,700,5608.832011,False,1.0,1.0,0.0,0.0,394,3,0.017551345691342535,0.01731822715142363
355.504433,700,5632.193027,False,0.0,0.0,0.0,0.0,0,0,0.013282002760759304,0.030316706744235745
175.259176,700,5662.730994,False,1.0,1.0,0.0,0.0,178,2,0.016402290797865926,0.03041727619163369
110.466177,700,5694.35532,False,0.0,0.0,0.0,0.0,0,0,0.017461157742300948,0.03717946683721409
358.437963,700,5728.195312,False,1.0,1.0,0.0,0.0,612,1,0.04548692307948066,0.008751634077983428
134.991912,700,5768.309598,False,1.0,1.0,0.0,0.0,21,2,0.04636754823765654,0.015114581957201553
366.263969,700,5804.3984,False,0.0,0.0,0.0,0.0,0,0,0.016082188672540187,0.01517832189095402
248.259244,700,5831.304134,False,1.0,1.0,0.0,0.0,144,2,0.005458587835023954,0.0032969323851441057
178.111611,700,5869.782705,False,1.0,1.0,0.0,0.0,315,1,0.010263095374487996,0.022721055061915185
405.338236,700,5899.978123,False,0.0,0.0,0.0,0.0,0,0,0.025543888752799115,0.0036344432105597443
398.235545,700,5923.460978,False,1.0,1.0,0.0,0.0,244,1,0.0037081389682009913,0.03207378636422198
400.934698,700,5957.205448,False,1.0,1.0,1.0,0.0,63,4,0.06112623402718864,0.0065699608360072215
215.654787,700,5988.903663,False,1.0,1.0,0.0,0.0,245,1,0.028916602933030777,0.02335416861399909
355.317692,700,6025.642476,False,0.0,0.0,0.0,0.0,0,0,0.026671045929996806,0.022244772847796128
182.945461,700,6057.054933,False,1.0,1.0,0.0,0.0,201,1,0.005277283036672409,0.02863259968414102
394.942556,700,6086.26628,False,1.0,1.0,1.0,0.0,179,6,0.28764459128952646,0.004495201904970198
371.969998,700,6116.691318,False,1.0,1.0,0.0,0.0,89,1,0.019485883068374288,0.016164562029793838
427.939348,700,6143.423141,False,1.0,1.0,1.0,0.0,46,7,0.1077933513896211,0.009926214811464058
172.386979,700,6168.276276,False,1.0,1.0,1.0,0.0,74,10,0.10778290578030902,0.0077405809458077944
378.687257,700,6209.655691,False,0.0,0.0,0.0,0.0,0,0,0.008618222354894622,0.004648680288958234
382.155654,700,6243.159292,False,0.0,0.0,0.0,0.0,0,0,0.020513326944063603,0.027140382298531062
189.802594,700,6266.156719,False,1.0,1.0,1.0,0.0,53,1,0.15878291756907692,0.012239142816705028
427.078109,700,6299.786512,False,1.0,1.0,1.0,0.0,286,2,0.19185054819538494,0.009067324914145436
250.679885,700,6333.443213,False,1.0,1.0,1.0,0.0,90,1,0.12862050208153408,0.01626950105143281
449.110945,700,6360.293747,False,1.0,1.0,0.0,0.0,553,1,0.027406919947719488,0.007062249724022401
441.434773,700,6387.68579,False,1.0,1.0,0.0,0.0,360,7,0.07460790573233944,0.0014615561338651793
409.730123,700,6415.869304,False,1.0,1.0,0.0,0.0,577,1,0.043293779963453294,0.0031042088348593364
407.670259,700,6441.281638,False,1.0,1.0,0.0,0.0,380,2,0.015895738043391394,0.004543491090625066
394.06739,700,6474.059367,False,1.0,1.0,0.0,0.0,354,4,0.013295073703950555,0.013787577327637529
281.694427,700,6517.574757,False,1.0,1.0,1.0,0.0,16,2,0.09113688956440735,0.015577895994391099
421.487783,700,6550.037871,False,1.0,1.0,0.0,0.0,276,2,0.02773544500021463,0.008041198595785278
366.181437,700,6593.921337,False,0.0,0.0,0.0,0.0,0,0,0.06354524789487437,0.03995331948945256
418.582517,700,6628.60434,False,1.0,1.0,1.0,0.0,150,1,0.08959145917938727,0.003261774511011612
327.032693,700,6654.264893,False,0.0,0.0,0.0,0.0,0,0,0.04526836930608591,0.010606807486945998
225.402706,700,6685.527447,False,1.0,1.0,1.0,0.0,81,4,0.2050259875424526,0.008658652374453263
389.905777,700,6711.085416,False,1.0,1.0,0.0,0.0,156,1,0.012045250875181268,0.0034563301776444396
455.772825,700,6734.536386,False,1.0,1.0,0.0,0.0,582,1,0.042632401726580116,0.01764466085322788
172.576761,700,6768.142449,False,0.0,0.0,0.0,0.0,0,0,0.004303642892843684,0.00811468030544464
399.570376,700,6795.064354,False,0.0,0.0,0.0,0.0,0,0,0.02458268160339283,0.03369431367245645
31.516422,700,6831.079173,False,0.0,0.0,0.0,0.0,0,0,0.0683276342101784,0.023730479419197703
427.501667,700,6863.813943,False,0.0,0.0,0.0,0.0,0,0,0.027711089896841345,0.026421563710509705
361.171796,700,6888.98426,False,0.0,0.0,0.0,0.0,0,0,0.02593009199319507,0.022785234693397962
146.449137,700,6927.263003,False,1.0,1.0,0.0,0.0,147,1,0.006947948612276766,0.005032287372675571
449.091727,700,6976.460304,False,0.0,0.0,0.0,0.0,0,0,0.03519795810072435,0.005984293592248255
426.953496,700,7012.010496,False,1.0,1.0,0.0,0.0,200,5,0.018781682051339454,0.013008975068512264
438.147408,700,7039.034713,False,1.0,1.0,0.0,0.0,155,3,0.020201148799588564,0.009958591899994219
265.962898,700,7073.101756,False,1.0,1.0,0.0,0.0,75,5,0.04682792912403255,0.008711635061935657
439.285346,700,7105.961016,False,0.0,0.0,0.0,0.0,0,0,0.005070705738305259,0.012085276113679228
268.179333,700,7132.438325,False,1.0,1.0,1.0,0.0,32,1,0.2249912514253648,0.021233904139212757
389.006515,700,7167.29895,False,1.0,1.0,0.0,0.0,301,1,0.011329833190868888,0.02016589817452466
284.243223,700,7202.619411,False,1.0,1.0,1.0,0.0,33,2,0.1073401760180368,0.026421871531848343
401.680057,700,7229.352038,False,1.0,1.0,1.0,0.0,36,2,0.12114388482996874,0.01248170847604536
351.251659,700,7254.371406,False,0.0,0.0,0.0,0.0,0,0,0.06421881107879812,0.009392575673444203
338.966856,700,7281.328801,False,1.0,1.0,1.0,0.0,16,1,0.1202356823702273,0.012752339723646462
254.411628,700,7307.907269,False,0.0,0.0,0.0,0.0,0,0,0.020097948244895525,0.037150504406733016
474.342737,700,7338.573134,False,1.0,1.0,1.0,0.0,23,1,0.1407953005980943,0.003466361541197235
383.880901,700,7369.87102,False,0.0,0.0,0.0,0.0,0,0,0.03096193878270237,0.008380936313037947
345.570436,700,7402.531743,False,1.0,1.0,1.0,0.0,76,2,0.10340550695150641,0.00987335976111593
389.577962,700,7427.844006,False,1.0,1.0,1.0,0.0,68,1,0.06009965904410497,0.019786355885900886
390.759505,700,7455.76516,False,0.0,0.0,0.0,0.0,0,0,0.0031530405597903766,0.026094204218385264
360.218557,700,7488.944621,False,1.0,1.0,1.0,0.0,348,7,0.08126934430907962,0.00870859889957677
297.37433,700,7529.49977,False,0.0,0.0,0.0,0.0,0,0,0.012103940838206095,0.013145586200789467
251.026151,700,7560.935623,False,1.0,1.0,1.0,0.0,229,3,0.1553454265256482,0.0036622527274594785
100.545237,700,7582.602174,False,0.0,0.0,0.0,0.0,0,0,0.011542779893675359,0.01939905060316386
387.775285,700,7618.504712,False,0.0,0.0,0.0,0.0,0,0,0.008276683551176056,0.015338153954482616
449.486634,700,7652.373687,False,1.0,1.0,1.0,0.0,476,3,0.09450194977946591,0.00557189389974385
387.295366,700,7690.511491,False,1.0,1.0,1.0,0.0,213,1,0.06355446251867214,0.007153305560207501
405.692461,700,7714.234461,False,1.0,1.0,0.0,0.0,131,3,0.058978757816246175,0.00965404107519671
414.716375,700,7744.620297,False,1.0,1.0,1.0,0.0,197,1,0.07329087387265043,0.021580236421858613
273.686461,700,7768.409885,False,0.0,0.0,0.0,0.0,0,0,0.0024923218104390132,0.015927085214354784
435.809879,700,7796.698624,False,0.0,0.0,0.0,0.0,0,0,0.04482189763037159,0.018042559898484384
222.163219,700,7828.949659,False,0.0,0.0,0.0,0.0,0,0,0.032387795298373434,0.012912494014502417
418.577966,700,7867.391107,False,0.0,0.0,0.0,0.0,0,0,0.01205868590588799,0.006404904502511685
326.82517,700,7901.29761,False,1.0,1.0,1.0,0.0,115,5,0.1900098813848845,0.005779080077683415
420.241364,700,7929.050001,False,1.0,1.0,0.0,0.0,314,3,0.09080984009901538,0.01790209123715184
408.368308,700,7955.287279,False,1.0,1.0,0.0,0.0,183,1,0.0160967309669221,0.03510171885710669
165.16513,700,7987.393223,False,0.0,0.0,0.0,0.0,0,0,0.041494123237213465,0.01862846255064848
433.951357,700,8012.229681,False,1.0,1.0,0.0,0.0,417,2,0.05372611197147603,0.008061005333782815
422.396878,700,8041.886502,False,0.0,0.0,0.0,0.0,0,0,0.02956156845442559,0.013583970044976475
248.905929,700,8077.767386,False,1.0,1.0,1.0,0.0,34,6,0.16002284249190735,0.004658537947546189
465.350094,700,8120.386685,False,1.0,1.0,0.0,0.0,85,4,0.03143442530047369,0.007151450076231205
344.954968,700,8145.601925,False,0.0,0.0,0.0,0.0,0,0,0.006521262732888,0.020114074851214404
348.658104,700,8171.560892,False,1.0,1.0,0.0,0.0,231,1,0.03075848770794165,0.007630762913327539
439.167209,700,8205.176883,False,1.0,1.0,0.0,0.0,72,1,0.03981686116055627,0.011488851435313915
293.819402,700,8233.31415,False,1.0,1.0,1.0,0.0,21,5,0.08959483881587249,0.0040663987155467474
350.382161,700,8268.176851,False,0.0,0.0,0.0,0.0,0,0,0.003077953150291135,0.035013230001945776
275.854188,700,8303.057833,False,0.0,0.0,0.0,0.0,0,0,0.019163623725766188,0.01813307683499371
437.127671,700,8330.983427,False,0.0,0.0,0.0,0.0,0,0,0.018298643258934044,0.010306397354778351
408.372735,700,8366.221885,False,1.0,1.0,0.0,0.0,30,4,0.04702349091113345,0.004517497284410481
351.545437,700,8393.990661,False,1.0,1.0,1.0,0.0,31,3,0.15569641311842075,0.005081725062181819
359.88825,700,8427.610851,False,1.0,1.0,1.0,0.0,53,1,0.09426737480662473,0.007918986874869506
331.571237,700,8454.167274,False,1.0,1.0,1.0,0.0,396,3,0.12643933683541242,0.0020725260739972396
141.016192,700,8499.00111,False,1.0,1.0,1.0,0.0,36,1,0.12837390269163695,0.0021610589305731077
254.978801,700,8523.659821,False,0.0,0.0,0.0,0.0,0,0,0.008266774216148076,0.005562053507216459
105.94216,700,8562.091823,False,0.0,0.0,0.0,0.0,0,0,0.0055973575876565596,0.032240494082582706
260.389372,700,8605.677845,False,0.0,0.0,0.0,0.0,0,0,0.032722430893835086,0.03361353670968087
156.737155,700,8632.546146,False,0.0,0.0,0.0,0.0,0,0,0.02898409856927464,0.009701918593755273
312.525869,700,8662.226401,False,0.0,0.0,0.0,0.0,0,0,0.04113752918214997,0.02296481421593331
408.05525,700,8686.480066,False,0.0,0.0,0.0,0.0,0,0,0.0018906000348676288,0.030401698704072975
285.162156,700,8714.798361,False,1.0,1.0,1.0,0.0,15,1,0.15147530641292206,0.019887130885110106
375.768507,700,8741.249625,False,1.0,1.0,0.0,0.0,328,4,0.017094603260542907,0.017373275493958208
414.120842,700,8767.50084,False,1.0,1.0,0.0,0.0,643,1,0.025363102451525066,0.008741442416091432
226.989133,700,8798.841971,False,1.0,1.0,1.0,0.0,176,3,0.16773454730212667,0.003439790566087452
98.221329,700,8827.269349,False,0.0,0.0,0.0,0.0,0,0,0.029113898308029684,0.040433270677639965
451.833086,700,8850.331452,False,1.0,1.0,0.0,0.0,548,1,0.010519810852547162,0.008291249493497424
451.444876,700,8878.586258,False,1.0,1.0,0.0,0.0,689,1,0.040680264219762896,0.018719387987023172
309.972977,700,8917.822685,False,0.0,0.0,0.0,0.0,0,0,0.021404959850193417,0.02691530587144631
140.300787,700,8949.771273,False,1.0,1.0,1.0,0.0,189,1,0.07178588542442654,0.0167480172420501
358.288123,700,8973.951028,False,0.0,0.0,0.0,0.0,0,0,0.024482343172396948,0.022607822736176144
478.916615,700,9000.020124,False,1.0,1.0,1.0,0.0,257,1,0.06186556452340186,0.009935861485545702
140.456012,700,9025.580815,False,0.0,0.0,0.0,0.0,0,0,0.016768383553918853,0.005765610220540242
411.256965,700,9054.99678,False,0.0,0.0,0.0,0.0,0,0,0.026425719358194044,0.018268266007581243
193.985392,700,9095.178764,False,0.0,0.0,0.0,0.0,0,0,0.01885807311121035,0.016978189490431145
371.394928,700,9121.665252,False,1.0,1.0,1.0,0.0,31,4,0.09966177794782449,0.003722103536423368
365.631165,700,9156.581229,False,1.0,1.0,0.0,0.0,85,3,0.05819347295306876,0.011093214902481968
421.463889,700,9177.642451,False,0.0,0.0,0.0,0.0,0,0,0.03248583739363953,0.008371362551043789
368.985798,700,9201.676223,False,1.0,1.0,1.0,0.0,29,3,0.10568189009834827,0.013453004084901384
448.745846,700,9227.106748,False,1.0,1.0,0.0,0.0,119,3,0.028696289215217052,0.008065994175716216
399.900496,700,9250.208706,False,1.0,1.0,0.0,0.0,300,1,0.0477816330551577,0.014124672636030084
337.57672,700,9286.31678,False,1.0,1.0,1.0,0.0,103,1,0.11628327868290378,0.012991704002076302
446.108109,700,9320.925412,False,0.0,0.0,0.0,0.0,0,0,0.024715305260998188,0.012867591959538434
429.240894,700,9351.430895,False,1.0,1.0,0.0,0.0,43,2,0.035195166464187966,0.009211906642062305
361.270536,700,9389.730263,False,0.0,0.0,0.0,0.0,0,0,0.0019415166683328655,0.035694609325050745
363.903042,700,9413.777401,False,1.0,1.0,1.0,0.0,394,1,0.2203243924797127,0.019982598809398993
292.0621,700,9444.606251,False,0.0,0.0,0.0,0.0,0,0,0.009599487911169602,0.005766471201593652
438.319166,700,9482.241041,False,0.0,0.0,0.0,0.0,0,0,0.016817590754748424,0.013558221049129578
414.097906,700,9510.697207,False,0.0,0.0,0.0,0.0,0,0,0.0021771097903977576,0.039071607226974905
419.264249,700,9543.705642,False,0.0,0.0,0.0,0.0,0,0,0.0028377170893948422,0.026797133836170942
182.210651,700,9564.97878,False,0.0,0.0,0.0,0.0,0,0,0.01664492079976665,0.023144492852473667
419.855952,700,9602.712083,False,0.0,0.0,0.0,0.0,0,0,0.03742028756336102,0.007872737793494115
440.842068,700,9629.162535,False,1.0,1.0,1.0,0.0,285,4,0.11965915990536202,0.001730820503440887
394.80002,700,9659.823429,False,1.0,1.0,0.0,0.0,40,1,0.07545215024672058,0.007021949592206651
323.334669,700,9686.314446,False,0.0,0.0,0.0,0.0,0,0,0.016622185412203616,0.031375572788108916
390.492714,700,9721.434184,False,1.0,1.0,0.0,0.0,14,3,0.018143459168499687,0.01486685771280247
233.094298,700,9745.971142,False,0.0,0.0,0.0,0.0,0,0,0.01578703806870807,0.03164132814271769
236.937043,700,9771.975178,False,1.0,1.0,0.0,0.0,212,1,0.03300875629839861,0.007422774167515915
442.189411,700,9802.627012,False,1.0,1.0,0.0,0.0,140,3,0.03948242165887972,0.010522836686955967
440.556758,700,9836.401116,False,1.0,1.0,0.0,0.0,305,1,0.01586176257424987,0.018800622274471452
444.825657,700,9868.349429,False,0.0,0.0,0.0,0.0,0,0,0.00870723691987485,0.013205665286685733
409.730695,700,9909.421372,False,1.0,1.0,1.0,0.0,27,1,0.0718625263045426,0.013563948019459624
464.241241,700,9934.688617,False,1.0,1.0,1.0,0.0,286,1,0.09706751005829928,0.005126505145087468
502.207205,700,9956.755028,False,1.0,1.0,1.0,0.0,359,6,0.29852230314727346,0.006378631045272361
463.0718,700,9990.960513,False,1.0,1.0,1.0,0.0,128,6,0.055074975533891735,0.007436156046836192
320.267968,700,10017.435911,False,1.0,1.0,0.0,0.0,181,1,0.04766071754279966,0.016979336634517672
437.261453,700,10042.264343,False,0.0,0.0,0.0,0.0,0,0,0.0021859256693428364,0.021296953918505227
423.39888,700,10068.202694,False,1.0,1.0,1.0,0.0,43,2,0.07108531707098609,0.011487114802423612
284.083953,700,10095.848825,False,0.0,0.0,0.0,0.0,0,0,0.005259051708629281,0.01808562278286444
450.835251,700,10121.921215,False,0.0,0.0,0.0,0.0,0,0,0.03215200878920221,0.008473327464674286
427.152881,700,10164.271423,False,0.0,0.0,0.0,0.0,0,0,0.021542634341872757,0.007855854900129897
424.045594,700,10186.826981,False,1.0,1.0,0.0,0.0,95,1,0.04489502812287016,0.006673174229552416
436.160577,700,10236.643906,False,1.0,1.0,1.0,0.0,640,3,0.07108225573814331,0.004674539449845381
92.864679,700,10261.329715,False,0.0,0.0,0.0,0.0,0,0,0.09460121665467691,0.020150143516357754
172.745346,700,10289.447343,False,0.0,0.0,0.0,0.0,0,0,0.011841068772128205,0.0028087076068534396
375.158891,700,10314.524815,False,1.0,1.0,1.0,0.0,385,4,0.9348693796958928,0.005255858171334968
379.387654,700,10345.950239,False,1.0,1.0,1.0,0.0,68,2,0.08645383768525416,0.004441574969899725
393.756202,700,10381.351622,False,0.0,0.0,0.0,0.0,0,0,0.008457146129965287,0.02300418251697753
438.266358,700,10411.21207,False,1.0,1.0,0.0,0.0,26,1,0.026747167850489695,0.007179438071964166
510.640465,700,10439.813459,False,1.0,1.0,1.0,0.0,132,3,0.28054552069380045,0.004383183686546903
321.428538,700,10472.807631,False,1.0,1.0,1.0,0.0,49,2,0.15078148637556155,0.012724893642075293
389.886512,700,10493.895496,False,0.0,0.0,0.0,0.0,0,0,0.009496088897981703,0.021287805368888895
440.491802,700,10519.682411,False,0.0,0.0,0.0,0.0,0,0,0.01694300140145566,0.006590751659266053
402.264551,700,10544.207859,False,1.0,1.0,1.0,0.0,57,1,0.05823950615838891,0.01742115931337837
389.615919,700,10571.621345,False,1.0,1.0,0.0,0.0,98,1,0.016812223775015678,0.03186873387351648
398.797726,700,10594.452928,False,1.0,1.0,0.0,0.0,539,1,0.008925883511517796,0.008415497153568348
447.191503,700,10626.111533,False,1.0,1.0,0.0,0.0,393,1,0.05466510993614848,0.007491999899490477
403.429498,700,10663.620253,False,1.0,1.0,0.0,0.0,82,4,0.06489317669105121,0.02339889406223153
274.495995,700,10687.915652,False,0.0,0.0,0.0,0.0,0,0,0.02932299580674369,0.005673547164038917
445.436529,700,10716.94496,False,0.0,0.0,0.0,0.0,0,0,0.010408625108882963,0.02117554988697818
385.45666,700,10740.861006,False,1.0,1.0,1.0,0.0,115,2,0.07943263251683896,0.005769650136386778
559.560623,700,10765.874953,False,1.0,1.0,1.0,0.0,153,9,0.1217703623902312,0.004670855331618457
306.857499,700,10791.54361,False,0.0,0.0,0.0,0.0,0,0,0.028891970306501147,0.006652645259293592
472.004461,700,10815.727937,False,1.0,1.0,1.0,0.0,30,4,0.26294063039514837,0.004725595487608425
415.094272,700,10832.771462,False,0.0,0.0,0.0,0.0,0,0,0.02510169190130407,0.0298894542300136
441.734504,700,10867.720328,False,0.0,0.0,0.0,0.0,0,0,0.0334051674699567,0.021816287141493664
427.489882,700,10885.253628,False,0.0,0.0,0.0,0.0,0,0,0.031140751285419488,0.023957800931305426
438.632162,700,10911.018709,False,1.0,1.0,1.0,0.0,289,5,0.4720047119316638,0.008506580405421318
435.784452,700,10938.892183,False,1.0,1.0,0.0,0.0,136,2,0.024021935053131438,0.02951428921911129
460.725455,700,10964.798622,False,1.0,1.0,1.0,0.0,148,9,0.13594264318974358,0.00976366007989082
541.912623,700,10985.539422,False,1.0,1.0,1.0,0.0,220,7,0.14884254871758118,0.003944564734210571
403.620778,700,11006.299677,False,1.0,1.0,1.0,0.0,41,6,0.20562900223373537,0.0041036305988078
363.102031,700,11037.784436,False,1.0,1.0,0.0,0.0,28,3,0.061315165045971676,0.03357093976233807
443.544152,700,11053.043685,False,0.0,0.0,0.0,0.0,0,0,0.00827476884778744,0.014158485748250826
270.645041,700,11080.20703,False,0.0,0.0,0.0,0.0,0,0,0.043733076955212336,0.006815683383316819
444.215355,700,11114.347247,False,0.0,0.0,0.0,0.0,0,0,0.006539858538707977,0.02037563496869213
418.187424,700,11144.041907,False,1.0,1.0,0.0,0.0,616,1,0.005479972754594886,0.008362191877823581
433.465597,700,11166.584382,False,0.0,0.0,0.0,0.0,0,0,0.022411308064057223,0.0020105272982117377
355.951911,700,11183.681385,False,0.0,0.0,0.0,0.0,0,0,0.01984793873751145,0.01491048774774333
459.360509,700,11210.628441,False,1.0,1.0,0.0,0.0,338,1,0.05370722430238917,0.0074279764920689205
401.150435,700,11232.244267,False,1.0,1.0,0.0,0.0,645,2,0.024954958392433668,0.03230660437300641
450.312024,700,11254.054218,False,0.0,0.0,0.0,0.0,0,0,0.02349238020988298,0.004720546758963649
424.181337,700,11274.05475,False,0.0,0.0,0.0,0.0,0,0,0.015678354915790393,0.025114900605830145
435.083565,700,11304.141331,False,0.0,0.0,0.0,0.0,0,0,0.024582205144371483,0.007382397057610447
543.262633,700,11323.148969,False,1.0,1.0,1.0,0.0,174,7,0.11945723317925427,0.006694681370706841
466.352356,700,11340.337854,False,0.0,0.0,0.0,0.0,0,0,0.045779578843771485,0.009063390432900068
410.748293,700,11361.14157,False,0.0,0.0,0.0,0.0,0,0,0.012451794157324114,0.01975164507512253
499.337811,700,11379.174404,False,1.0,1.0,0.0,0.0,60,1,0.030459883898371842,0.003406306781651355
421.899283,700,11414.005638,False,1.0,1.0,0.0,0.0,485,4,0.012380072089448135,0.015727174004474667
360.756018,700,11434.658194,False,0.0,0.0,0.0,0.0,0,0,0.07539311492336098,0.0193287722943758
330.073144,700,11468.220067,False,0.0,0.0,0.0,0.0,0,0,0.05398730770392035,0.015422443120487721
539.508242,700,11488.755187,False,1.0,1.0,1.0,0.0,120,4,0.21427373485053014,0.006668719726794347
543.227618,700,11507.94581,False,1.0,1.0,1.0,0.0,484,3,0.09595404866499246,0.0027918478678170466
364.710996,700,11533.47705,False,1.0,1.0,1.0,0.0,60,1,0.09973796742659025,0.009981659492668039
422.715885,700,11555.18656,False,1.0,1.0,1.0,0.0,30,6,0.14609080904504756,0.0014055992518448182
450.468821,700,11575.070562,False,0.0,0.0,0.0,0.0,0,0,0.01943323203487657,0.005773060730525238
420.054593,700,11594.73526,False,1.0,1.0,1.0,0.0,89,5,0.09513342026247174,0.00973854307107761
112.33112,700,11617.431103,False,0.0,0.0,0.0,0.0,0,0,0.002472270158296319,0.03532289437309854
436.386945,700,11641.785558,False,0.0,0.0,0.0,0.0,0,0,0.022966471565612268,0.020844436598586768
423.730973,700,11671.243082,False,0.0,0.0,0.0,0.0,0,0,0.009414630490801268,0.014924411820716974
554.887923,700,11690.739442,False,1.0,1.0,1.0,0.0,119,4,0.14530357110480274,0.0019833350944103204
454.212109,700,11709.503946,False,0.0,0.0,0.0,0.0,0,0,0.027451403499241134,0.00864080566532504
429.250104,700,11731.336564,False,0.0,0.0,0.0,0.0,0,0,0.021548207888930637,0.01747703725400417
402.048854,700,11747.289878,False,0.0,0.0,0.0,0.0,0,0,0.028772114688786488,0.00906341383308047
439.024607,700,11773.74354,False,1.0,1.0,1.0,0.0,542,6,0.07670918517083458,0.020097729827863692
445.395887,700,11793.949932,False,1.0,1.0,1.0,0.0,22,4,0.09417632506950524,0.004181808283191852
457.318985,700,11815.781467,False,1.0,1.0,0.0,0.0,69,2,0.017069146352783005,0.005885449969804587
376.6338,700,11832.874084,False,0.0,0.0,0.0,0.0,0,0,0.009985739888333511,0.011514118014718256
302.768925,700,11850.111647,False,1.0,1.0,1.0,0.0,82,1,0.1834262923936023,0.0017366631710799443
398.717671,700,11867.40503,False,1.0,1.0,1.0,0.0,107,2,0.12735455754852643,0.007030258716270318
460.445978,700,11890.879805,False,1.0,1.0,1.0,0.0,59,2,0.1317155870281892,0.0028822755535686142
414.994998,700,11924.969853,False,0.0,0.0,0.0,0.0,0,0,0.021985503814399454,0.011726697358733206
464.763571,700,11948.923305,False,1.0,1.0,0.0,0.0,255,1,0.012150836643936569,0.0024225771053059853
223.110335,700,11967.679277,False,0.0,0.0,0.0,0.0,0,0,0.02423782038385136,0.011649490322502625
365.610398,700,11991.35382,False,1.0,1.0,0.0,0.0,216,1,0.026302613312454315,0.004264526388225448
397.576849,700,12026.688963,False,1.0,1.0,1.0,0.0,268,1,0.12261746411342667,0.01278478787885917
428.7823,700,12048.301343,False,1.0,1.0,1.0,0.0,283,5,0.0819199407962995,0.01014322884417335
464.146234,700,12072.167739,False,1.0,1.0,1.0,0.0,204,2,0.34682759143724684,0.005077107156484368
391.569762,700,12100.829483,False,1.0,1.0,0.0,0.0,109,1,0.11086424811373685,0.004983973179880082
444.29029,700,12118.189172,False,0.0,0.0,0.0,0.0,0,0,0.007940139369811638,0.02665667989485723
449.945577,700,12145.05152,False,1.0,1.0,1.0,0.0,122,9,0.2365532174193844,0.003978140324905167
372.986011,700,12176.613113,False,1.0,1.0,1.0,0.0,41,1,0.11014686024517462,0.008274352366818215
343.803992,700,12199.382221,False,1.0,1.0,0.0,0.0,46,1,0.028205064962093407,0.0024564616377059506
441.531656,700,12223.28507,False,0.0,0.0,0.0,0.0,0,0,0.032337725837711995,0.0032756915164419286
442.286055,700,12244.728649,False,1.0,1.0,1.0,0.0,124,6,0.09947949176713478,0.009899867570081069
353.940387,700,12270.534098,False,0.0,0.0,0.0,0.0,0,0,0.015540532715461297,0.004002034687520547
381.271704,700,12305.452399,False,0.0,0.0,0.0,0.0,0,0,0.0014482993494097096,0.04196565335598584
364.21244,700,12327.082017,False,0.0,0.0,0.0,0.0,0,0,0.010635756527113571,0.007070731156640943
476.264727,700,12354.941517,False,1.0,1.0,0.0,0.0,134,5,0.04594150242912154,0.005713882177799633
437.815443,700,12377.78052,False,0.0,0.0,0.0,0.0,0,0,0.0070475757443687614,0.021091476615267987
365.75552,700,12396.334384,False,1.0,1.0,0.0,0.0,639,1,0.01059414080269716,0.015009966614856656
154.554489,700,12423.663006,False,0.0,0.0,0.0,0.0,0,0,0.017057917212638385,0.01286023687523372
362.236579,700,12455.046937,False,0.0,0.0,0.0,0.0,0,0,0.009809798181727336,0.019800084802317704
178.743677,700,12474.346525,False,0.0,0.0,0.0,0.0,0,0,0.005275391235509241,0.02571222578525891
248.621685,700,12504.138366,False,1.0,1.0,1.0,0.0,110,2,0.12333896941862244,0.002247816781239758
337.176952,700,12530.388575,False,0.0,0.0,0.0,0.0,0,0,0.016794481989177767,0.01084582528888453
176.579025,700,12552.352044,False,1.0,1.0,0.0,0.0,172,1,0.016138729868460877,0.006692720223651409
506.267448,700,12580.157643,False,1.0,1.0,0.0,0.0,499,3,0.02855097371091153,0.0033775665909195666
381.064423,700,12605.570513,False,0.0,0.0,0.0,0.0,0,0,0.009711590699794437,0.02896808757886959
617.6014,700,12634.97972,False,1.0,1.0,1.0,0.0,70,7,0.18164059585837,0.007547516725544673
365.818232,700,12659.576238,False,0.0,0.0,0.0,0.0,0,0,0.03536584205289439,0.023623284970002014
392.988666,700,12685.215329,False,1.0,1.0,1.0,0.0,49,3,0.15230769262948407,0.0031521926711045277
454.291445,700,12706.958272,False,1.0,1.0,1.0,0.0,281,3,0.145684032051296,0.009375475141370613
480.226768,700,12727.075611,False,1.0,1.0,1.0,0.0,386,8,0.11298169198880925,0.00680301205806573
351.475412,700,12752.856754,False,1.0,1.0,0.0,0.0,237,1,0.03473500307526256,0.01073763515378667
419.33961,700,12771.519261,False,0.0,0.0,0.0,0.0,0,0,0.018793105317862047,0.009833871921269704
323.976803,700,12795.796729,False,0.0,0.0,0.0,0.0,0,0,0.02253255918353536,0.017414811831145786
474.242591,700,12819.690924,False,0.0,0.0,0.0,0.0,0,0,0.01714965302733995,0.00615510374340314
428.130944,700,12839.180314,False,1.0,1.0,0.0,0.0,407,1,0.023049484228838568,0.0036552744394937027
438.940945,700,12867.813685,False,0.0,0.0,0.0,0.0,0,0,0.0185147568602666,0.01979800702319173
459.58496,700,12894.512095,False,1.0,1.0,0.0,0.0,37,2,0.018921833053622494,0.0028033720608370027
442.698093,700,12917.788514,False,0.0,0.0,0.0,0.0,0,0,0.01862210946890208,0.01453219125423936
451.330082,700,12944.487199,False,1.0,1.0,1.0,0.0,19,4,0.11602032988009625,0.007022942591951242
285.42233,700,12963.081679,False,0.0,0.0,0.0,0.0,0,0,0.03195908352853449,0.023176466689890478
452.744037,700,12982.040479,False,1.0,1.0,1.0,0.0,22,2,0.08190676322012902,0.0071090572014140966
211.446258,700,13005.663746,False,0.0,0.0,0.0,0.0,0,0,0.007070456125597202,0.020586459584547204
460.535283,700,13023.541213,False,1.0,1.0,1.0,0.0,118,2,0.1327962603042273,0.017656500417035405
440.736486,700,13045.511549,False,0.0,0.0,0.0,0.0,0,0,0.019962536473918324,0.009765859645088224
491.0196,700,13067.164006,False,1.0,1.0,1.0,0.0,60,7,0.11719780741749097,0.0016022676746559252
523.412552,700,13088.117317,False,1.0,1.0,1.0,0.0,302,3,0.06857288889936974,0.007848486814719401
351.208103,700,13109.472915,False,0.0,0.0,0.0,0.0,0,0,0.041984275592036435,0.010076125933382293
420.835883,700,13137.859071,False,1.0,1.0,0.0,0.0,170,2,0.04240629385830852,0.0047887724190812005
358.006627,700,13162.360841,False,1.0,1.0,1.0,0.0,23,2,0.07498493651943161,0.008238664115536755
442.300412,700,13200.479213,False,0.0,0.0,0.0,0.0,0,0,0.0037758079500188613,0.027781216902369846
426.970751,700,13224.682772,False,0.0,0.0,0.0,0.0,0,0,0.01166088650214192,0.01432938445794195
550.824428,700,13263.309343,False,1.0,1.0,1.0,0.0,217,10,0.19222187044562378,0.003003506538223921
464.521484,700,13290.856902,False,1.0,1.0,0.0,0.0,331,1,0.018042629961848244,0.0061377676950583665
376.452332,700,13321.546874,False,1.0,1.0,0.0,0.0,89,4,0.03825498276392025,0.023469293238875415
286.633714,700,13341.6486,False,1.0,1.0,0.0,0.0,210,1,0.018008082228819222,0.018718828147603346
448.857982,700,13361.442125,False,1.0,1.0,0.0,0.0,256,1,0.0476405556660211,0.00712110593384305
402.214348,700,13388.919532,False,0.0,0.0,0.0,0.0,0,0,0.02368869016857733,0.012930480722982394
533.061947,700,13407.873674,False,1.0,1.0,1.0,0.0,111,10,0.20996804004175584,0.0010889991944415893
249.661681,700,13429.982803,False,0.0,0.0,0.0,0.0,0,0,0.00629321716589093,0.010389412621810451
303.816703,700,13458.618613,False,1.0,1.0,1.0,0.0,104,1,0.12424264460929346,0.010174149659428752
123.47068,700,13489.02115,False,0.0,0.0,0.0,0.0,0,0,0.031517469676963894,0.01872053738254594
444.024414,700,13517.170888,False,1.0,1.0,0.0,0.0,253,1,0.023202565322624213,0.010221106370568011
374.115493,700,13535.936225,False,1.0,1.0,1.0,0.0,157,2,0.12053583853861816,0.0018817104999482533
409.679899,700,13562.800649,False,1.0,1.0,1.0,0.0,68,3,0.08221634101557784,0.0061632581672906315
328.623725,700,13583.72638,False,1.0,1.0,1.0,0.0,28,1,0.10015893537118303,0.0064457323106681085
416.287265,700,13608.991059,False,1.0,1.0,1.0,0.0,47,12,0.26522891068385046,0.008589549400617583
343.452739,700,13630.531325,False,1.0,1.0,1.0,0.0,284,4,0.16630405862962916,0.006400228747262305
432.276318,700,13650.642539,False,0.0,0.0,0.0,0.0,0,0,0.07771268526547281,0.0073950004234912235
170.851327,700,13676.213554,False,1.0,1.0,1.0,0.0,48,5,0.06755784452431712,0.016766346276757167
210.364351,700,13697.443978,False,1.0,1.0,0.0,0.0,48,1,0.017214338157426345,0.016849568418532725
578.419281,700,13722.518325,False,1.0,1.0,1.0,0.0,69,6,0.19342591173421175,0.005071314796187673
743.667766,700,13743.099061,False,1.0,1.0,1.0,0.0,87,4,0.1187296034029306,0.0012323643968919352
424.98908,700,13770.636427,False,0.0,0.0,0.0,0.0,0,0,0.006549416297897737,0.010612688870171
449.090847,700,13794.029815,False,1.0,1.0,1.0,0.0,141,1,0.0813758201559508,0.012425638521372477
442.686329,700,13816.834241,False,0.0,0.0,0.0,0.0,0,0,0.03869802944282763,0.014576163637730765
276.9174,700,13842.086958,False,0.0,0.0,0.0,0.0,0,0,0.013837839169631438,0.006891988520438395
446.7763,700,13868.067786,False,0.0,0.0,0.0,0.0,0,0,0.013034335687118759,0.017981995825385136
489.000538,700,13891.30441,False,1.0,1.0,1.0,0.0,31,1,0.07829596892950641,0.013357011744129094
331.246674,700,13909.760135,False,1.0,1.0,1.0,0.0,35,1,0.1019351651430167,0.008849528522679171
376.324924,700,13936.255184,False,0.0,0.0,0.0,0.0,0,0,0.005798668584895417,0.00928742502059645
431.35703,700,13972.172534,False,1.0,1.0,1.0,0.0,23,5,0.08317460505807106,0.001829723593248205
212.561763,700,13997.154046,False,1.0,1.0,1.0,0.0,28,3,0.5170345015979965,0.009829824972652073
149.223656,700,14018.653173,False,1.0,1.0,0.0,0.0,130,1,0.015767764999863765,0.01474451472998404
488.133033,700,14044.944289,False,1.0,1.0,0.0,0.0,249,4,0.03794821113531677,0.004485217226607034
428.652387,700,14081.28348,False,1.0,1.0,0.0,0.0,252,3,0.013955635958277535,0.016900551902165946
490.58018,700,14103.923107,False,1.0,1.0,1.0,0.0,23,3,0.09843832584020984,0.00938080212357698
420.312628,700,14123.308079,False,1.0,1.0,0.0,0.0,66,1,0.03589213131982982,0.0034649749340441376
429.370523,700,14141.549996,False,0.0,0.0,0.0,0.0,0,0,0.0017859441679817234,0.032118598096545534
388.51995,700,14165.220554,False,0.0,0.0,0.0,0.0,0,0,0.00805755439868916,0.036835721557383086
453.186545,700,14186.33126,False,0.0,0.0,0.0,0.0,0,0,0.019643838939732428,0.009439252178555258
392.349635,700,14212.717085,False,1.0,1.0,1.0,0.0,29,2,0.12348175689888274,0.012382845199265686
480.193717,700,14234.60555,False,1.0,1.0,0.0,0.0,245,4,0.023151537958241875,0.005097364980480979
377.789771,700,14260.148817,False,1.0,1.0,1.0,0.0,88,1,0.07723303801409998,0.005555919581486251
451.709345,700,14287.640301,False,1.0,1.0,0.0,0.0,52,1,0.025251312464538378,0.0046578384296464045
327.883088,700,14309.232574,False,1.0,1.0,1.0,0.0,90,1,0.13009695746755068,0.005356416387431151
301.417061,700,14331.871199,False,1.0,1.0,1.0,0.0,34,2,0.13059540703743377,0.004520435147390414
437.122567,700,14358.972832,False,1.0,1.0,0.0,0.0,35,2,0.02011127123612866,0.006275314037859182
400.604587,700,14379.591459,False,1.0,1.0,1.0,0.0,155,1,0.11356263558159785,0.015136937534600393
358.005455,700,14406.439709,False,0.0,0.0,0.0,0.0,0,0,0.03741708272565969,0.005205064004578867
291.033569,700,14428.907055,False,0.0,0.0,0.0,0.0,0,0,0.012994788541293434,0.01832643627145339
411.886285,700,14449.827338,False,1.0,1.0,1.0,0.0,52,7,0.17308479278923072,0.009628436929722877
410.023134,700,14470.194524,False,1.0,1.0,0.0,0.0,96,1,0.021601371834604643,0.022229249146922234
409.103111,700,14494.643277,False,1.0,1.0,1.0,0.0,378,5,0.17169474259204154,0.008665970494135502
461.147593,700,14518.443657,False,1.0,1.0,0.0,0.0,304,1,0.022204243726129502,0.006694547476566734
421.021892,700,14545.71927,False,0.0,0.0,0.0,0.0,0,0,0.0458643568035737,0.013906892164416337
457.274737,700,14567.738977,False,1.0,1.0,0.0,0.0,214,1,0.01934028401603971,0.005711103043606668
454.458609,700,14590.161251,False,1.0,1.0,0.0,0.0,28,2,0.05823271189610979,0.004511120842861334
457.019274,700,14611.605411,False,0.0,0.0,0.0,0.0,0,0,0.008599177317088813,0.02444631752861729
442.477738,700,14637.312776,False,0.0,0.0,0.0,0.0,0,0,0.016306209926792214,0.01143002253213734
426.404036,700,14662.33635,False,0.0,0.0,0.0,0.0,0,0,0.010376524284398059,0.02452753714052608
410.784673,700,14692.482028,False,1.0,1.0,0.0,0.0,105,1,0.06466076505283513,0.006560979589049507
462.421117,700,14717.704033,False,1.0,1.0,0.0,0.0,47,2,0.025341370853301348,0.0020469648726889546
65.469811,700,14748.589239,False,0.0,0.0,0.0,0.0,0,0,0.013279869632834118,0.015594112098419452
425.00946,700,14769.777042,False,0.0,0.0,0.0,0.0,0,0,0.012342504786490682,0.015627528967153533
270.571095,700,14792.956023,False,1.0,1.0,1.0,0.0,17,4,0.20187859829873434,0.0030260382928610626
432.546209,700,14815.906481,False,0.0,0.0,0.0,0.0,0,0,0.007355841837594523,0.009915781880189739
415.524534,700,14849.327446,False,0.0,0.0,0.0,0.0,0,0,0.01856108973491888,0.01133895904609973
479.86718,700,14907.871185,False,1.0,1.0,0.0,0.0,269,1,0.021057278304440485,0.0027028988452515597
297.19522,700,14937.173458,False,1.0,1.0,1.0,0.0,11,5,0.050349904466121975,0.013415163196990121
277.299444,700,14960.83909,False,1.0,1.0,1.0,0.0,28,1,0.12213278913474046,0.017478781692832394
443.106159,700,14991.854361,False,1.0,1.0,0.0,0.0,289,1,0.005171688769323279,0.024384209186974565
419.442555,700,15013.150631,False,1.0,1.0,0.0,0.0,287,2,0.04600013186470786,0.014899017846722899
492.048084,700,15036.746275,False,1.0,1.0,1.0,0.0,349,10,0.15900635239415717,0.002779006372382136
471.640846,700,15059.306907,False,1.0,1.0,0.0,0.0,93,2,0.11195515628182617,0.004523550995611441
265.989649,700,15077.869289,False,1.0,1.0,0.0,0.0,21,4,0.011801955948923859,0.0031113056450636366
477.966011,700,15102.569962,False,1.0,1.0,0.0,0.0,585,2,0.03529486222472722,0.004487147154118237
481.82079,700,15138.345622,False,1.0,1.0,1.0,0.0,20,2,0.0812645281101062,0.011311768453306144
444.988103,700,15167.077579,False,1.0,1.0,0.0,0.0,453,2,0.03624548919249726,0.01044499927215669
431.30053,700,15197.718992,False,0.0,0.0,0.0,0.0,0,0,0.006831692975589498,0.013815016801357258
104.305241,700,15224.043835,False,0.0,0.0,0.0,0.0,0,0,0.06032289736176333,0.028463282604698357
435.972432,700,15260.085668,False,1.0,1.0,0.0,0.0,40,2,0.019999792378270875,0.00357031751183356
451.003795,700,15281.733563,False,0.0,0.0,0.0,0.0,0,0,0.013098796684290037,0.01187149896520205
345.968017,700,15306.515537,False,1.0,1.0,0.0,0.0,30,1,0.01840527559084537,0.011395296832465766
419.810293,700,15342.00479,False,0.0,0.0,0.0,0.0,0,0,0.022320368690687653,0.016628018839623726
438.308865,700,15363.653726,False,1.0,1.0,0.0,0.0,45,2,0.03145352464997442,0.005227371359965576
453.761817,700,15389.821943,False,0.0,0.0,0.0,0.0,0,0,0.02330300723847123,0.01595823182282128
453.298198,700,15416.497446,False,0.0,0.0,0.0,0.0,0,0,0.004203721847913844,0.016712860651182253
404.175479,700,15437.625384,False,1.0,1.0,0.0,0.0,250,1,0.016245097477949444,0.0349385831887002
462.137353,700,15458.501178,False,0.0,0.0,0.0,0.0,0,0,0.01846350902609517,0.010964616452817167
183.922692,700,15479.605315,False,1.0,1.0,1.0,0.0,82,1,0.09503749708538978,0.001103090764528198
300.469858,700,15501.086723,False,1.0,1.0,1.0,0.0,63,1,0.09926450875886605,0.029453388903197503
470.929004,700,15522.123132,False,1.0,1.0,0.0,0.0,63,3,0.03366263809889258,0.0033777664004112436
462.248668,700,15543.063825,False,0.0,0.0,0.0,0.0,0,0,0.011609863555840372,0.010597308113696146
500.953295,700,15566.101092,False,1.0,1.0,1.0,0.0,83,12,0.07634556515467505,0.0062122219488872765
533.986122,700,15588.965623,False,1.0,1.0,1.0,0.0,236,7,0.10713910783374903,0.006022592138801509
416.4383,700,15617.274418,False,1.0,1.0,1.0,0.0,289,2,0.16119559630636515,0.004557381658378597
327.223316,700,15638.192081,False,0.0,0.0,0.0,0.0,0,0,0.08029862882120431,0.005474885136314396
574.197645,700,15662.619006,False,1.0,1.0,1.0,0.0,189,18,0.09756201649459595,0.0027928419606726225
126.022286,700,15685.338709,False,1.0,1.0,0.0,0.0,39,1,0.011629183299836088,0.006647899400745185
457.772335,700,15708.29965,False,0.0,0.0,0.0,0.0,0,0,0.011357266831850565,0.01712290989404527
509.343433,700,15729.204586,False,1.0,1.0,1.0,0.0,34,9,0.06120615888866321,0.004762112502157114
436.879129,700,15748.087548,False,0.0,0.0,0.0,0.0,0,0,0.014937194487942174,0.009635239547144308
427.888012,700,15768.205738,False,1.0,1.0,0.0,0.0,319,3,0.09384515331349719,0.013563273958608624
445.300892,700,15794.575097,False,1.0,1.0,0.0,0.0,140,4,0.008965226762325917,0.006325086505749952
459.92869,700,15819.094918,False,0.0,0.0,0.0,0.0,0,0,0.020455644999553435,0.004245831136333637
374.048914,700,15840.664013,False,0.0,0.0,0.0,0.0,0,0,0.016915754192506238,0.005079678243223142
444.120562,700,15860.463492,False,1.0,1.0,1.0,0.0,105,7,0.07790649925822335,0.005552071036118126
409.935616,700,15884.719898,False,1.0,1.0,0.0,0.0,46,2,0.02262287770762106,0.008216548636626835
521.798875,700,15914.442165,False,1.0,1.0,1.0,0.0,49,11,0.14701392268636326,0.0013701564121706158
434.523918,700,15935.987476,False,0.0,0.0,0.0,0.0,0,0,0.017148226277862055,0.011784251782004441
208.275984,700,15957.053961,False,0.0,0.0,0.0,0.0,0,0,0.00506676928697114,0.014427269894669146
789.943707,700,15988.958003,False,1.0,1.0,1.0,0.0,100,9,0.1034483552056954,0.001193405407727341
459.667051,700,16011.05953,False,0.0,0.0,0.0,0.0,0,0,0.029347341862060228,0.01538774583633249
459.391251,700,16031.492434,False,0.0,0.0,0.0,0.0,0,0,0.010822645846709888,0.0008688528477440928
463.679046,700,16062.062344,False,0.0,0.0,0.0,0.0,0,0,0.015119565883760955,0.004894418352252572
491.251188,700,16087.304495,False,1.0,1.0,1.0,0.0,276,1,0.07426864277555323,0.0072670935406441775
344.419548,700,16126.637086,False,1.0,1.0,1.0,0.0,19,1,0.0544308415660153,0.003903435880373012
369.599491,700,16155.824032,False,1.0,1.0,0.0,0.0,31,1,0.015760164744523575,0.01091113586398625
200.380734,700,16183.170972,False,0.0,0.0,0.0,0.0,0,0,0.044555770113218096,0.02139477670224968
485.950706,700,16204.438563,False,0.0,0.0,0.0,0.0,0,0,0.014469724041895726,0.011421830899832466
491.497951,700,16230.187759,False,1.0,1.0,1.0,0.0,32,7,0.09059165594680474,0.0067186571479147215
481.175067,700,16253.278379,False,0.0,0.0,0.0,0.0,0,0,0.020196231042090007,0.00924093956572379
394.377059,700,16270.67724,False,0.0,0.0,0.0,0.0,0,0,0.015652951519959157,0.011439518886181072
345.554146,700,16293.20033,False,1.0,1.0,1.0,0.0,19,12,0.1228293447220512,0.0015087826216229408
546.990611,700,16317.526612,False,1.0,1.0,1.0,0.0,77,6,0.09270394189262832,0.006865407229154616
372.14316,700,16343.859084,False,0.0,0.0,0.0,0.0,0,0,0.03542034727387966,0.004848420988229705
480.490762,700,16377.75884,False,1.0,1.0,1.0,0.0,11,3,0.08854795717954389,0.005683345500770454
494.322623,700,16399.168974,False,1.0,1.0,1.0,0.0,16,4,0.087221010000604,0.00782185252592245
421.414878,700,16417.817279,False,1.0,1.0,0.0,0.0,434,1,0.014006689355384183,0.01636274984498568
412.265374,700,16442.389745,False,1.0,1.0,0.0,0.0,48,1,0.03673730174617629,0.0040920064043922025
357.51375,700,16460.55809,False,0.0,0.0,0.0,0.0,0,0,0.03772787029283231,0.011105666924353063
403.826536,700,16479.313132,False,1.0,1.0,1.0,0.0,61,4,0.06576534206170981,0.004446571661175975
513.390768,700,16502.513787,False,1.0,1.0,1.0,0.0,82,4,0.12382755839007287,0.0036450467367542755
355.882478,700,16529.496707,False,0.0,0.0,0.0,0.0,0,0,0.07956136221888122,0.0033384004362326533
304.462717,700,16554.481159,False,0.0,0.0,0.0,0.0,0,0,0.010110209439561868,0.027025502801469085
441.039968,700,16583.942163,False,0.0,0.0,0.0,0.0,0,0,0.013293602555453754,0.024444531818776226
502.447115,700,16600.975438,False,1.0,1.0,1.0,0.0,108,2,0.08325089963193089,0.004059721645454174
496.251636,700,16625.165016,False,1.0,1.0,1.0,0.0,51,3,0.11188853065596327,0.007111332667490369
445.871365,700,16643.568927,False,0.0,0.0,0.0,0.0,0,0,0.020612757618221123,0.009849976589193012
297.82148,700,16666.193084,False,0.0,0.0,0.0,0.0,0,0,0.015589645013136533,0.010548618872075135
461.747014,700,16685.433184,False,1.0,1.0,1.0,0.0,381,1,0.05656948594890843,0.009662652974382102
216.238991,700,16707.250731,False,0.0,0.0,0.0,0.0,0,0,0.012338655075857186,0.00802178618398708
155.708728,700,16727.972744,False,0.0,0.0,0.0,0.0,0,0,0.06397874435872075,0.0325326793623209
427.565336,700,16751.608013,False,1.0,1.0,1.0,0.0,122,1,0.08032748306913684,0.010988309490385366
442.877521,700,16774.036783,False,0.0,0.0,0.0,0.0,0,0,0.01056438844897456,0.015575645970631422
168.189241,700,16799.27839,False,0.0,0.0,0.0,0.0,0,0,0.017676633685792087,0.008952219974679036
451.006248,700,16823.806188,False,0.0,0.0,0.0,0.0,0,0,0.012261013349754601,0.005870259078934806
548.182525,700,16854.220703,False,1.0,1.0,1.0,0.0,43,3,0.1016380005747336,0.006830160043211034
586.855726,700,16880.084521,False,1.0,1.0,1.0,0.0,42,5,0.13085278772240838,0.002706388527022544
294.043863,700,16900.731922,False,1.0,1.0,1.0,0.0,134,1,0.0580947343427588,0.008335461359552177
470.449376,700,16922.997019,False,1.0,1.0,1.0,0.0,354,2,0.13553856242946982,0.01048639568964917
387.147722,700,16942.286633,False,0.0,0.0,0.0,0.0,0,0,0.08646867302374472,0.0035463857769016584
487.61459,700,16965.128152,False,1.0,1.0,1.0,0.0,77,8,0.07468109367278075,0.0034657470255797847
459.587356,700,16984.926626,False,0.0,0.0,0.0,0.0,0,0,0.020025712742440027,0.011097152638476007
431.318366,700,17015.705592,False,0.0,0.0,0.0,0.0,0,0,0.039468120566049536,0.01790165315839121
450.603443,700,17039.3371,False,1.0,1.0,1.0,0.0,73,1,0.09890998658776518,0.005180746383052693
481.008922,700,17060.037034,False,1.0,1.0,0.0,0.0,28,1,0.031550607196852654,0.00545235304984413
414.027014,700,17077.200282,False,0.0,0.0,0.0,0.0,0,0,0.014495570941818303,0.018787813511015942
508.402406,700,17104.797731,False,1.0,1.0,0.0,0.0,21,2,0.04874288712908226,0.001718767794129993
428.866669,700,17131.726284,False,0.0,0.0,0.0,0.0,0,0,0.026099183433540563,0.02715530360057457
450.229971,700,17155.090301,False,1.0,1.0,1.0,0.0,35,4,0.11392373788004806,0.00946172662456769
398.525998,700,17179.398091,False,0.0,0.0,0.0,0.0,0,0,0.04768290506831807,0.023989117771233734
535.690198,700,17201.275868,False,1.0,1.0,1.0,0.0,25,7,0.0884920628814232,0.001270621670261194
444.170546,700,17226.672386,False,1.0,1.0,0.0,0.0,329,3,0.02084780533611197,0.0026385986570439247
342.919791,700,17254.880259,False,1.0,1.0,1.0,0.0,31,3,0.082257928729917,0.003960112402678715
413.729715,700,17279.286044,False,0.0,0.0,0.0,0.0,0,0,0.04139593351361304,0.007916285127305895
436.616575,700,17301.9213,False,0.0,0.0,0.0,0.0,0,0,0.03840311555408882,0.01915312328330028
431.317852,700,17327.517933,False,0.0,0.0,0.0,0.0,0,0,0.018748283292300272,0.016846861953858896
365.453595,700,17350.061258,False,0.0,0.0,0.0,0.0,0,0,0.00589871372250772,0.015595458382215339
558.141093,700,17370.637352,False,1.0,1.0,1.0,0.0,36,8,0.08529707514677232,0.004017689777988221
471.086778,700,17396.307488,False,1.0,1.0,1.0,0.0,160,1,0.13801836882568708,0.0017955011633611563
458.074999,700,17420.180064,False,1.0,1.0,1.0,0.0,76,8,0.06870781585860597,0.004472651790529359
448.896835,700,17441.870018,False,0.0,0.0,0.0,0.0,0,0,0.014241344668591616,0.005697499454795492
388.128605,700,17465.450921,False,1.0,1.0,1.0,0.0,24,2,0.12477670081326842,0.005907506348763245
201.725531,700,17488.095557,False,0.0,0.0,0.0,0.0,0,0,0.042128042862528914,0.006429281812588632
287.185135,700,17506.631071,False,0.0,0.0,0.0,0.0,0,0,0.03127514267097742,0.016403853122225254
343.014754,700,17525.783457,False,0.0,0.0,0.0,0.0,0,0,0.025273685455347028,0.03929787337929617
287.945575,700,17552.613125,False,1.0,1.0,1.0,0.0,84,1,0.09739208127196908,0.01889792282590614
490.655766,700,17578.771326,False,1.0,1.0,1.0,0.0,609,3,0.06583118432385693,0.005260279725854457
468.183773,700,17608.610854,False,0.0,0.0,0.0,0.0,0,0,0.05145464187678872,0.007678883729424846
421.630867,700,17629.19478,False,0.0,0.0,0.0,0.0,0,0,0.02122017002666543,0.024870714720156777
451.416174,700,17648.35441,False,0.0,0.0,0.0,0.0,0,0,0.02331025555422861,0.004853204532431114
176.188423,700,17669.037266,False,0.0,0.0,0.0,0.0,0,0,0.023108168540823426,0.0022197210290139193
311.645651,700,17691.910753,False,1.0,1.0,1.0,0.0,23,2,0.05652874017196963,0.012699091457320715
236.648914,700,17719.961077,False,1.0,1.0,0.0,0.0,23,1,0.015578731342927088,0.012199481361389977
494.76103,700,17744.419951,False,1.0,1.0,1.0,0.0,71,1,0.06448637582300598,0.00569359744744214
113.235385,700,17761.430649,False,1.0,1.0,1.0,0.0,22,1,0.0715236531621053,0.015485322150376273
364.841004,700,17790.648371,False,1.0,1.0,1.0,0.0,88,1,0.08468257176950922,0.015974096533639997
453.754423,700,17814.007023,False,1.0,1.0,0.0,0.0,142,1,0.01994143903449397,0.014324752870415314
465.775092,700,17842.285134,False,0.0,0.0,0.0,0.0,0,0,0.06490343982844804,0.0026952973017208364
415.066125,700,17867.947537,False,1.0,1.0,0.0,0.0,73,2,0.011015988528331744,0.007161433742156617
347.110834,700,17890.104298,False,1.0,1.0,1.0,0.0,438,1,0.0963863157005278,0.009341338093035762
470.049894,700,17916.990436,False,1.0,1.0,1.0,0.0,38,10,0.0701274660502369,0.0007956372657421431
478.488088,700,17939.081801,False,1.0,1.0,1.0,0.0,300,4,0.10013434468442306,0.0028984672228103774
459.287238,700,17956.966082,False,1.0,1.0,0.0,0.0,284,1,0.04007160413678024,0.003128935599332464
505.243283,700,17980.86213,False,1.0,1.0,1.0,0.0,30,2,0.08989451288339612,0.006059725203383682
417.362878,700,18014.740611,False,1.0,1.0,1.0,0.0,27,1,0.06218924057718078,0.0014306357411474234
197.187561,700,18035.885662,False,0.0,0.0,0.0,0.0,0,0,0.06300101470768982,0.00555944413036751
484.393625,700,18056.02102,False,1.0,1.0,1.0,0.0,15,1,0.06136772231943988,0.01297769274840416
313.570047,700,18089.422562,False,1.0,1.0,1.0,0.0,39,2,0.05732682679542378,0.023457367294839496
505.458387,700,18110.316944,False,1.0,1.0,1.0,0.0,247,10,0.10768091774100741,0.0038559081001055275
91.053194,700,18133.849689,False,0.0,0.0,0.0,0.0,0,0,0.02778656218667619,0.021453871190932453
494.689445,700,18159.713806,False,1.0,1.0,0.0,0.0,263,1,0.02913385150302894,0.00234815511919135
473.691167,700,18182.71519,False,1.0,1.0,1.0,0.0,53,4,0.07171590434135078,0.007538800518348045
139.405351,700,18202.606308,False,0.0,0.0,0.0,0.0,0,0,0.012099284785341391,0.01233478255659017
471.654115,700,18226.384968,False,0.0,0.0,0.0,0.0,0,0,0.015407507266986475,0.010415946485038716
297.11993,700,18247.575566,False,1.0,1.0,1.0,0.0,25,6,0.09167310004374274,0.003617640148023258
456.271867,700,18272.545428,False,0.0,0.0,0.0,0.0,0,0,0.005952383627097935,0.018247671596652953
483.114378,700,18295.242279,False,1.0,1.0,1.0,0.0,31,2,0.0651443865834953,0.011024154812228286
442.54395,700,18321.144444,False,0.0,0.0,0.0,0.0,0,0,0.0057133871976937645,0.007876813824763232
561.560695,700,18338.998328,False,1.0,1.0,1.0,0.0,99,4,0.08609139956326295,0.002282706734053604
499.2539,700,18367.647653,False,1.0,1.0,1.0,0.0,105,3,0.08574090882680263,0.023103495106741662
280.300662,700,18394.406378,False,0.0,0.0,0.0,0.0,0,0,0.025556825435807395,0.010158810864780238
489.280743,700,18420.669484,False,1.0,1.0,1.0,0.0,40,4,0.05922718088575174,0.0033783482547851238
524.464974,700,18444.948946,False,1.0,1.0,1.0,0.0,53,5,0.08887301800300851,0.0024598677246107765
678.11613,700,18463.831566,False,1.0,1.0,1.0,0.0,69,7,0.10808885105000177,0.00322193562632036
485.368538,700,18488.520809,False,1.0,1.0,1.0,0.0,239,7,0.058189668162835884,0.004551824821328659
470.178828,700,18511.295583,False,1.0,1.0,1.0,0.0,179,7,0.06762384627318885,0.004160072353606091
439.185023,700,18539.858702,False,0.0,0.0,0.0,0.0,0,0,0.005837702780340348,0.019961480251890804
463.942358,700,18565.783099,False,0.0,0.0,0.0,0.0,0,0,0.019176324474039164,0.012971196717438712
606.514081,700,18588.694749,False,1.0,1.0,1.0,0.0,452,3,0.11094741788899054,0.0007147550152062278
181.600616,700,18617.751447,False,0.0,0.0,0.0,0.0,0,0,0.016568543392834645,0.007916307297600214
490.182537,700,18642.111513,False,1.0,1.0,0.0,0.0,226,6,0.04664003243060588,0.007361873305097627
514.769217,700,18667.209275,False,1.0,1.0,1.0,0.0,112,7,0.07229820451094371,0.013133015575365697
538.84219,700,18692.025632,False,1.0,1.0,1.0,0.0,83,3,0.10358254758916274,0.004865497261659054
598.812178,700,18715.706699,False,1.0,1.0,1.0,0.0,12,3,0.08811485693150978,0.00787233572606697
169.622541,700,18746.357709,False,0.0,0.0,0.0,0.0,0,0,0.011294948848334596,0.011804079849853301
476.904979,700,18772.759881,False,1.0,1.0,1.0,0.0,32,3,0.0826701337616692,0.007244567840952192
377.526955,700,18793.391264,False,0.0,0.0,0.0,0.0,0,0,0.018325038574047103,0.020620697240658497
556.208081,700,18812.580334,False,1.0,1.0,1.0,0.0,321,8,0.12158207778147134,0.004274672008828421
343.110641,700,18833.872034,False,0.0,0.0,0.0,0.0,0,0,0.015724517966955398,0.015842741738754718
507.560346,700,18860.06167,False,1.0,1.0,1.0,0.0,20,5,0.09174264430132051,0.004737381236129852
446.432839,700,18879.688546,False,0.0,0.0,0.0,0.0,0,0,0.01716436661710763,0.020813999345747694
406.592163,700,18909.242131,False,1.0,1.0,0.0,0.0,92,13,0.029782541861115952,0.013384455612585711
497.349549,700,18936.635725,False,1.0,1.0,1.0,0.0,88,2,0.08664456218018513,0.00511675393793932
372.530656,700,18955.881348,False,1.0,1.0,1.0,0.0,52,3,0.07826096515480951,0.002456930737422485
368.801383,700,18977.327516,False,0.0,0.0,0.0,0.0,0,0,0.023182256470147933,0.008406770307130591
479.641266,700,18996.304553,False,1.0,1.0,1.0,0.0,193,2,0.13885004395893397,0.010206388077926721
613.436174,700,19019.231392,False,1.0,1.0,1.0,0.0,56,12,0.08189521267649236,0.0034801313391887253
404.254351,700,19038.500609,False,1.0,1.0,1.0,0.0,23,4,0.08015565011213366,0.005036290897500445
450.407213,700,19059.847344,False,0.0,0.0,0.0,0.0,0,0,0.003661028449935766,0.009199529121009796
735.096301,700,19080.902085,False,1.0,1.0,1.0,0.0,98,4,0.1629775155158425,0.0026177312308547003
446.984053,700,19100.935596,False,1.0,1.0,0.0,0.0,499,1,0.02198860603135744,0.014384997060319107
131.9127,700,19126.409293,False,0.0,0.0,0.0,0.0,0,0,0.02430416379378708,0.014696939979898339
510.125933,700,19144.599918,False,1.0,1.0,1.0,0.0,436,1,0.0817951373069482,0.008529056424990068
445.30907,700,19162.919838,False,0.0,0.0,0.0,0.0,0,0,0.0694541328755488,0.01514944568492437
506.160006,700,19184.530858,False,1.0,1.0,1.0,0.0,109,2,0.08532380022447072,0.0036317038825693596
178.430939,700,19210.790562,False,1.0,1.0,1.0,0.0,94,2,0.062464360290398147,0.009934364446735722
388.386829,700,19238.658866,False,1.0,1.0,1.0,0.0,92,4,0.06333874431181441,0.01652034182897527
543.485019,700,19263.583842,False,1.0,1.0,1.0,0.0,194,5,0.10742888669707529,0.0115427654496832
429.259035,700,19287.472109,False,0.0,0.0,0.0,0.0,0,0,0.011682026740505558,0.01858011582096864
801.878823,700,19305.478166,False,1.0,1.0,1.0,0.0,37,7,0.09078155981518321,0.0034586497891537123
705.440426,700,19327.804169,False,1.0,1.0,1.0,0.0,39,10,0.11527527155632178,0.003077013058856251
438.544048,700,19347.22841,False,1.0,1.0,0.0,0.0,60,1,0.006794293787926509,0.018884403736082217
467.500541,700,19366.41417,False,0.0,0.0,0.0,0.0,0,0,0.021532729131583328,0.009145787543233936
649.602272,700,19392.001103,False,1.0,1.0,1.0,0.0,26,6,0.11398510930296857,0.003260701955201037
678.330629,700,19409.67302,False,1.0,1.0,1.0,0.0,65,20,0.07644029392661134,0.0030973742749781223
668.729469,700,19447.373211,False,1.0,1.0,1.0,0.0,65,2,0.08864983217176747,0.0045094878750555146
495.096342,700,19468.488995,False,1.0,1.0,1.0,0.0,112,1,0.08704652321942796,0.00551643423379698
573.836786,700,19496.773308,False,1.0,1.0,1.0,0.0,39,1,0.09421041100658478,0.004105497864072943
458.200944,700,19521.467141,False,1.0,1.0,1.0,0.0,55,2,0.7117893160786292,0.004447123431565068
452.014058,700,19548.414835,False,0.0,0.0,0.0,0.0,0,0,0.004380305875215762,0.030554013820908457
258.38663,700,19567.567822,False,0.0,0.0,0.0,0.0,0,0,0.011051975446856654,0.01910038773781373
338.089455,700,19599.255835,False,0.0,0.0,0.0,0.0,0,0,0.03871943671341882,0.019139336459881966
459.396198,700,19620.922572,False,0.0,0.0,0.0,0.0,0,0,0.07476698181197339,0.00769666551245474
501.763656,700,19657.317968,False,1.0,1.0,1.0,0.0,130,1,0.08526697990781218,0.01519201867981981
536.392649,700,19681.987805,False,1.0,1.0,1.0,0.0,69,3,0.10116927014584143,0.0037047599870850666
460.247519,700,19710.21374,False,0.0,0.0,0.0,0.0,0,0,0.02754217233930467,0.005449792186727804
437.976838,700,19738.088482,False,1.0,1.0,1.0,0.0,122,2,0.31560590378249487,0.0028581875034306052
602.458636,700,19769.826254,False,1.0,1.0,1.0,0.0,15,4,0.07850524844702034,0.011363240015732618
425.853318,700,19791.554038,False,0.0,0.0,0.0,0.0,0,0,0.06579716455874796,0.008642596680891183
443.453976,700,19808.938746,False,0.0,0.0,0.0,0.0,0,0,0.013236608623971136,0.020769285077924766
400.649438,700,19842.39277,False,1.0,1.0,1.0,0.0,20,3,0.08166243759327874,0.009623454416751893
541.969931,700,19867.311896,False,1.0,1.0,1.0,0.0,47,4,0.07757792803334485,0.0022821306192996335
438.811537,700,19888.950562,False,0.0,0.0,0.0,0.0,0,0,0.01596810522812897,0.010048699471576522
446.335389,700,19920.183286,False,0.0,0.0,0.0,0.0,0,0,0.023451574055405766,0.016695450356629386
599.546321,700,19940.414266,False,1.0,1.0,1.0,0.0,94,4,0.13429991892897475,0.001179667943962501
431.395528,700,19969.269347,False,1.0,1.0,1.0,0.0,52,3,0.09270470893278515,0.02012065850656685
415.987454,700,19992.433516,False,1.0,1.0,1.0,0.0,33,4,0.07132444717051711,0.006596906533127792
465.681009,700,20014.53151,False,0.0,0.0,0.0,0.0,0,0,0.0179165518595521,0.007309475186240127
548.731032,700,20038.37471,False,1.0,1.0,1.0,0.0,52,2,0.10787658714030635,0.010564652153347525
498.076353,700,20064.553733,False,0.0,0.0,0.0,0.0,0,0,0.15495006131097444,0.002494229038406596
228.771983,700,20089.997699,False,1.0,1.0,0.0,0.0,190,1,0.03922725316740472,0.0072772311718370414
433.327851,700,20107.764213,False,0.0,0.0,0.0,0.0,0,0,0.025942419698373298,0.01462450399588626
419.9484,700,20140.864411,False,0.0,0.0,0.0,0.0,0,0,0.0379931866656853,0.008851417264935168
727.040824,700,20162.406463,False,1.0,1.0,1.0,0.0,64,9,0.10012560251934555,0.002816676183631866
568.222485,700,20190.436021,False,1.0,1.0,1.0,0.0,63,9,0.09266082529078545,0.004112199374396781
529.221052,700,20214.824652,False,1.0,1.0,1.0,0.0,16,4,0.06697084119868746,0.0029475842827228656
714.080782,700,20235.3563,False,1.0,1.0,1.0,0.0,21,2,0.07431017356153391,0.005063142932925607
736.954334,700,20267.591317,False,1.0,1.0,1.0,0.0,55,9,0.08616008819160903,0.0006084393465538529
762.484029,700,20293.818817,False,1.0,1.0,1.0,0.0,22,5,0.08003309938022607,0.0029861720309715704
476.120493,700,20315.141325,False,1.0,1.0,1.0,0.0,368,4,0.06474656807709556,0.007968160956710801
480.222951,700,20341.845165,False,1.0,1.0,1.0,0.0,126,4,0.06781459649444521,0.003876035269494867
491.105034,700,20360.824083,False,1.0,1.0,1.0,0.0,56,5,0.16859600870940306,0.007539289096497942
472.675297,700,20384.142619,False,1.0,1.0,0.0,0.0,42,1,0.027293016382738955,0.008283479737763095
83.97453,700,20410.899034,False,0.0,0.0,0.0,0.0,0,0,0.019263915206712556,0.01686515008285776
404.140676,700,20436.508708,False,1.0,1.0,1.0,0.0,61,2,0.10539001233886791,0.005964875262830899
233.843854,700,20459.114312,False,1.0,1.0,0.0,0.0,235,1,0.0731063624212227,0.005964245461965743
425.328841,700,20485.87573,False,0.0,0.0,0.0,0.0,0,0,0.009734622257528525,0.018543152790139805
482.420811,700,20509.393274,False,1.0,1.0,0.0,0.0,29,6,0.03030700297505884,0.0024042128536598253
476.743794,700,20528.130639,False,0.0,0.0,0.0,0.0,0,0,0.011330218918053858,0.009568469620161632
480.148552,700,20553.453546,False,1.0,1.0,1.0,0.0,651,1,0.0969594180022103,0.00906888590144573
595.99913,700,20588.063469,False,1.0,1.0,1.0,0.0,46,2,0.09682337138078279,0.005007970555938371
395.731039,700,20614.409931,False,1.0,1.0,1.0,0.0,58,3,0.08227937546567166,0.004926861115029774
421.989684,700,20643.590188,False,1.0,1.0,1.0,0.0,47,3,0.055940773993528814,0.009602679132903903
577.690693,700,20665.384094,False,1.0,1.0,1.0,0.0,75,5,0.0781335100785927,0.0037664567744013526
700.490635,700,20696.625098,False,1.0,1.0,1.0,0.0,26,5,0.1467747522315539,0.004133073491607595
455.219883,700,20721.576818,False,0.0,0.0,0.0,0.0,0,0,0.004335567745140101,0.01676695649460138
532.711626,700,20751.393126,False,1.0,1.0,1.0,0.0,65,3,0.07738688881601108,0.005787235594346328
406.086506,700,20773.518697,False,1.0,1.0,1.0,0.0,20,2,0.06852030979567447,0.01167265639183061
440.027209,700,20803.689436,False,0.0,0.0,0.0,0.0,0,0,0.005832205621432496,0.026752415351705472
438.834774,700,20829.613092,False,1.0,1.0,0.0,0.0,71,3,0.04783138987060653,0.008181493755966312
446.031664,700,20851.015849,False,0.0,0.0,0.0,0.0,0,0,0.008945036390886285,0.014352272267558223
586.470893,700,20883.598643,False,1.0,1.0,1.0,0.0,20,7,0.16923659367131427,0.0025629646092321136
450.423472,700,20909.022306,False,0.0,0.0,0.0,0.0,0,0,0.003922786738879247,0.02166983487228904
604.083917,700,20927.480161,False,1.0,1.0,1.0,0.0,25,3,0.09914704500442273,0.002686702377222815
630.422223,700,20954.205271,False,1.0,1.0,1.0,0.0,245,3,0.11941854058850054,0.006458879546844171
554.150557,700,20974.942315,False,1.0,1.0,1.0,0.0,46,5,0.07965298229535933,0.00696557603532837
819.24097,700,20998.408743,False,1.0,1.0,1.0,0.0,46,8,0.07993534993090756,0.0027174570679695718
512.219183,700,21026.623234,False,1.0,1.0,1.0,0.0,88,5,0.13546184003632988,0.007075210237852984
684.42329,700,21046.884895,False,1.0,1.0,1.0,0.0,18,6,0.08024496222146316,0.0008627374115562376
442.46736,700,21068.908258,False,0.0,0.0,0.0,0.0,0,0,0.0068427215949536935,0.028012301969197788
567.188496,700,21089.836737,False,1.0,1.0,1.0,0.0,48,2,0.08921529582266063,0.007444889133911665
562.349139,700,21113.186193,False,1.0,1.0,1.0,0.0,54,1,0.10626181279807545,0.006676286359838091
439.750166,700,21149.227802,False,0.0,0.0,0.0,0.0,0,0,0.004507585458855656,0.019246116846031062
537.672548,700,21186.868504,False,1.0,1.0,1.0,0.0,31,1,0.07686422795493675,0.01742912348306006
806.684073,700,21209.850824,False,1.0,1.0,1.0,0.0,42,8,0.07835011908940115,0.00531735788393948
790.207022,700,21233.742247,False,1.0,1.0,1.0,0.0,40,2,0.09892107416509965,0.005362278448397301
444.302131,700,21258.829189,False,0.0,0.0,0.0,0.0,0,0,0.010552868091338263,0.018229721631689354
680.646786,700,21294.024217,False,1.0,1.0,1.0,0.0,20,6,0.09270603198943583,0.004434561616991336
442.432373,700,21316.712302,False,0.0,0.0,0.0,0.0,0,0,0.018241829908235196,0.01700362224504497
527.971935,700,21349.558141,False,1.0,1.0,1.0,0.0,578,1,0.0957611902093819,0.007811277324848053
465.084637,700,21382.239972,False,1.0,1.0,0.0,0.0,50,2,0.018945468500528806,0.0032080560613401113
182.906585,700,21405.747005,False,0.0,0.0,0.0,0.0,0,0,0.015718084843094227,0.010846836174796334
672.799043,700,21435.480892,False,1.0,1.0,1.0,0.0,32,5,0.07223501237134033,0.003936281391351232
55.858859,700,21463.2781,False,0.0,0.0,0.0,0.0,0,0,0.010169082542581753,0.025884529487435772
411.698241,700,21485.032737,False,1.0,1.0,1.0,0.0,211,3,0.08736173358808952,0.000631565479680866
615.821102,700,21521.731009,False,1.0,1.0,1.0,0.0,19,3,0.0730637583386351,0.008934614525434884
391.293379,700,21539.934875,False,1.0,1.0,0.0,0.0,131,2,0.009544922054014693,0.014961637156588867
647.359132,700,21564.920135,False,1.0,1.0,1.0,0.0,24,5,0.0847185468589835,0.016671949549661797
266.470146,700,21604.163317,False,1.0,1.0,0.0,0.0,392,1,0.037976516937071825,0.014686154117173224
225.311471,700,21632.244883,False,1.0,1.0,1.0,0.0,30,3,0.0745401431872953,0.009521662244681142
545.801854,700,21654.302328,False,1.0,1.0,1.0,0.0,35,3,0.09588654680174802,0.0018879547005551853
452.597465,700,21671.684285,False,0.0,0.0,0.0,0.0,0,0,0.018188945498824216,0.016048900583791895
388.336608,700,21690.728347,False,1.0,1.0,0.0,0.0,136,2,0.02704311123462233,0.0030346438389303116
638.629915,700,21715.455268,False,1.0,1.0,1.0,0.0,84,4,0.06805221290718455,0.00431347598348387
654.008873,700,21745.279665,False,1.0,1.0,1.0,0.0,43,2,0.09918963244463441,0.0049039984189884435
506.320848,700,21768.518353,False,1.0,1.0,1.0,0.0,93,3,0.07781586679134189,0.006005880151750003
251.052224,700,21793.908998,False,1.0,1.0,1.0,0.0,109,4,0.06079246749832623,0.005847817902584604
369.971581,700,21814.214037,False,0.0,0.0,0.0,0.0,0,0,0.026127539055991078,0.012143965261635532
498.872379,700,21844.042587,False,0.0,0.0,0.0,0.0,0,0,0.0362877260790514,0.0055110780848700875
477.12723,700,21874.724612,False,1.0,1.0,0.0,0.0,650,1,0.02208965968689114,0.008897959685615981
659.838412,700,21924.208346,False,1.0,1.0,1.0,0.0,74,5,0.12435546199030678,0.004544122518504373
521.64255,700,21944.230865,False,1.0,1.0,1.0,0.0,27,6,0.07859301606350277,0.005238384209907876
472.988195,700,21968.250952,False,1.0,1.0,0.0,0.0,26,1,0.02897726279872148,0.006061456495624017
736.471194,700,22011.684785,False,1.0,1.0,1.0,0.0,36,4,0.07799219702672833,0.005534745457635527
451.400265,700,22037.638534,False,0.0,0.0,0.0,0.0,0,0,0.024770126576358464,0.019932212597096155
507.231159,700,22062.228802,False,1.0,1.0,1.0,0.0,63,2,0.09416691428177515,0.016731090205760354
547.135632,700,22082.532088,False,1.0,1.0,1.0,0.0,65,3,0.12238166205695311,0.0049178200311696335
822.546121,700,22120.64652,False,1.0,1.0,1.0,0.0,21,5,0.07568493129481102,0.008570881211776451
483.539671,700,22142.798442,False,0.0,0.0,0.0,0.0,0,0,0.052302008260543986,0.015496128853083086
249.626909,700,22175.125467,False,1.0,1.0,1.0,0.0,47,5,0.09878688361425314,0.014892242398666836
560.041193,700,22199.235051,False,1.0,1.0,1.0,0.0,32,5,0.10009040128354352,0.010956553489823708
541.605085,700,22221.047628,False,1.0,1.0,1.0,0.0,355,11,0.07880734216947927,0.000391694596473841
432.169315,700,22244.372285,False,0.0,0.0,0.0,0.0,0,0,0.0011230653461892226,0.030419349475333937
371.257305,700,22270.985299,False,1.0,1.0,1.0,0.0,36,2,0.16188681373480485,0.011553230927302205
492.261476,700,22293.699083,False,0.0,0.0,0.0,0.0,0,0,0.02227896336320323,0.0023987811829896673
578.092625,700,22314.438329,False,1.0,1.0,1.0,0.0,25,5,0.09650451646566038,0.011822346004257783
301.031578,700,22338.111394,False,1.0,1.0,1.0,0.0,43,3,0.06433483541250873,0.01505541500823055
433.253348,700,22366.968767,False,1.0,1.0,0.0,0.0,120,1,0.060850464350233224,0.003257395413708034
416.242326,700,22388.133561,False,0.0,0.0,0.0,0.0,0,0,0.03253109213679206,0.012175783331514924
153.693385,700,22414.715799,False,1.0,1.0,1.0,0.0,48,2,0.07301718509656963,0.01636093550305242
560.214858,700,22443.031053,False,1.0,1.0,1.0,0.0,47,4,0.13790685787283885,0.010792137893023392
477.915883,700,22468.766513,False,1.0,1.0,1.0,0.0,62,2,0.1013992124770714,0.0024894881864887582
345.663635,700,22494.647932,False,1.0,1.0,0.0,0.0,34,1,0.0943184102852419,0.0024331784446670617
527.877477,700,22515.901161,False,1.0,1.0,1.0,0.0,20,8,0.08850195939799466,0.0020248466100940467
782.72934,700,22544.560383,False,1.0,1.0,1.0,0.0,37,6,0.08242704579523508,0.0019316787305011514
439.028672,700,22576.320511,False,1.0,1.0,0.0,0.0,161,4,0.010932384266641892,0.004051053157226195
436.174877,700,22609.2037,False,0.0,0.0,0.0,0.0,0,0,0.05002906202618762,0.010475216636896958
439.090678,700,22634.032423,False,0.0,0.0,0.0,0.0,0,0,0.024876355839497655,0.004478542261414222
483.626036,700,22670.258292,False,1.0,1.0,1.0,0.0,20,2,0.07826143756003101,0.02129330631499681
869.851746,700,22700.639609,False,1.0,1.0,1.0,0.0,29,6,0.08421664609743484,0.003943678518648005
464.126431,700,22722.51215,False,0.0,0.0,0.0,0.0,0,0,0.01836733567980664,0.009112440095251
599.530062,700,22748.777417,False,1.0,1.0,1.0,0.0,23,5,0.13359035419816134,0.0024763368805785736
473.045989,700,22768.416504,False,1.0,1.0,1.0,0.0,30,4,0.07257340646856769,0.0033742196944818977
342.774579,700,22803.884913,False,1.0,1.0,1.0,0.0,222,2,0.08033261142978998,0.01171365277625181
521.794263,700,22834.568109,False,1.0,1.0,1.0,0.0,67,6,0.08445992277798564,0.010317276223338338
320.658988,700,22856.469648,False,1.0,1.0,0.0,0.0,97,1,0.015468870488508535,0.01027045203864867
874.690894,700,22888.70486,False,1.0,1.0,1.0,0.0,53,5,0.08966195892055895,0.003430734494587038
447.127953,700,22911.239641,False,0.0,0.0,0.0,0.0,0,0,0.002468768530066612,0.029669725385872796
892.585938,700,22941.695072,False,1.0,1.0,1.0,0.0,18,10,0.08259148172910902,0.0016483663787914763
461.320428,700,22962.68152,False,1.0,1.0,0.0,0.0,21,3,0.02999791344627445,0.006268065545792347
599.296911,700,22981.146355,False,1.0,1.0,1.0,0.0,48,6,0.1101372438445074,0.012289627906170983
425.908256,700,23008.687133,False,1.0,1.0,1.0,0.0,144,3,0.08536864536212985,0.009570381476136237
589.643763,700,23033.939353,False,1.0,1.0,1.0,0.0,574,2,0.08086368492635498,0.008051892421803647
344.412953,700,23056.060951,False,0.0,0.0,0.0,0.0,0,0,0.005810391196110154,0.013944972281170557
846.959985,700,23077.051385,False,1.0,1.0,1.0,0.0,17,9,0.09186964721182045,0.0024227359488746755
526.557709,700,23117.303582,False,1.0,1.0,1.0,0.0,31,4,0.09591165375519839,0.009487921043337932
322.303621,700,23150.222069,False,1.0,1.0,1.0,0.0,158,5,0.08227219912879591,0.01393515217193481
428.247521,700,23173.010267,False,1.0,1.0,0.0,0.0,178,1,0.03216024665820372,0.005933545858323942
387.498078,700,23193.588996,False,1.0,1.0,1.0,0.0,35,3,0.11610516847429919,0.009170424883167634
617.978314,700,23219.108382,False,1.0,1.0,1.0,0.0,111,5,0.08025988985469856,0.00418325135017113
456.354451,700,23239.161735,False,1.0,1.0,0.0,0.0,278,1,0.08317153757930329,0.010447865879483062
450.226158,700,23260.948135,False,1.0,1.0,1.0,0.0,598,4,0.08683083337329056,0.014538493988549256
760.534009,700,23292.09043,False,1.0,1.0,1.0,0.0,196,3,0.07623473282644966,0.0035772500640364855
455.687719,700,23318.177654,False,1.0,1.0,0.0,0.0,159,1,0.030123149430305585,0.008464420386245649
400.649893,700,23340.790939,False,1.0,1.0,0.0,0.0,42,2,0.03301666275756199,0.0012626916755649625
632.7601,700,23375.279232,False,1.0,1.0,1.0,0.0,24,2,0.07626221165186053,0.00488596687288589
427.221077,700,23404.750701,False,1.0,1.0,0.0,0.0,40,2,0.006175369070411274,0.005184676371403435
507.559201,700,23445.116887,False,1.0,1.0,1.0,0.0,23,3,0.08266481986678942,0.01476971881257482
560.705659,700,23467.013105,False,1.0,1.0,1.0,0.0,73,6,0.10849690614256147,0.0043863323787293705
421.369754,700,23487.00689,False,1.0,1.0,1.0,0.0,80,3,0.08011153167034624,0.005823151322834079
842.487334,700,23507.994723,False,1.0,1.0,1.0,0.0,71,7,0.08818283259792814,0.001746568897549276
589.606267,700,23534.503684,False,1.0,1.0,1.0,0.0,115,6,0.07566912597398401,0.008013021892750235
596.94338,700,23558.100472,False,1.0,1.0,1.0,0.0,47,3,0.058480411125174325,0.004121934975167801
395.648334,700,23583.915319,False,1.0,1.0,1.0,0.0,221,5,0.0873438217738991,0.0022825451330123047
575.097639,700,23604.386634,False,1.0,1.0,1.0,0.0,52,3,0.09456948751193361,0.012052791890674331
616.232483,700,23629.883069,False,1.0,1.0,1.0,0.0,494,2,0.07488563035752405,0.003996470678053341
509.120514,700,23659.12735,False,1.0,1.0,1.0,0.0,153,6,0.07701033250029798,0.009991286368815985
613.122346,700,23678.116332,False,1.0,1.0,1.0,0.0,140,7,0.08751255260384261,0.0033323832710118817
333.491163,700,23701.526111,False,1.0,1.0,1.0,0.0,57,2,0.06981395001797575,0.0028097149918667533
458.616374,700,23723.189353,False,1.0,1.0,0.0,0.0,19,1,0.014821341878975325,0.015777658704454127
450.051505,700,23741.114209,False,1.0,1.0,0.0,0.0,215,2,0.02132341356936651,0.021509167528195965
678.038078,700,23760.384972,False,1.0,1.0,1.0,0.0,34,3,0.1052015221506859,0.0035896427990506183
355.797523,700,23788.432214,False,0.0,0.0,0.0,0.0,0,0,0.024911255604136318,0.01090148696142058
444.290298,700,23814.514121,False,1.0,1.0,0.0,0.0,65,1,0.044800159737053424,0.00610177105310395
588.045004,700,23831.132455,False,1.0,1.0,1.0,0.0,28,12,0.07177742563179013,0.00938492242496241
459.256615,700,23854.367708,False,1.0,1.0,1.0,0.0,383,2,0.09248118405720596,0.01013454499325424
707.83398,700,23881.061821,False,1.0,1.0,1.0,0.0,57,7,0.10893371206217883,0.0015741683087471669
287.556071,700,23920.117291,False,1.0,1.0,1.0,0.0,276,4,0.08693105240464116,0.008582933424630462
390.9476,700,23942.64005,False,1.0,1.0,1.0,0.0,54,2,0.07721700459268621,0.002969263058198626
631.729074,700,23967.668886,False,1.0,1.0,1.0,0.0,195,2,0.06837406276944091,0.0012329643218309887
284.58528,700,23994.6415,False,0.0,0.0,0.0,0.0,0,0,0.05041433915904847,0.026808617035383665
508.857218,700,24017.530484,False,1.0,1.0,1.0,0.0,14,2,0.07963483819175488,0.006516722328483141
453.939951,700,24036.189083,False,0.0,0.0,0.0,0.0,0,0,0.020560047420619454,0.021793179878050992
327.989099,700,24067.456573,False,1.0,1.0,1.0,0.0,19,3,0.11527628307381266,0.009328179185932886
516.177615,700,24087.732968,False,1.0,1.0,1.0,0.0,58,4,0.05488573877716818,0.006730781312999293
658.916821,700,24107.01059,False,1.0,1.0,1.0,0.0,39,4,0.08229624380111489,0.013304319142333005
528.786212,700,24130.013751,False,1.0,1.0,1.0,0.0,151,2,0.08611750103383375,0.012852009550401977
493.027203,700,24163.222963,False,1.0,1.0,1.0,0.0,32,6,0.06897209710879126,0.002183294401944886
470.767476,700,24180.371155,False,1.0,1.0,0.0,0.0,323,1,0.04547557287297477,0.009585264593133387
604.415593,700,24202.212369,False,1.0,1.0,1.0,0.0,36,4,0.06728730684069706,0.004234849125913272
434.681952,700,24229.613696,False,0.0,0.0,0.0,0.0,0,0,0.022738572824140824,0.02146751913258006
668.751413,700,24251.409451,False,1.0,1.0,1.0,0.0,26,5,0.07988447761541428,0.002302972843346692
415.043364,700,24275.166984,False,0.0,0.0,0.0,0.0,0,0,0.020307882252913467,0.015588797381341675
568.01216,700,24295.062926,False,1.0,1.0,1.0,0.0,31,5,0.08032939059133992,0.005643430525265278
569.224617,700,24323.096597,False,1.0,1.0,1.0,0.0,28,2,0.09783598319464604,0.014497650166308872
585.467171,700,24356.40083,False,1.0,1.0,1.0,0.0,25,9,0.0766726092688339,0.012349597690750705
458.831743,700,24383.048254,False,1.0,1.0,0.0,0.0,53,2,0.017740441047647604,0.019438467500439233
58.634532,700,24405.734859,False,0.0,0.0,0.0,0.0,0,0,0.01398357860006616,0.026576866126159424
423.916338,700,24426.423634,False,1.0,1.0,0.0,0.0,41,1,0.02872225654685856,0.024007284574512837
546.996588,700,24454.340841,False,1.0,1.0,1.0,0.0,29,11,0.08045827080595447,0.0047921444247056326
362.531797,700,24476.678728,False,1.0,1.0,1.0,0.0,22,6,0.09564684559318237,0.013261150503701519
370.729721,700,24495.113355,False,0.0,0.0,0.0,0.0,0,0,0.007214381140522419,0.01503439115509128
490.975881,700,24513.762572,False,1.0,1.0,0.0,0.0,152,2,0.026394641151272658,0.0026500085399039927
513.850269,700,24537.533338,False,1.0,1.0,1.0,0.0,18,1,0.06262388370007188,0.010425994957005247
230.946689,700,24560.788001,False,1.0,1.0,1.0,0.0,30,2,0.07496602542614639,0.01254309752721756
492.093466,700,24586.135497,False,1.0,1.0,0.0,0.0,639,1,0.017429739059503957,0.009365419253867243
308.04258,700,24607.402157,False,1.0,1.0,0.0,0.0,60,2,0.06392120858087391,0.003516581503369664
980.930061,700,24628.622548,False,1.0,1.0,1.0,0.0,21,1,0.09109172275901833,0.007751167964000324
471.450857,700,24657.958245,False,1.0,1.0,0.0,0.0,51,3,0.03179701623009501,0.005230854344533334
619.838206,700,24681.746035,False,1.0,1.0,1.0,0.0,78,2,0.06959527558115453,0.014661725534842556
624.004523,700,24716.666815,False,1.0,1.0,1.0,0.0,36,4,0.07213256642041721,0.01597054524974644
287.782594,700,24737.151377,False,1.0,1.0,0.0,0.0,78,3,0.03497410754765773,0.02326507637006313
588.783229,700,24766.134615,False,1.0,1.0,1.0,0.0,55,2,0.07325077174838934,0.0017788592613344966
452.268573,700,24786.513814,False,1.0,1.0,0.0,0.0,26,1,0.02204972614796863,0.009172931481085915
326.949513,700,24804.548064,False,1.0,1.0,1.0,0.0,46,2,0.07710639723590751,0.009406273477339333
201.728783,700,24835.840945,False,1.0,1.0,0.0,0.0,60,1,0.00909309943909098,0.003977025977533732
786.918646,700,24857.044677,False,1.0,1.0,1.0,0.0,56,8,0.0863984529796541,0.012793186322628396
349.091039,700,24874.376093,False,0.0,0.0,0.0,0.0,0,0,0.014661120558346563,0.010442740768520987
486.656248,700,24904.513347,False,1.0,1.0,1.0,0.0,399,1,0.06806870337759485,0.007534825860329911
463.358338,700,24931.01416,False,0.0,0.0,0.0,0.0,0,0,0.014622695548441755,0.007819673267169407
434.968842,700,24951.947822,False,0.0,0.0,0.0,0.0,0,0,0.007694682052536428,0.030651585468830494
453.590231,700,24973.4743,False,0.0,0.0,0.0,0.0,0,0,0.010391601635974967,0.013122997655483096
658.029234,700,25002.102607,False,1.0,1.0,1.0,0.0,135,3,0.07124894438547724,0.004262716779402998
426.069984,700,25027.980171,False,0.0,0.0,0.0,0.0,0,0,0.014926852362342924,0.028612837849892468
472.838813,700,25059.372683,False,1.0,1.0,0.0,0.0,200,1,0.052433557320230584,0.005626543201177654
539.664355,700,25085.343562,False,1.0,1.0,1.0,0.0,75,1,0.06479576541568466,0.011280694175669051
142.940475,700,25108.738289,False,0.0,0.0,0.0,0.0,0,0,0.008643311602412274,0.02212601802843625
584.603898,700,25128.397384,False,1.0,1.0,1.0,0.0,51,10,0.05582046297687315,0.007035212937659603
791.297949,700,25154.132273,False,1.0,1.0,1.0,0.0,30,9,0.13353229193565674,0.0028136337747764915
706.930367,700,25176.644671,False,1.0,1.0,1.0,0.0,37,3,0.07427407918999374,0.005316453793243578
527.414499,700,25199.314598,False,1.0,1.0,1.0,0.0,40,2,0.08126047791167745,0.019197324839851208
620.346607,700,25225.333757,False,1.0,1.0,1.0,0.0,20,2,0.10044963306581167,0.00473155597967563
734.635786,700,25249.642728,False,1.0,1.0,1.0,0.0,109,3,0.08433445362905367,0.005597207526420758
458.995699,700,25281.396733,False,1.0,1.0,1.0,0.0,17,4,0.07459101150681091,0.01235654362171806
397.53703,700,25300.801159,False,1.0,1.0,0.0,0.0,65,4,0.03215552780348763,0.008012841912208387
464.464169,700,25320.614529,False,0.0,0.0,0.0,0.0,0,0,0.02670492713970407,0.006800367420195312
452.273235,700,25348.191379,False,0.0,0.0,0.0,0.0,0,0,0.010941497900522013,0.020464562992195685
496.969682,700,25365.738861,False,1.0,1.0,1.0,0.0,163,1,0.07200277036464386,0.011845203306651848
810.166771,700,25397.25071,False,1.0,1.0,1.0,0.0,70,7,0.09175702626619708,0.0020047573728961873
763.290132,700,25419.754337,False,1.0,1.0,1.0,0.0,87,4,0.06266733909549049,0.0033270151696890783
659.484946,700,25441.740315,False,1.0,1.0,1.0,0.0,51,11,0.08316465678034868,0.005430007514069637
875.821798,700,25474.044176,False,1.0,1.0,1.0,0.0,23,10,0.071293641193376,0.006916007490175355
490.613482,700,25493.154504,False,1.0,1.0,1.0,0.0,23,1,0.08228621647374845,0.004620276349345737
924.662394,700,25512.999114,False,1.0,1.0,1.0,0.0,59,4,0.0797117292467604,0.0016598706847920383
402.982343,700,25531.945258,False,0.0,0.0,0.0,0.0,0,0,0.012256888255307463,0.017395292661957107
457.027855,700,25557.558519,False,0.0,0.0,0.0,0.0,0,0,0.008158418293316427,0.01960835537435533
930.361688,700,25577.213464,False,1.0,1.0,1.0,0.0,26,5,0.07690133286697443,0.0012929019632445503
497.788473,700,25597.75437,False,1.0,1.0,1.0,0.0,181,2,0.0790388265759403,0.014587881387915448
462.434868,700,25616.836763,False,0.0,0.0,0.0,0.0,0,0,0.0066279269942758345,0.011128665399204478
604.674942,700,25640.812008,False,1.0,1.0,1.0,0.0,45,6,0.07623972949637037,0.00511155372499974
468.994562,700,25658.248034,False,0.0,0.0,0.0,0.0,0,0,0.022904871253532022,0.006082155307129584
427.911562,700,25682.720459,False,1.0,1.0,0.0,0.0,337,4,0.10839796886844189,0.00806308421551175
461.746853,700,25700.90681,False,0.0,0.0,0.0,0.0,0,0,0.012095817763419503,0.011520024365273118
533.249755,700,25723.193462,False,1.0,1.0,1.0,0.0,317,1,0.11000717007400018,0.01168673897713558
922.687733,700,25752.067278,False,1.0,1.0,1.0,0.0,23,5,0.0769127044772352,0.004796718321050649
134.990167,700,25775.333367,False,1.0,1.0,1.0,0.0,18,3,0.08871766017595706,0.018248912680511955
453.997777,700,25801.06874,False,0.0,0.0,0.0,0.0,0,0,0.012308250046083713,0.030037864243555517
689.617901,700,25823.137383,False,1.0,1.0,1.0,0.0,232,3,0.07689301822958872,0.0021626878665090736
699.271946,700,25847.42206,False,1.0,1.0,1.0,0.0,27,8,0.11265671505640518,0.005032264098188803
451.183616,700,25867.627356,False,0.0,0.0,0.0,0.0,0,0,0.016930056313560704,0.023760256839589426
443.365296,700,25900.907865,False,0.0,0.0,0.0,0.0,0,0,0.04655749918256191,0.020693499272832625
246.069777,700,25931.570143,False,0.0,0.0,0.0,0.0,0,0,0.007079243045360117,0.015671340084981507
689.592796,700,25951.869039,False,1.0,1.0,1.0,0.0,26,5,0.08812876891617849,0.010237888053426462
439.440834,700,25972.134214,False,1.0,1.0,1.0,0.0,46,3,0.08750846686959401,0.002229556545318992
772.962621,700,25991.531299,False,1.0,1.0,1.0,0.0,29,10,0.07163708292574311,0.007295773942832515
562.496372,700,26014.80398,False,1.0,1.0,1.0,0.0,30,2,0.0670937592985007,0.002567519560102853
763.779289,700,26038.412874,False,1.0,1.0,1.0,0.0,52,3,0.06780357258078396,0.0015789280161870479
559.23753,700,26064.836718,False,1.0,1.0,1.0,0.0,110,2,0.066845498928359,0.01009817883033458
513.357309,700,26081.901739,False,1.0,1.0,1.0,0.0,72,1,0.0790005130263961,0.008590793255419433
178.994807,700,26105.95585,False,0.0,0.0,0.0,0.0,0,0,0.004629169279673051,0.00947538750304536
99.326607,700,26129.480969,False,0.0,0.0,0.0,0.0,0,0,0.06728166501239219,0.011613732659773375
453.059515,700,26154.76151,False,0.0,0.0,0.0,0.0,0,0,0.014038073839468979,0.012928875415120151
438.963506,700,26177.047604,False,0.0,0.0,0.0,0.0,0,0,0.009841729970056168,0.025111820227523275
522.048726,700,26206.012226,False,1.0,1.0,1.0,0.0,79,7,0.08474729258663927,0.008138613772586697
773.766241,700,26238.322786,False,1.0,1.0,1.0,0.0,47,2,0.09580329689760392,0.0015922543096872595
515.6983,700,26262.498414,False,1.0,1.0,1.0,0.0,43,2,0.08506614565088655,0.009387422259476502
456.818734,700,26287.771418,False,0.0,0.0,0.0,0.0,0,0,0.015083109793031513,0.007632450247926244
449.333686,700,26309.597683,False,0.0,0.0,0.0,0.0,0,0,0.005177129350317444,0.01977610309995669
114.659202,700,26333.048902,False,0.0,0.0,0.0,0.0,0,0,0.007952232954519745,0.0039456277930765725
897.157727,700,26352.144482,False,1.0,1.0,1.0,0.0,24,4,0.08797252920582677,0.005633404967763958
653.257175,700,26373.331416,False,1.0,1.0,1.0,0.0,214,2,0.0621338221261859,0.0031362521659413565
902.996687,700,26415.335297,False,1.0,1.0,1.0,0.0,20,8,0.06665198654305982,0.005071807283031824
646.386857,700,26433.51109,False,1.0,1.0,1.0,0.0,56,1,0.06679031984213202,0.011939395109243162
708.995858,700,26452.671493,False,1.0,1.0,1.0,0.0,68,8,0.07423840965351802,0.00668690597174366
759.638178,700,26475.0192,False,1.0,1.0,1.0,0.0,57,6,0.07728054344516977,0.00549581418297088
445.000349,700,26498.432675,False,0.0,0.0,0.0,0.0,0,0,0.014850921996207411,0.018993935036499775
298.838269,700,26516.695739,False,1.0,1.0,0.0,0.0,129,1,0.006970873112887799,0.012992789107748745
612.541172,700,26546.309699,False,1.0,1.0,1.0,0.0,27,9,0.07244399020116654,0.006741992697450319
239.247604,700,26572.201515,False,1.0,1.0,1.0,0.0,35,2,0.08776441033287696,0.007943892741115646
521.781952,700,26591.726047,False,1.0,1.0,1.0,0.0,73,2,0.07826823791289972,0.014143730507661984
927.002119,700,26611.440504,False,1.0,1.0,1.0,0.0,29,3,0.06718191544229912,0.0038142634328503073
446.441237,700,26631.486221,False,1.0,1.0,1.0,0.0,35,1,0.07839806187998133,0.008962836016973084
443.292435,700,26649.98534,False,0.0,0.0,0.0,0.0,0,0,0.00882596882276887,0.014673651974227866
429.636304,700,26671.380717,False,0.0,0.0,0.0,0.0,0,0,0.01031369973252827,0.025150313286989898
382.042947,700,26701.327275,False,0.0,0.0,0.0,0.0,0,0,0.012158958202732828,0.004599435181776085
802.305191,700,26725.023441,False,1.0,1.0,1.0,0.0,239,6,0.08488068600451681,0.008338277671358698
543.1622,700,26753.633654,False,1.0,1.0,1.0,0.0,39,1,0.06314773635994952,0.002153671556772286
534.467122,700,26782.300536,False,1.0,1.0,1.0,0.0,308,13,0.16944259956336338,0.006561016769771294
552.368372,700,26814.015632,False,1.0,1.0,1.0,0.0,26,8,0.0642315089873593,0.006239027555657183
524.706724,700,26831.451403,False,1.0,1.0,1.0,0.0,450,5,0.07233561099233188,0.009756673094710561
975.318796,700,26863.369148,False,1.0,1.0,1.0,0.0,19,4,0.09384105524122677,0.0058677278476203
744.777151,700,26886.303241,False,1.0,1.0,1.0,0.0,69,3,0.07991143244898236,0.003816038513996999
920.827749,700,26909.590169,False,1.0,1.0,1.0,0.0,31,4,0.08225492901524267,0.005404058989088547
501.296422,700,26932.783366,False,1.0,1.0,0.0,0.0,270,1,0.14848600843102577,0.0018355704986931208
556.683784,700,26967.450448,False,1.0,1.0,1.0,0.0,23,2,0.09364664190843575,0.004480245203590012
503.401619,700,26986.894982,False,1.0,1.0,1.0,0.0,42,2,0.059073863016858574,0.02645372882687808
935.098435,700,27014.538625,False,1.0,1.0,1.0,0.0,24,2,0.07467175904309553,0.002375195981978716
842.222024,700,27036.245898,False,1.0,1.0,1.0,0.0,42,3,0.07539441036151351,0.013400997113615299
847.349296,700,27057.944677,False,1.0,1.0,1.0,0.0,56,3,0.08491198872178352,0.0016217724576247522
464.330677,700,27084.181167,False,0.0,0.0,0.0,0.0,0,0,0.02880445162093692,0.013596359626360004
353.194204,700,27108.559673,False,0.0,0.0,0.0,0.0,0,0,0.0041632860070074384,0.025807214953309596
878.442987,700,27134.963534,False,1.0,1.0,1.0,0.0,43,3,0.07045456636504699,0.0021140514915428386
888.201885,700,27156.494772,False,1.0,1.0,1.0,0.0,79,6,0.08033987959561228,0.003725698361660546
684.14316,700,27184.290368,False,1.0,1.0,1.0,0.0,27,1,0.07559141521979151,0.0043947033258595405
484.477174,700,27220.095118,False,1.0,1.0,0.0,0.0,164,2,0.03829451729155742,0.009776729213190732
604.580076,700,27243.291596,False,1.0,1.0,1.0,0.0,26,3,0.06521205188818158,0.01633272273665187
719.142883,700,27276.802495,False,1.0,1.0,1.0,0.0,28,9,0.07800692092820927,0.010595292475857465
595.941571,700,27296.084243,False,1.0,1.0,1.0,0.0,19,2,0.07625587773714504,0.006585202331091712
425.076724,700,27321.263219,False,0.0,0.0,0.0,0.0,0,0,0.021186871282586228,0.016249219352300108
833.711193,700,27343.187538,False,1.0,1.0,1.0,0.0,116,3,0.07110752811562815,0.006110183989052467
322.131501,700,27362.863027,False,0.0,0.0,0.0,0.0,0,0,0.05149974106166966,0.010020763093730985
800.853166,700,27385.854865,False,1.0,1.0,1.0,0.0,16,5,0.07957439477071171,0.008333740441364264
492.996007,700,27406.816309,False,1.0,1.0,1.0,0.0,38,6,0.09185899540134357,0.010974620519312658
679.890847,700,27430.530589,False,1.0,1.0,1.0,0.0,18,10,0.09060684059016377,0.006744265860417379
467.850624,700,27452.698349,False,0.0,0.0,0.0,0.0,0,0,0.013709172508932,0.004854654000372542
485.915164,700,27478.562351,False,1.0,1.0,1.0,0.0,75,2,0.058107519666590335,0.005256366839219623
691.1478,700,27504.245722,False,1.0,1.0,1.0,0.0,22,1,0.0749502650434547,0.005511064281530772
651.103765,700,27524.27529,False,1.0,1.0,1.0,0.0,49,2,0.08575670916657241,0.007280155700932365
68.534826,700,27541.310027,False,0.0,0.0,0.0,0.0,0,0,0.01675813419345662,0.010430371835608673
474.260869,700,27563.564594,False,1.0,1.0,0.0,0.0,37,5,0.03124958246777476,0.007226016256055334
422.653525,700,27585.26711,False,1.0,1.0,0.0,0.0,299,12,0.016359021368675064,0.008048599891059768
542.342255,700,27603.279698,False,1.0,1.0,1.0,0.0,388,3,0.0969951302691352,0.0036125272063518643
441.176418,700,27627.090395,False,1.0,1.0,0.0,0.0,235,2,0.04689764579261113,0.02772746229759584
208.153688,700,27648.627606,False,0.0,0.0,0.0,0.0,0,0,0.023959514832824214,0.007799514152129181
366.733582,700,27668.305979,False,1.0,1.0,0.0,0.0,40,1,0.0198738802394145,0.005420884829600088
451.465434,700,27687.597263,False,0.0,0.0,0.0,0.0,0,0,0.009924941642500462,0.014998678495441177
691.079953,700,27714.613098,False,1.0,1.0,1.0,0.0,52,3,0.059818580587968184,0.007109453980047712
394.454764,700,27733.250171,False,0.0,0.0,0.0,0.0,0,0,0.010746103698258236,0.013998234860111699
129.198421,700,27764.223494,False,0.0,0.0,0.0,0.0,0,0,0.010716757918869946,0.018024605339307515
478.822035,700,27785.42097,False,1.0,1.0,0.0,0.0,141,3,0.04471356750379574,0.013970300506638368
345.036332,700,27808.648145,False,1.0,1.0,1.0,0.0,79,4,0.07974396223730429,0.010863613691156048
489.049948,700,27826.47996,False,1.0,1.0,1.0,0.0,12,1,0.060603323906240014,0.012279088984395026
701.105295,700,27853.463813,False,1.0,1.0,1.0,0.0,178,5,0.08302137349112526,0.001197367480382246
436.958806,700,27871.152414,False,0.0,0.0,0.0,0.0,0,0,0.10414850869450976,0.012997983541471993
475.830311,700,27893.15702,False,1.0,1.0,0.0,0.0,36,2,0.046720069927535746,0.0031735168319718694
645.202895,700,27915.090469,False,1.0,1.0,1.0,0.0,42,1,0.07343102441762561,0.006434352738661982
554.186178,700,27950.96818,False,1.0,1.0,1.0,0.0,170,4,0.090829355538382,0.0034769264368496597
453.060875,700,27969.559686,False,0.0,0.0,0.0,0.0,0,0,0.0014155466894875124,0.03312187482027281
661.960728,700,28007.607403,False,1.0,1.0,1.0,0.0,14,1,0.07574095404785508,0.01053421439159537
705.679534,700,28027.825293,False,1.0,1.0,1.0,0.0,105,6,0.08297206889933062,0.0009955287396839828
620.53034,700,28061.227398,False,1.0,1.0,1.0,0.0,20,4,0.07374082774170743,0.009288014940752525
489.617296,700,28084.969274,False,0.0,0.0,0.0,0.0,0,0,0.008985672474102646,0.005366820918865613
449.945387,700,28109.518315,False,0.0,0.0,0.0,0.0,0,0,0.02276464540429768,0.022972899915342695
479.444372,700,28148.424185,False,1.0,1.0,0.0,0.0,52,1,0.011981469820836255,0.009497886676294033
438.673525,700,28175.338261,False,0.0,0.0,0.0,0.0,0,0,0.046226415596518855,0.018567320703033616
562.974773,700,28195.092057,False,1.0,1.0,1.0,0.0,34,4,0.07227203850324126,0.0015869052806544587
447.3817,700,28223.051171,False,1.0,1.0,0.0,0.0,23,1,0.03216331032135533,0.007277648088879554
447.169864,700,28247.284104,False,1.0,1.0,1.0,0.0,23,1,0.0707977947098608,0.024133617214431653
584.801742,700,28272.632503,False,1.0,1.0,1.0,0.0,29,3,0.06810679943932363,0.004380858839588082
736.074443,700,28302.527675,False,1.0,1.0,1.0,0.0,58,6,0.08166620002176705,0.002269871163947327
389.293253,700,28323.72082,False,0.0,0.0,0.0,0.0,0,0,0.015422076704776577,0.006174271033674445
914.53863,700,28357.566634,False,1.0,1.0,1.0,0.0,21,3,0.07299552863764114,0.006231008865966018
781.613407,700,28383.888412,False,1.0,1.0,1.0,0.0,20,1,0.06751420641588268,0.010153033700278622
629.320838,700,28406.247189,False,1.0,1.0,1.0,0.0,55,8,0.10381828321821118,0.004388044423285263
647.282195,700,28430.738575,False,1.0,1.0,1.0,0.0,35,4,0.06467932456672176,0.0050150015290952145
698.952626,700,28453.030461,False,1.0,1.0,1.0,0.0,32,10,0.07443608548122249,0.005208978433502571
741.628589,700,28478.955067,False,1.0,1.0,1.0,0.0,59,2,0.0765817389789123,0.006720007326801675
887.352413,700,28502.959756,False,1.0,1.0,1.0,0.0,23,3,0.0750535446560252,0.005838579575678854
