#{"t_start": 1777125373.309013, "env_id": "None"}
r,l,t,success,contact_success,grasp_success,grasp_lift_success,place_success,first_grasp_step,grasp_transitions,max_height,min_dist_eef_obj
-9.037992,700,49.887847,False,0.0,0.0,0.0,0.0,0,0,1.3898604070972098e-06,0.3730723902937723
-10.966909,700,71.771513,False,0.0,0.0,0.0,0.0,0,0,4.2836867941709045e-07,0.292615010892121
-5.207287,700,98.749928,False,0.0,0.0,0.0,0.0,0,0,6.786354467269717e-07,0.1773891689879187
-11.717839,700,124.979561,False,0.0,0.0,0.0,0.0,0,0,2.6036767497572555e-07,0.3413757866606947
-11.887764,700,164.029549,False,0.0,0.0,0.0,0.0,0,0,5.480395646184633e-07,0.18841298035136037
-9.302624,700,186.490696,False,0.0,0.0,0.0,0.0,0,0,9.284409118182069e-07,0.3775967519977801
-27.084488,700,216.265361,False,0.0,0.0,0.0,0.0,0,0,0.0009349466180794685,0.2752688186767026
-27.580715,700,244.60639,False,0.0,0.0,0.0,0.0,0,0,2.426903249475032e-07,0.3680187368007658
22.022684,700,283.69305,False,0.0,0.0,0.0,0.0,0,0,0.0020425894533490085,0.0653217351258392
-7.596686,700,309.018876,False,0.0,0.0,0.0,0.0,0,0,5.233348143729444e-07,0.30652993472837925
-24.326768,700,343.884868,False,0.0,0.0,0.0,0.0,0,0,6.155876526303672e-07,0.47856513211396373
41.449772,700,375.593798,False,0.0,0.0,0.0,0.0,0,0,0.003557805511383294,0.043659756601082164
2.759781,700,400.866542,False,0.0,0.0,0.0,0.0,0,0,0.00189884535713436,0.08190858761921985
1.327817,700,436.33849,False,0.0,0.0,0.0,0.0,0,0,1.2129552234840801e-06,0.1752678791293892
5.568532,700,460.945014,False,0.0,0.0,0.0,0.0,0,0,0.0027679085432044115,0.04446509417182039
20.044869,700,490.84349,False,0.0,0.0,0.0,0.0,0,0,0.0014466681962970185,0.0967529668314361
14.715268,700,517.58967,False,0.0,0.0,0.0,0.0,0,0,0.004405632073527399,0.10015248802392467
-0.391803,700,540.44504,False,0.0,0.0,0.0,0.0,0,0,2.9156992376044855e-07,0.2256585793514762
-3.757906,700,572.074624,False,0.0,0.0,0.0,0.0,0,0,0.0014224356633628643,0.14048207418115644
-17.378944,700,601.563742,False,0.0,0.0,0.0,0.0,0,0,2.0998680538841796e-07,0.24452876404027293
15.535831,700,638.739581,False,0.0,0.0,0.0,0.0,0,0,0.004843658170586629,0.0409814292414031
-3.951337,700,672.113558,False,0.0,0.0,0.0,0.0,0,0,6.428046098738704e-07,0.07014117310622402
15.127265,700,700.347339,False,0.0,0.0,0.0,0.0,0,0,0.0019711527776985482,0.06711112581459037
28.055924,700,722.24971,False,0.0,0.0,0.0,0.0,0,0,0.002145045028991821,0.052155549597085404
43.104327,700,749.459209,False,0.0,0.0,0.0,0.0,0,0,0.020197300242682292,0.05488698748667846
28.040207,700,774.669399,False,0.0,0.0,0.0,0.0,0,0,0.0059245613134073505,0.0902649226917503
19.820199,700,813.802664,False,0.0,0.0,0.0,0.0,0,0,0.003215482375863221,0.04418557794095641
58.203694,700,839.980738,False,0.0,0.0,0.0,0.0,0,0,0.0033548022427843938,0.04231412783377718
54.781819,700,873.230725,False,0.0,0.0,0.0,0.0,0,0,0.005696302603719228,0.052802495108242066
39.362516,700,897.37068,False,0.0,0.0,0.0,0.0,0,0,0.002616470557549322,0.07998749247740164
4.727124,700,921.255326,False,0.0,0.0,0.0,0.0,0,0,0.0017342832453083323,0.13351071370381057
34.043082,700,967.644371,False,0.0,0.0,0.0,0.0,0,0,0.0021342572245741653,0.05540142573272284
-9.321964,700,1020.334898,False,0.0,0.0,0.0,0.0,0,0,0.004540373881584903,0.048915844253495426
60.903103,700,1042.972307,False,0.0,0.0,0.0,0.0,0,0,0.0034624736474936357,0.04641953244244635
5.52946,700,1063.289698,False,0.0,0.0,0.0,0.0,0,0,0.0008906398572094965,0.04715230662527785
63.339195,700,1094.893727,False,0.0,0.0,0.0,0.0,0,0,0.004097885789311806,0.05225498873767474
64.451651,700,1122.704317,False,0.0,0.0,0.0,0.0,0,0,0.016951574099859035,0.026450505134994483
91.348299,700,1145.944866,False,0.0,0.0,0.0,0.0,0,0,0.003008056365873757,0.03754822177714345
60.227117,700,1174.091489,False,0.0,0.0,0.0,0.0,0,0,0.0015911129473025198,0.051359078339793175
80.395765,700,1209.515485,False,0.0,0.0,0.0,0.0,0,0,0.0029348184902038277,0.04731982444993496
48.631107,700,1241.407884,False,0.0,0.0,0.0,0.0,0,0,0.019592429179683846,0.037783241550205245
55.266713,700,1272.707177,False,1.0,1.0,0.0,0.0,125,1,0.0021739104429383538,0.03580214254328075
18.56349,700,1296.486214,False,0.0,0.0,0.0,0.0,0,0,0.00804561809116544,0.047358165822952526
102.425558,700,1317.69152,False,1.0,1.0,0.0,0.0,68,1,0.004878917547877948,0.03369209810367942
55.500665,700,1339.679565,False,1.0,1.0,0.0,0.0,65,1,0.015701723758099195,0.020437265952417665
69.758106,700,1366.758421,False,0.0,0.0,0.0,0.0,0,0,0.0039817658254841515,0.038259167379960046
78.480232,700,1390.377596,False,0.0,0.0,0.0,0.0,0,0,0.0013652705831086465,0.026794214334857156
97.684247,700,1420.43395,False,0.0,0.0,0.0,0.0,0,0,0.002862833254083874,0.05211572713010249
66.097891,700,1450.64895,False,1.0,1.0,0.0,0.0,50,1,0.002609879335257248,0.0291642397447415
56.963044,700,1494.721647,False,1.0,1.0,1.0,0.0,54,1,0.13637385604715568,0.03401388438800668
69.089811,700,1517.707047,False,0.0,0.0,0.0,0.0,0,0,0.0022376316981450595,0.028819270259601584
142.833521,700,1547.544918,False,0.0,0.0,0.0,0.0,0,0,0.03582011314665856,0.050697858666925374
121.596616,700,1572.751596,False,1.0,1.0,0.0,0.0,112,1,0.005755620023321195,0.013644145564028659
71.364277,700,1609.564261,False,0.0,0.0,0.0,0.0,0,0,0.002226377813638769,0.05205573940606275
96.279522,700,1639.867858,False,1.0,1.0,0.0,0.0,34,1,0.014487629137937552,0.034915915535637485
86.369146,700,1670.724712,False,0.0,0.0,0.0,0.0,0,0,0.008381178827016056,0.03306549726403604
103.553181,700,1697.05531,False,0.0,0.0,0.0,0.0,0,0,0.03191784426757727,0.03459240559790718
126.549209,700,1725.276651,False,0.0,0.0,0.0,0.0,0,0,0.002888300522733478,0.044742782252657085
124.493726,700,1752.144319,False,1.0,1.0,0.0,0.0,380,2,0.022766722932192063,0.005850864601936983
143.841569,700,1778.227075,False,0.0,0.0,0.0,0.0,0,0,0.014069409348804629,0.014358978118200704
110.799114,700,1808.0492,False,0.0,0.0,0.0,0.0,0,0,0.0037269073761238003,0.03585991300939719
117.656354,700,1831.627814,False,1.0,1.0,0.0,0.0,46,2,0.0017984780185972271,0.03108315384723053
109.372927,700,1856.238232,False,0.0,0.0,0.0,0.0,0,0,0.07209217703698545,0.04187460020457964
120.005817,700,1887.169089,False,0.0,0.0,0.0,0.0,0,0,0.0030695717398149247,0.039168207213506424
167.264943,700,1928.399501,False,1.0,1.0,0.0,0.0,695,1,0.019703004456376072,0.00511328731652851
171.037409,700,1949.312661,False,0.0,0.0,0.0,0.0,0,0,0.017719533574356072,0.0229249427383548
156.884562,700,2013.596817,False,1.0,1.0,0.0,0.0,542,1,0.006226531176684591,0.03415588248493062
141.508873,700,2043.422765,False,0.0,0.0,0.0,0.0,0,0,0.008619873661437905,0.0018481421268398556
176.165023,700,2071.387665,False,1.0,1.0,0.0,0.0,404,1,0.037848338250184965,0.026832445237124074
85.882663,700,2096.918103,False,1.0,1.0,0.0,0.0,203,1,0.06434545868545694,0.005767230957477312
142.157977,700,2130.240922,False,0.0,0.0,0.0,0.0,0,0,0.003030877609799698,0.03194576915238591
69.319652,700,2157.751985,False,1.0,1.0,1.0,0.0,44,4,0.25601746263792513,0.007435115464514541
77.179844,700,2184.717782,False,0.0,0.0,0.0,0.0,0,0,0.009106439870124938,0.04294654810590219
179.094845,700,2210.071922,False,1.0,1.0,0.0,0.0,445,2,0.02222979086007193,0.002971919868147576
145.393845,700,2234.117733,False,0.0,0.0,0.0,0.0,0,0,0.03560319653518906,0.020872216788796253
181.191027,700,2273.903745,False,1.0,1.0,0.0,0.0,497,1,0.01028714263589825,0.03382118177625134
135.402976,700,2309.033589,False,0.0,0.0,0.0,0.0,0,0,0.0052140954396185935,0.03864576987060781
162.899337,700,2335.901045,False,0.0,0.0,0.0,0.0,0,0,0.022548178771432448,0.019039230359423547
109.935885,700,2363.689295,False,0.0,0.0,0.0,0.0,0,0,0.011238184996526845,0.030519249306656414
200.599273,700,2398.09023,False,0.0,0.0,0.0,0.0,0,0,0.02476577164716376,0.010150581797127987
166.12197,700,2433.889655,False,1.0,1.0,0.0,0.0,615,2,0.04709497069925872,0.006503025351860028
23.497527,700,2467.541328,False,1.0,1.0,0.0,0.0,26,1,0.04304339472798857,0.0352500581876159
192.500705,700,2491.65925,False,0.0,0.0,0.0,0.0,0,0,0.03953826683714945,0.012418617499272642
164.521055,700,2527.410508,False,1.0,1.0,0.0,0.0,127,1,0.005121306433400918,0.020619515029268294
189.409387,700,2563.594516,False,1.0,1.0,0.0,0.0,145,1,0.047486914980737205,0.008544376357196206
128.393086,700,2590.267326,False,0.0,0.0,0.0,0.0,0,0,0.041122601690509075,0.03413065497503268
192.099551,700,2632.062306,False,0.0,0.0,0.0,0.0,0,0,0.07720885056276372,0.015227008958190149
215.000472,700,2659.818142,False,1.0,1.0,0.0,0.0,337,3,0.01614865232062901,0.026004108072998893
165.345195,700,2684.451523,False,0.0,0.0,0.0,0.0,0,0,0.058388006884643295,0.0374166426336658
231.846069,700,2710.631682,False,1.0,1.0,0.0,0.0,300,1,0.1372169547446066,0.006782815829907807
218.096677,700,2737.858654,False,1.0,1.0,0.0,0.0,598,1,0.010265849094686197,0.02914666216127022
134.381811,700,2776.348926,False,0.0,0.0,0.0,0.0,0,0,0.04959499506830756,0.01052655536051206
105.980188,700,2798.741426,False,0.0,0.0,0.0,0.0,0,0,0.007229630911548379,0.022635020337406886
211.089592,700,2831.980607,False,1.0,1.0,0.0,0.0,50,2,0.009343537198296836,0.019572717015549582
200.828548,700,2861.311168,False,0.0,0.0,0.0,0.0,0,0,0.013439851623026855,0.015366769845396824
229.623697,700,2893.267775,False,0.0,0.0,0.0,0.0,0,0,0.022900276262729502,0.00693321938378248
175.977919,700,2917.81322,False,1.0,1.0,0.0,0.0,233,3,0.010247996474801346,0.03116679406844434
10.822465,700,2947.93713,False,1.0,1.0,0.0,0.0,55,1,0.09594048437944502,0.0372383395043585
189.119012,700,2988.193665,False,1.0,1.0,0.0,0.0,409,5,0.007814201739245075,0.018258329478903684
198.757692,700,3017.196009,False,1.0,1.0,0.0,0.0,82,1,0.005230397074967752,0.03196776758021419
232.58153,700,3052.819414,False,1.0,1.0,0.0,0.0,463,2,0.020910339648298915,0.0016770051654661014
257.163997,700,3085.453326,False,0.0,0.0,0.0,0.0,0,0,0.02386462227476216,0.011012559083112999
226.22889,700,3118.470683,False,0.0,0.0,0.0,0.0,0,0,0.011151754883624077,0.025443919163718614
238.045196,700,3148.430045,False,1.0,1.0,0.0,0.0,61,3,0.03206450208521039,0.007038644714134485
137.73029,700,3187.42486,False,1.0,1.0,0.0,0.0,153,2,0.1375003071006322,0.009412376938497868
118.318476,700,3219.727829,False,0.0,0.0,0.0,0.0,0,0,0.022681088330926857,0.03892105779274449
256.926435,700,3242.148435,False,1.0,1.0,0.0,0.0,39,3,0.009324575248013667,0.02077480795260405
59.202021,700,3278.784489,False,0.0,0.0,0.0,0.0,0,0,0.013176232511966535,0.00677121650076804
210.910779,700,3307.513237,False,1.0,1.0,1.0,0.0,97,3,0.40851693362146924,0.006667838024317561
53.851401,700,3336.108555,False,1.0,1.0,1.0,0.0,71,4,0.16288184191826016,0.004931839374580597
202.703744,700,3376.380177,False,0.0,0.0,0.0,0.0,0,0,0.003924282432001713,0.01817438424537283
241.250739,700,3407.417454,False,1.0,1.0,0.0,0.0,668,2,0.00899542093270611,0.015377786896270569
286.077579,700,3435.710907,False,1.0,1.0,0.0,0.0,592,2,0.04797106652343819,0.019066920062503843
243.150403,700,3466.776292,False,1.0,1.0,0.0,0.0,243,1,0.010184828923410216,0.023313658550851463
233.371952,700,3498.972598,False,0.0,0.0,0.0,0.0,0,0,0.030986250855419728,0.015351275877925931
132.920779,700,3525.601797,False,1.0,1.0,0.0,0.0,273,3,0.006090950268431872,0.015977455229375596
233.031424,700,3552.073628,False,1.0,1.0,0.0,0.0,255,4,0.021641216775551086,0.010023509579344043
260.768314,700,3613.154976,False,1.0,1.0,0.0,0.0,352,3,0.10047224851502246,0.008575654173254605
79.128183,700,3643.885811,False,1.0,1.0,0.0,0.0,127,1,0.04997454381848876,0.019781518992519488
273.567377,700,3674.992954,False,1.0,1.0,0.0,0.0,415,3,0.023981255872598473,0.005198692789556322
242.399312,700,3707.27284,False,1.0,1.0,0.0,0.0,23,2,0.030618102568805927,0.007868992461409787
184.67657,700,3728.937346,False,1.0,1.0,0.0,0.0,25,1,0.009642004365323698,0.020925930212387284
272.267689,700,3755.624209,False,1.0,1.0,1.0,0.0,191,8,0.12993541581526147,0.002430739093467193
275.38556,700,3788.887771,False,1.0,1.0,1.0,0.0,49,2,0.3526322844642972,0.0011461834915162598
212.714077,700,3819.469683,False,1.0,1.0,0.0,0.0,293,3,0.041746992209870104,0.0340868413287394
206.923594,700,3853.2705,False,0.0,0.0,0.0,0.0,0,0,0.011195995200180886,0.02793366694991394
294.508446,700,3886.649788,False,1.0,1.0,0.0,0.0,412,1,0.04079114865827482,0.00825833088632522
308.464376,700,3915.245068,False,0.0,0.0,0.0,0.0,0,0,0.05622757686028235,0.006284201412381751
208.861366,700,3956.77288,False,1.0,1.0,0.0,0.0,49,2,0.03257970265060517,0.01080031629325263
291.870167,700,3982.045531,False,1.0,1.0,0.0,0.0,61,1,0.014530943327109247,0.010616127259520608
280.405842,700,4012.580931,False,1.0,1.0,0.0,0.0,11,1,0.04095136692211121,0.006381236886346347
329.349003,700,4043.695627,False,1.0,1.0,0.0,0.0,107,3,0.05970833543851972,0.004741977129600608
301.629245,700,4067.094588,False,1.0,1.0,1.0,0.0,681,2,0.13693662395387585,0.006399772991520167
62.671663,700,4102.915852,False,1.0,1.0,0.0,0.0,126,3,0.004627869652493288,0.03537251967948076
235.940038,700,4139.583034,False,0.0,0.0,0.0,0.0,0,0,0.09322072846481044,0.009268157196873716
254.714829,700,4167.252578,False,0.0,0.0,0.0,0.0,0,0,0.026556076813764706,0.014028603000378975
259.555877,700,4194.677971,False,1.0,1.0,0.0,0.0,121,2,0.026691210976754864,0.0298719158721764
287.525008,700,4237.671318,False,1.0,1.0,0.0,0.0,16,4,0.014698231394960293,0.025305320742155628
263.140684,700,4284.61889,False,1.0,1.0,0.0,0.0,35,1,0.020235530625759446,0.003689792315656172
303.406132,700,4315.383324,False,1.0,1.0,1.0,0.0,631,1,0.1111737378013894,0.01702676285713134
277.179836,700,4345.615318,False,1.0,1.0,0.0,0.0,66,4,0.04117821446805281,0.03147909264227001
342.443878,700,4370.551618,False,1.0,1.0,1.0,0.0,51,3,0.06907681059649995,0.003517763910473048
222.561565,700,4395.174324,False,1.0,1.0,0.0,0.0,294,1,0.010344174931227745,0.02972323095866508
295.222021,700,4430.041729,False,1.0,1.0,0.0,0.0,192,3,0.023716308993180446,0.0026731158109832742
213.056211,700,4460.116241,False,0.0,0.0,0.0,0.0,0,0,0.006743323534995627,0.034615194628363294
329.394215,700,4489.330163,False,1.0,1.0,0.0,0.0,329,3,0.024098559221016447,0.013081058852286154
122.768887,700,4514.345472,False,1.0,1.0,0.0,0.0,134,2,0.0157504804204448,0.00958054091939964
327.332305,700,4548.714366,False,1.0,1.0,1.0,0.0,19,6,0.27481551759480327,0.002098692371061403
61.355152,700,4580.017283,False,0.0,0.0,0.0,0.0,0,0,0.001902804369369293,0.013976212314921674
325.981782,700,4618.426016,False,0.0,0.0,0.0,0.0,0,0,0.01202707355051491,0.010139348799928087
299.986077,700,4648.562689,False,1.0,1.0,0.0,0.0,207,2,0.015484088775438054,0.005634117658614584
208.838613,700,4681.323186,False,1.0,1.0,1.0,0.0,57,1,0.2170586805163619,0.016396192446529366
120.415838,700,4709.505652,False,1.0,1.0,0.0,0.0,68,1,0.008724349493588357,0.0072447698534275325
275.85285,700,4744.65124,False,0.0,0.0,0.0,0.0,0,0,0.010727037863216715,0.012949980196485862
127.220047,700,4785.806678,False,0.0,0.0,0.0,0.0,0,0,0.004553510073758038,0.025021155473995745
144.943754,700,4814.988263,False,1.0,1.0,0.0,0.0,33,1,0.013072463027010484,0.01851288593032863
353.255546,700,4849.332054,False,1.0,1.0,1.0,0.0,47,3,0.0945080176097246,0.008330559748629429
303.493401,700,4884.955725,False,0.0,0.0,0.0,0.0,0,0,0.011859436279300972,0.018183554363738978
158.841591,700,4923.506383,False,0.0,0.0,0.0,0.0,0,0,0.009846283583211823,0.011443955535050208
301.741915,700,4960.104583,False,0.0,0.0,0.0,0.0,0,0,0.023930235627784735,0.00544493471418477
361.757441,700,4984.855195,False,1.0,1.0,1.0,0.0,142,1,0.10871485083806876,0.011049857983434644
309.133224,700,5014.256406,False,0.0,0.0,0.0,0.0,0,0,0.007239679478622696,0.03107419240322002
331.997661,700,5040.153471,False,0.0,0.0,0.0,0.0,0,0,0.0063049274918752785,0.006032700752038987
186.307099,700,5070.337084,False,1.0,1.0,1.0,0.0,81,2,0.16592010466046125,0.024571657854258685
116.710444,700,5094.068388,False,0.0,0.0,0.0,0.0,0,0,0.01495488171880921,0.01780121336025942
337.286135,700,5117.871042,False,1.0,1.0,0.0,0.0,329,6,0.010811583871995434,0.01900517908758388
369.895057,700,5143.195578,False,1.0,1.0,0.0,0.0,506,1,0.04035009264877076,0.008444749928217372
319.739967,700,5171.759905,False,0.0,0.0,0.0,0.0,0,0,0.011548026801865174,0.006120681825380466
324.721712,700,5201.816257,False,1.0,1.0,1.0,0.0,306,2,0.10919471628337951,0.020970344437765888
373.221037,700,5231.502432,False,1.0,1.0,1.0,0.0,325,3,0.1030171575274299,0.0038887956480869582
350.63399,700,5264.82967,False,1.0,1.0,0.0,0.0,592,2,0.014416552692857465,0.00980260261403957
33.16597,700,5306.180058,False,0.0,0.0,0.0,0.0,0,0,0.00704101093473497,0.026352964536855206
334.006705,700,5331.98672,False,1.0,1.0,0.0,0.0,581,3,0.010548867954631724,0.01602577429483061
373.016328,700,5367.104544,False,1.0,1.0,0.0,0.0,598,1,0.020244524988598078,0.004796855986995836
371.167676,700,5397.00765,False,1.0,1.0,1.0,0.0,255,15,0.14270935991960365,0.011551201582054286
378.643253,700,5425.665873,False,1.0,1.0,0.0,0.0,407,2,0.06450992690717061,0.004423642851885291
324.082331,700,5463.005085,False,0.0,0.0,0.0,0.0,0,0,0.013113290792100774,0.007133820973704853
330.513251,700,5488.647303,False,1.0,1.0,1.0,0.0,60,3,0.09335011592284015,0.00918669240078445
129.920708,700,5518.52556,False,1.0,1.0,0.0,0.0,145,3,0.026684991468875374,0.01665392828903708
302.83484,700,5539.002655,False,1.0,1.0,0.0,0.0,233,1,0.09123581539475967,0.00697306480754595
333.428608,700,5569.344297,False,1.0,1.0,0.0,0.0,24,6,0.16744534606519734,0.010316712596293139
81.50735,700,5603.19841,False,0.0,0.0,0.0,0.0,0,0,0.01795294507985057,0.03123878357273459
387.112389,700,5626.555527,False,0.0,0.0,0.0,0.0,0,0,0.016918427220319665,0.027987808347508008
348.96895,700,5657.089597,False,1.0,1.0,0.0,0.0,178,5,0.011599723184091526,0.005759329593742292
365.497091,700,5688.705762,False,1.0,1.0,1.0,0.0,68,3,0.1241397491860442,0.02035480380296065
374.002404,700,5722.556417,False,1.0,1.0,0.0,0.0,79,1,0.0081231363018206,0.004451566534985936
390.55433,700,5762.66659,False,1.0,1.0,0.0,0.0,199,8,0.04195635654941643,0.006719067382152109
375.658853,700,5798.7592,False,1.0,1.0,0.0,0.0,139,3,0.04407139364922863,0.021985004751578757
403.170397,700,5825.666873,False,1.0,1.0,1.0,0.0,156,12,0.08495527689861837,0.006266029776216227
385.199173,700,5864.151887,False,1.0,1.0,1.0,0.0,119,1,0.09678293005134087,0.008896446664665984
366.221551,700,5894.338123,False,1.0,1.0,1.0,0.0,44,4,0.12485897716213856,0.02340149942325383
417.028392,700,5917.820689,False,0.0,0.0,0.0,0.0,0,0,0.05758104003828968,0.0010962169195789765
289.162724,700,5951.568783,False,0.0,0.0,0.0,0.0,0,0,0.00784472648747192,0.006295862984605563
389.031865,700,5983.266628,False,1.0,1.0,0.0,0.0,211,1,0.036849155144692336,0.012065980386613299
284.840338,700,6020.000765,False,1.0,1.0,0.0,0.0,120,1,0.013399940907117491,0.008979902391176355
169.690323,700,6051.423009,False,1.0,1.0,1.0,0.0,82,7,0.2757597887512958,0.007475947082942779
224.414892,700,6080.629738,False,1.0,1.0,0.0,0.0,266,2,0.058732745897385974,0.021023439976711505
369.483943,700,6111.061621,False,0.0,0.0,0.0,0.0,0,0,0.10182250559578443,0.008133602763087408
253.781387,700,6137.77062,False,1.0,1.0,0.0,0.0,23,1,0.06302019586853802,0.008707139725757672
354.574905,700,6162.635914,False,1.0,1.0,1.0,0.0,289,1,0.349788068551262,0.0027977172607891723
236.621269,700,6204.021402,False,1.0,1.0,1.0,0.0,52,5,0.10958488477355943,0.003454683517332189
392.344461,700,6237.513302,False,0.0,0.0,0.0,0.0,0,0,0.01954850156241794,0.017802092066025756
251.946874,700,6260.513507,False,0.0,0.0,0.0,0.0,0,0,0.0040026180613251805,0.029326085280736162
426.915776,700,6294.141802,False,1.0,1.0,0.0,0.0,682,1,0.03345413969486766,0.0038193895383587407
426.810141,700,6327.80095,False,1.0,1.0,0.0,0.0,34,2,0.033977759892952486,0.004022280430182618
438.599239,700,6354.645718,False,1.0,1.0,0.0,0.0,157,5,0.02109780599206612,0.005063352908814295
432.995455,700,6382.044521,False,1.0,1.0,0.0,0.0,36,4,0.0139904578314064,0.005482180868329149
255.836202,700,6410.228089,False,1.0,1.0,1.0,0.0,35,1,0.20011373881084682,0.01798197811119019
485.674663,700,6435.646577,False,1.0,1.0,1.0,0.0,73,2,0.18913589470478387,0.0059697231679000425
380.807693,700,6468.411046,False,1.0,1.0,0.0,0.0,313,1,0.029010527017904075,0.016641632844180652
438.587885,700,6511.934636,False,0.0,0.0,0.0,0.0,0,0,0.013150025331124415,0.006032521098052921
369.351348,700,6544.391529,False,0.0,0.0,0.0,0.0,0,0,0.06553995066928042,0.009725699054010597
310.661431,700,6588.283299,False,1.0,1.0,1.0,0.0,103,1,0.29573472966372727,0.025438959200645407
399.539877,700,6622.962874,False,0.0,0.0,0.0,0.0,0,0,0.016581654230360177,0.008432421888969227
435.995236,700,6648.626294,False,1.0,1.0,0.0,0.0,356,1,0.127470367151573,0.006406784170621653
391.9521,700,6679.889062,False,1.0,1.0,1.0,0.0,109,2,0.08718128299722594,0.009633732912753276
427.139088,700,6705.447265,False,0.0,0.0,0.0,0.0,0,0,0.01900512104977492,0.012888299096808
407.17189,700,6728.892566,False,1.0,1.0,1.0,0.0,72,8,0.13801322197921184,0.00766005685169909
329.033095,700,6762.505679,False,0.0,0.0,0.0,0.0,0,0,0.01754395060814995,0.009729186881602245
423.316601,700,6789.426076,False,0.0,0.0,0.0,0.0,0,0,0.017817752292703326,0.006653372039957341
404.934106,700,6825.437633,False,0.0,0.0,0.0,0.0,0,0,0.015473677904066174,0.010779151857963137
430.601957,700,6858.185651,False,1.0,1.0,0.0,0.0,523,2,0.0242963296530887,0.006866782801143859
424.853606,700,6883.341708,False,0.0,0.0,0.0,0.0,0,0,0.010307405351479448,0.002476045806680717
120.488401,700,6921.625568,False,0.0,0.0,0.0,0.0,0,0,0.020486483015847323,0.024370711554945152
110.098622,700,6970.823445,False,1.0,1.0,1.0,0.0,17,1,0.11035018900662552,0.013393513411572704
297.255817,700,7006.36951,False,1.0,1.0,1.0,0.0,14,1,0.08126585421045829,0.013834425078886867
358.666485,700,7033.395386,False,0.0,0.0,0.0,0.0,0,0,0.06100889824395794,0.007461353877477674
407.748536,700,7067.468301,False,0.0,0.0,0.0,0.0,0,0,0.014917703106054003,0.009646927203153468
222.376788,700,7100.320586,False,1.0,1.0,0.0,0.0,90,1,0.009639945399461558,0.004579250314100685
367.435613,700,7126.80246,False,1.0,1.0,1.0,0.0,47,5,0.0920405396603804,0.02050209519131701
282.850492,700,7161.660059,False,1.0,1.0,1.0,0.0,31,4,0.17766921599952334,0.013093626716496495
79.103758,700,7196.982285,False,1.0,1.0,1.0,0.0,21,1,0.11251024940321641,0.026227945574024684
125.720386,700,7223.708281,False,0.0,0.0,0.0,0.0,0,0,0.02429633835404932,0.01092276534951268
451.519467,700,7248.7338,False,1.0,1.0,1.0,0.0,233,3,0.06916043540341454,0.024940214832107795
434.323195,700,7275.701465,False,1.0,1.0,0.0,0.0,28,3,0.04565587462202647,0.0027317810141356856
416.160599,700,7302.265821,False,0.0,0.0,0.0,0.0,0,0,0.02015030829377007,0.0066622673347323125
321.740309,700,7332.928277,False,0.0,0.0,0.0,0.0,0,0,0.028310271666216913,0.012709612389595726
427.207986,700,7364.228402,False,0.0,0.0,0.0,0.0,0,0,0.01458890717970518,0.010621422530136562
440.135965,700,7396.890408,False,1.0,1.0,1.0,0.0,136,4,0.14155876220252528,0.017477461606970994
436.838545,700,7422.200132,False,1.0,1.0,1.0,0.0,69,5,0.13022870418376897,0.008619046029478085
431.540136,700,7450.127992,False,1.0,1.0,0.0,0.0,365,1,0.02620860351711729,0.015837521674274962
412.87619,700,7483.315503,False,1.0,1.0,0.0,0.0,79,3,0.06725580576027113,0.002391039053783972
363.918203,700,7523.891039,False,0.0,0.0,0.0,0.0,0,0,0.006583850159852633,0.0324570727594232
258.042393,700,7555.291559,False,0.0,0.0,0.0,0.0,0,0,0.007242465806980181,0.024928434356729267
155.254383,700,7576.962223,False,1.0,1.0,1.0,0.0,28,2,0.12469227759746249,0.010892412780832262
253.901238,700,7612.866958,False,1.0,1.0,1.0,0.0,39,2,0.16072195718646154,0.007056819832743202
358.786103,700,7646.729063,False,0.0,0.0,0.0,0.0,0,0,0.009036376206341235,0.01716574963560789
437.137313,700,7684.882716,False,1.0,1.0,0.0,0.0,698,1,0.0168673904186335,0.007943666523251073
342.884628,700,7708.596277,False,0.0,0.0,0.0,0.0,0,0,0.03161685196952713,0.037633170334467884
396.217186,700,7738.977315,False,1.0,1.0,0.0,0.0,49,1,0.0190663371335672,0.008841623864005568
182.086667,700,7762.762658,False,0.0,0.0,0.0,0.0,0,0,0.05057649766002725,0.012695387566809005
341.930564,700,7791.06365,False,1.0,1.0,0.0,0.0,112,1,0.04068052915040654,0.016966721274353714
404.002358,700,7823.310187,False,1.0,1.0,0.0,0.0,48,1,0.03468260687842939,0.006272177473611086
446.778507,700,7861.752619,False,1.0,1.0,1.0,0.0,36,4,0.1439775144459703,0.006686778449098766
395.813506,700,7895.662062,False,1.0,1.0,0.0,0.0,104,4,0.016578974095276422,0.023823511426283476
397.224061,700,7923.412542,False,1.0,1.0,1.0,0.0,78,1,0.1810887841244041,0.017550844045167522
265.535354,700,7949.651643,False,1.0,1.0,1.0,0.0,230,1,0.1334688655859153,0.007130253596657657
466.595558,700,7981.752953,False,0.0,0.0,0.0,0.0,0,0,0.017964761201813007,0.003498793822172599
212.541115,700,8006.594567,False,1.0,1.0,0.0,0.0,20,5,0.014889971777855338,0.004038878969222976
90.129811,700,8036.242303,False,1.0,1.0,1.0,0.0,28,2,0.07445963502860409,0.021907994209040115
436.760478,700,8072.143697,False,1.0,1.0,0.0,0.0,40,5,0.28413351184976177,0.0030234915558820675
301.475009,700,8114.740957,False,1.0,1.0,1.0,0.0,48,2,0.12645986811072307,0.023192269314504972
383.387558,700,8139.964097,False,1.0,1.0,0.0,0.0,439,1,0.02918204544182168,0.002604486881402492
441.917055,700,8165.918783,False,1.0,1.0,0.0,0.0,62,3,0.027011774922660936,0.011445053669550146
357.168092,700,8199.534709,False,0.0,0.0,0.0,0.0,0,0,0.05797642504963707,0.014848252517620073
388.291435,700,8227.66676,False,0.0,0.0,0.0,0.0,0,0,0.00900336489927167,0.022989892451365197
430.682022,700,8262.540426,False,0.0,0.0,0.0,0.0,0,0,0.024280041103333594,0.006885017336993848
272.759593,700,8297.422845,False,0.0,0.0,0.0,0.0,0,0,0.028673403200980108,0.027233818303212375
449.351696,700,8325.339555,False,1.0,1.0,0.0,0.0,301,3,0.05157283629619158,0.00816464661708505
409.735081,700,8360.576364,False,0.0,0.0,0.0,0.0,0,0,0.03159260217357307,0.004613870241228785
436.275574,700,8388.353588,False,0.0,0.0,0.0,0.0,0,0,0.020197257425609294,0.009938432407661776
460.363188,700,8421.972683,False,1.0,1.0,0.0,0.0,131,1,0.012358991877445047,0.0040953622242893605
440.352679,700,8448.522968,False,0.0,0.0,0.0,0.0,0,0,0.025188747172008363,0.004055699893475232
469.586569,700,8493.367704,False,1.0,1.0,1.0,0.0,296,4,0.1008709119588892,0.0030664599153845586
426.43272,700,8518.02032,False,1.0,1.0,0.0,0.0,388,5,0.02781169679920925,0.014176844776225479
476.413155,700,8556.45151,False,1.0,1.0,1.0,0.0,127,1,0.11128224758559468,0.01759061734380109
437.435828,700,8600.043551,False,1.0,1.0,0.0,0.0,108,1,0.02635229156363017,0.008164687711096097
387.308591,700,8626.909442,False,1.0,1.0,1.0,0.0,41,7,0.15666371956724356,0.012448731982926354
348.968821,700,8656.59471,False,0.0,0.0,0.0,0.0,0,0,0.011442488134643991,0.0051111066802981935
264.556756,700,8680.832131,False,0.0,0.0,0.0,0.0,0,0,0.02590019067991578,0.016829710367306214
85.491512,700,8709.151058,False,0.0,0.0,0.0,0.0,0,0,0.01958698651677948,0.006248040448118553
262.582469,700,8735.600382,False,0.0,0.0,0.0,0.0,0,0,0.01879084689104049,0.02226515280966139
414.547442,700,8761.852722,False,1.0,1.0,0.0,0.0,373,1,0.03873761743095483,0.01952975821098715
432.003112,700,8793.20008,False,0.0,0.0,0.0,0.0,0,0,0.005853638809695472,0.023319187029510104
443.770158,700,8821.624295,False,1.0,1.0,1.0,0.0,147,5,0.0802996229540831,0.009079501514609397
382.287182,700,8844.672851,False,1.0,1.0,1.0,0.0,18,3,0.08697941742610782,0.003459777335928139
397.667916,700,8872.937607,False,1.0,1.0,0.0,0.0,172,3,0.11991741384625554,0.0060965256105285645
480.832277,700,8912.179443,False,1.0,1.0,1.0,0.0,104,9,0.12276853834223966,0.003906999807577585
461.110763,700,8944.130671,False,1.0,1.0,0.0,0.0,84,1,0.027796205756834058,0.004678180356018144
449.285329,700,8968.304465,False,0.0,0.0,0.0,0.0,0,0,0.04875954768008839,0.004250192949841184
186.979314,700,8994.377369,False,1.0,1.0,1.0,0.0,78,3,0.16426288277159817,0.0027472581416565466
267.414528,700,9019.942048,False,1.0,1.0,1.0,0.0,164,6,0.16127123590120462,0.006215178475475151
432.449373,700,9049.354653,False,1.0,1.0,1.0,0.0,23,6,0.10956485707066332,0.006198187336958421
218.609474,700,9089.532925,False,0.0,0.0,0.0,0.0,0,0,0.01669116039732288,0.018930119448073893
443.015515,700,9116.020391,False,0.0,0.0,0.0,0.0,0,0,0.05266034227511729,0.0088679690303767
330.869208,700,9150.935607,False,1.0,1.0,1.0,0.0,27,4,0.09340632843555075,0.009198329188480405
439.782058,700,9171.993552,False,1.0,1.0,0.0,0.0,302,1,0.03301626799778723,0.010688270462258129
132.07102,700,9196.033118,False,0.0,0.0,0.0,0.0,0,0,0.026996048895776004,0.008082348446489217
464.368174,700,9221.455877,False,1.0,1.0,1.0,0.0,103,3,0.08255568895650667,0.007512653210713994
437.961143,700,9244.571299,False,1.0,1.0,1.0,0.0,519,6,0.12121950641485446,0.01915416158400783
442.323159,700,9280.661777,False,0.0,0.0,0.0,0.0,0,0,0.013864169423454031,0.014353238974608006
375.167528,700,9315.282068,False,0.0,0.0,0.0,0.0,0,0,0.028480585797139968,0.012308695164245048
459.986073,700,9345.782212,False,1.0,1.0,1.0,0.0,168,2,0.1377239298687729,0.01376953326052781
432.630912,700,9384.084727,False,0.0,0.0,0.0,0.0,0,0,0.0029317800873903677,0.025931929794893564
318.823267,700,9408.132909,False,0.0,0.0,0.0,0.0,0,0,0.035844357743022526,0.01868934552305446
123.224956,700,9438.969389,False,0.0,0.0,0.0,0.0,0,0,0.0961734676566548,0.023691290252543337
184.296102,700,9476.605002,False,0.0,0.0,0.0,0.0,0,0,0.011290978297014975,0.010568745324888969
472.624411,700,9505.063852,False,1.0,1.0,0.0,0.0,66,1,0.01472877315005594,0.004375405830571684
423.068205,700,9538.059102,False,1.0,1.0,0.0,0.0,17,1,0.033643721055009235,0.0008550195194968419
354.456743,700,9559.332936,False,0.0,0.0,0.0,0.0,0,0,0.03484932717086886,0.008853825965488506
433.248834,700,9597.061692,False,1.0,1.0,0.0,0.0,38,3,0.019547128671354885,0.0173570035886816
392.793361,700,9623.518895,False,0.0,0.0,0.0,0.0,0,0,0.051805207569596834,0.02349257619490975
399.701025,700,9654.174033,False,1.0,1.0,1.0,0.0,28,4,0.1124812360357168,0.006908285920421095
392.460017,700,9680.673165,False,1.0,1.0,0.0,0.0,207,8,0.037834769023263104,0.02554149887200429
455.450948,700,9715.792722,False,0.0,0.0,0.0,0.0,0,0,0.023076401844723815,0.003389619588604092
321.859529,700,9740.325222,False,0.0,0.0,0.0,0.0,0,0,0.0011296836371856855,0.03485662366386708
463.197807,700,9766.334999,False,0.0,0.0,0.0,0.0,0,0,0.04720711314859427,0.007041560874434974
410.658223,700,9796.983128,False,1.0,1.0,1.0,0.0,51,1,0.11507494413889363,0.00860453928648843
458.38455,700,9830.757381,False,1.0,1.0,1.0,0.0,56,8,0.10853325291448646,0.008147315599617688
425.804749,700,9862.703466,False,1.0,1.0,0.0,0.0,80,3,0.020303211418725153,0.002988009924819463
372.831808,700,9903.773989,False,0.0,0.0,0.0,0.0,0,0,0.009989620305962732,0.027928955353872537
456.432615,700,9929.03401,False,1.0,1.0,1.0,0.0,78,2,0.09763439385602479,0.0069323391136688626
445.40188,700,9951.106947,False,1.0,1.0,0.0,0.0,358,1,0.01626517660472082,0.002098224755344188
442.91991,700,9985.322114,False,1.0,1.0,0.0,0.0,97,3,0.01572137084834968,0.005636164219510897
473.509079,700,10011.795641,False,1.0,1.0,0.0,0.0,50,3,0.045158470961343844,0.006270218150037691
421.61753,700,10036.616578,False,0.0,0.0,0.0,0.0,0,0,0.04118301899693133,0.02174471023023843
281.361589,700,10062.562136,False,0.0,0.0,0.0,0.0,0,0,0.01586109731449603,0.011633684162464913
430.802883,700,10090.203631,False,1.0,1.0,0.0,0.0,131,2,0.03974711972711242,0.011961335200147727
210.669033,700,10116.27762,False,1.0,1.0,0.0,0.0,158,1,0.005063145163560656,0.017615652047108608
444.661784,700,10158.629224,False,0.0,0.0,0.0,0.0,0,0,0.030274240066804348,0.022542645306314044
196.475684,700,10181.184247,False,1.0,1.0,0.0,0.0,183,1,0.027064441541987727,0.007947948543626881
446.295008,700,10231.003043,False,0.0,0.0,0.0,0.0,0,0,0.0208317697998871,0.0256858424236916
448.457765,700,10255.683257,False,0.0,0.0,0.0,0.0,0,0,0.019877612992494464,0.014946640427643106
409.113827,700,10283.805929,False,0.0,0.0,0.0,0.0,0,0,0.014291182432839777,0.029327791414636876
402.129154,700,10308.890617,False,0.0,0.0,0.0,0.0,0,0,0.022900970318386116,0.019413921618350514
357.165365,700,10340.30306,False,0.0,0.0,0.0,0.0,0,0,0.010100835817525966,0.0219368101350029
458.184981,700,10375.706828,False,1.0,1.0,0.0,0.0,208,1,0.01628101664917936,0.007752970045891828
180.389532,700,10405.563103,False,0.0,0.0,0.0,0.0,0,0,0.020490656968068177,0.017772002878857364
495.289106,700,10434.17425,False,1.0,1.0,1.0,0.0,44,5,0.10587605729902783,0.007159600175825242
419.548756,700,10467.160753,False,1.0,1.0,1.0,0.0,65,5,0.13485620168538126,0.002390080707149957
461.604211,700,10488.253785,False,1.0,1.0,1.0,0.0,42,2,0.09571966347063654,0.003973712739599512
345.874169,700,10514.040957,False,0.0,0.0,0.0,0.0,0,0,0.028172836083034558,0.004137245740696774
466.79649,700,10538.561214,False,1.0,1.0,0.0,0.0,638,1,0.01852375656603944,0.007052020155715169
379.211726,700,10565.983069,False,1.0,1.0,1.0,0.0,67,5,0.09705838809443157,0.0010865422931533163
435.815663,700,10588.802307,False,1.0,1.0,0.0,0.0,20,4,0.01914649569947313,0.005565321410176391
220.165257,700,10620.463301,False,0.0,0.0,0.0,0.0,0,0,0.03240137515257746,0.019389050056804927
374.792281,700,10657.973955,False,0.0,0.0,0.0,0.0,0,0,0.010673276670523757,0.006915222217909659
432.506454,700,10682.278859,False,1.0,1.0,0.0,0.0,418,6,0.00763872997385473,0.010778268437157307
371.821334,700,10711.300178,False,1.0,1.0,1.0,0.0,21,3,0.7535091409972153,0.0017008333626535698
416.786171,700,10735.214273,False,1.0,1.0,0.0,0.0,125,5,0.09299745135708704,0.015184404755035422
434.677054,700,10760.234848,False,0.0,0.0,0.0,0.0,0,0,0.013497109564679532,0.0118026438464302
336.351713,700,10785.902115,False,0.0,0.0,0.0,0.0,0,0,0.021724852430379804,0.009232242128263044
392.6674,700,10810.087157,False,1.0,1.0,1.0,0.0,110,6,0.10049744256479132,0.007224623959692985
500.129682,700,10827.130452,False,1.0,1.0,1.0,0.0,246,6,0.0980539092761964,0.003412925291723834
237.647161,700,10862.078527,False,0.0,0.0,0.0,0.0,0,0,0.019387057375424344,0.01337682201649417
458.07023,700,10879.612515,False,1.0,1.0,1.0,0.0,39,3,0.09331107677581896,0.00530838153678082
425.815198,700,10905.377582,False,1.0,1.0,0.0,0.0,24,12,0.04452652988319317,0.0018659819948103867
419.867271,700,10933.247154,False,0.0,0.0,0.0,0.0,0,0,0.011040484732716793,0.021978593826633287
313.029039,700,10959.156864,False,0.0,0.0,0.0,0.0,0,0,0.017617685619555457,0.02381712699870808
206.484346,700,10979.895027,False,1.0,1.0,1.0,0.0,125,2,0.19177810373422555,0.006287524150080358
417.695424,700,11000.658749,False,0.0,0.0,0.0,0.0,0,0,0.017533308738170605,0.012741423167958552
427.954136,700,11032.145065,False,0.0,0.0,0.0,0.0,0,0,0.04038326066835296,0.003961771636939596
489.506505,700,11047.402499,False,1.0,1.0,1.0,0.0,30,1,0.08286405120840368,0.00820299518358014
187.8203,700,11074.568227,False,0.0,0.0,0.0,0.0,0,0,0.02441822545198158,0.015077685490909125
454.833838,700,11108.704221,False,0.0,0.0,0.0,0.0,0,0,0.013382175413980901,0.009560131487485104
447.628724,700,11138.400246,False,0.0,0.0,0.0,0.0,0,0,0.005203042532566204,0.01614679065823716
281.702492,700,11160.94239,False,0.0,0.0,0.0,0.0,0,0,0.0656571508781536,0.009614524576884626
149.357748,700,11178.037389,False,0.0,0.0,0.0,0.0,0,0,0.013990346252911734,0.012415587546536625
432.546061,700,11204.985205,False,1.0,1.0,0.0,0.0,221,1,0.03989809388411836,0.004747245069727892
433.460753,700,11226.598148,False,0.0,0.0,0.0,0.0,0,0,0.010600339197840092,0.02091751579478882
427.64826,700,11248.41568,False,0.0,0.0,0.0,0.0,0,0,0.030084962305529706,0.010892499875775495
244.702883,700,11268.412478,False,0.0,0.0,0.0,0.0,0,0,0.014432650036071859,0.009464076820388752
444.094251,700,11298.499125,False,1.0,1.0,0.0,0.0,548,3,0.010146552533468522,0.006631661845850975
448.627654,700,11317.504664,False,1.0,1.0,0.0,0.0,149,1,0.03482679843306391,0.0008005146029442683
479.363111,700,11334.697517,False,1.0,1.0,1.0,0.0,41,4,0.15880024477477273,0.002693792000342991
328.559622,700,11355.498645,False,1.0,1.0,1.0,0.0,116,1,0.47644002632933846,0.008529927009811504
449.810283,700,11373.532514,False,0.0,0.0,0.0,0.0,0,0,0.01371971993798038,0.012364203053531763
258.582952,700,11408.360374,False,0.0,0.0,0.0,0.0,0,0,0.024251348427774655,0.018756889182836925
468.280273,700,11429.016081,False,1.0,1.0,0.0,0.0,432,1,0.049265415950721425,0.004397279351487678
456.027942,700,11462.577221,False,0.0,0.0,0.0,0.0,0,0,0.017623443308937392,0.0016862098484968415
378.033893,700,11483.109966,False,1.0,1.0,1.0,0.0,57,1,0.1617785597337441,0.003960753894459935
285.183337,700,11502.299402,False,0.0,0.0,0.0,0.0,0,0,0.029371857912558474,0.015700240307194913
206.328598,700,11527.832605,False,1.0,1.0,0.0,0.0,221,1,0.02158234493147293,0.01537492457651401
142.177326,700,11549.544171,False,0.0,0.0,0.0,0.0,0,0,0.027192230956793573,0.016226396676034986
491.535085,700,11569.427767,False,1.0,1.0,1.0,0.0,70,5,0.16926414009123003,0.002051883688687799
441.128002,700,11589.093302,False,1.0,1.0,1.0,0.0,420,4,0.12261533938051294,0.006339024457013537
434.020241,700,11611.789194,False,0.0,0.0,0.0,0.0,0,0,0.015089707404285058,0.007412128947974887
458.036149,700,11636.147343,False,1.0,1.0,1.0,0.0,267,4,0.11227303154009738,0.00561937464065296
548.2046,700,11665.600957,False,1.0,1.0,1.0,0.0,70,5,0.3519518409557989,0.004639823962008034
461.388488,700,11685.093587,False,0.0,0.0,0.0,0.0,0,0,0.01359543560649723,0.005295356407518664
497.510498,700,11703.863627,False,1.0,1.0,1.0,0.0,67,3,0.1283404305916056,0.0028921971160353224
425.53362,700,11725.693805,False,0.0,0.0,0.0,0.0,0,0,0.007007638581004172,0.01074462288393585
380.396189,700,11741.648258,False,1.0,1.0,1.0,0.0,196,4,0.16142220243818106,0.00448452110670023
456.659157,700,11768.102115,False,0.0,0.0,0.0,0.0,0,0,0.03375982275155731,0.009056023982181888
408.152669,700,11788.308264,False,0.0,0.0,0.0,0.0,0,0,0.003390458309360578,0.020542351206265085
414.458169,700,11810.140398,False,1.0,1.0,0.0,0.0,92,1,0.006692047407352297,0.03654014049505373
438.6736,700,11827.232688,False,0.0,0.0,0.0,0.0,0,0,0.02009306729802174,0.018186105546769755
110.552161,700,11844.470821,False,0.0,0.0,0.0,0.0,0,0,0.016998433094956633,0.021858819737958498
465.242656,700,11861.764525,False,1.0,1.0,1.0,0.0,33,5,0.10789284450721404,0.0043007450286596
464.933222,700,11885.237089,False,0.0,0.0,0.0,0.0,0,0,0.02724394096465743,0.0092981219465572
315.133732,700,11919.328803,False,0.0,0.0,0.0,0.0,0,0,0.012368030545178765,0.01837864785723376
488.114268,700,11943.282916,False,1.0,1.0,1.0,0.0,194,10,0.1701521502402783,0.0012949321583674105
486.335639,700,11962.038163,False,1.0,1.0,1.0,0.0,18,3,0.07588873294509602,0.017999792164015312
473.980596,700,11985.711932,False,1.0,1.0,1.0,0.0,22,2,0.10361008992695242,0.00530449998286912
508.64071,700,12021.048314,False,1.0,1.0,1.0,0.0,198,4,0.12402260557148881,0.0036931068119574976
438.835875,700,12042.658034,False,0.0,0.0,0.0,0.0,0,0,0.023378436148598025,0.01642924215144399
404.219581,700,12066.526479,False,0.0,0.0,0.0,0.0,0,0,0.024272923939179125,0.01930057423214522
438.560631,700,12095.187535,False,0.0,0.0,0.0,0.0,0,0,0.007380766478235157,0.014810744903259895
393.390382,700,12112.545304,False,0.0,0.0,0.0,0.0,0,0,0.035949950943355846,0.006276487041461721
423.120862,700,12139.408982,False,0.0,0.0,0.0,0.0,0,0,0.02538124049674295,0.0283671635292302
252.802676,700,12170.972449,False,1.0,1.0,0.0,0.0,142,5,0.06628214746811834,0.020447238717732432
451.012754,700,12193.741271,False,1.0,1.0,1.0,0.0,150,6,0.1173030620066079,0.010978311379519743
491.624429,700,12217.64468,False,1.0,1.0,1.0,0.0,141,7,0.1210609140087272,0.005614363462775708
431.556735,700,12239.084867,False,1.0,1.0,0.0,0.0,654,1,0.025183767904133014,0.008418580800991497
511.955729,700,12264.891302,False,1.0,1.0,1.0,0.0,117,5,0.26019959592739517,0.001036887659344794
270.15021,700,12299.809723,False,1.0,1.0,1.0,0.0,27,1,0.3057456684618286,0.013793870255955772
467.376613,700,12321.439258,False,1.0,1.0,0.0,0.0,69,1,0.02128112268566229,0.004035511441984486
360.997067,700,12349.299768,False,0.0,0.0,0.0,0.0,0,0,0.03192798857950585,0.007297221600313663
427.568993,700,12372.147992,False,0.0,0.0,0.0,0.0,0,0,0.058272184159554374,0.008502947053305615
434.910675,700,12390.697321,False,0.0,0.0,0.0,0.0,0,0,0.0074414415672138245,0.0249420776630949
476.391733,700,12418.019822,False,0.0,0.0,0.0,0.0,0,0,0.026021799961535086,0.008077998559064365
390.545861,700,12449.404008,False,0.0,0.0,0.0,0.0,0,0,0.004671003293066578,0.02422499787727507
353.213909,700,12468.705152,False,1.0,1.0,0.0,0.0,136,2,0.023178459714365274,0.019010636526011596
478.053694,700,12498.496017,False,1.0,1.0,1.0,0.0,64,11,0.10702427084573485,0.009750503104925486
441.023337,700,12524.746166,False,0.0,0.0,0.0,0.0,0,0,0.028833588972428714,0.02503729943742239
408.045333,700,12546.708606,False,1.0,1.0,1.0,0.0,292,6,0.1276618797023581,0.006943625055704209
437.696012,700,12574.514041,False,1.0,1.0,0.0,0.0,37,2,0.02895660643788689,0.013666570507008754
372.195409,700,12599.924921,False,1.0,1.0,0.0,0.0,104,1,0.031180673749856558,0.010865708502381239
405.225274,700,12629.338759,False,1.0,1.0,1.0,0.0,42,2,0.10126943026684332,0.009071622270137374
442.94519,700,12653.935338,False,0.0,0.0,0.0,0.0,0,0,0.02408861305503851,0.009847885844743231
443.229827,700,12679.56795,False,1.0,1.0,0.0,0.0,81,1,0.012515118573778516,0.009490679902591989
339.286502,700,12701.318989,False,1.0,1.0,0.0,0.0,261,2,0.009579429087604008,0.023900984030103836
289.519345,700,12721.437945,False,0.0,0.0,0.0,0.0,0,0,0.018168922218215755,0.03420550116964649
439.679621,700,12747.216792,False,1.0,1.0,1.0,0.0,102,4,0.11335414894109164,0.001917255160298287
414.573198,700,12765.877579,False,0.0,0.0,0.0,0.0,0,0,0.013090283705994632,0.020308864402220687
421.49337,700,12790.15661,False,1.0,1.0,1.0,0.0,111,4,0.1219432394783243,0.006110239863027221
455.945849,700,12814.049372,False,0.0,0.0,0.0,0.0,0,0,0.008858580643304692,0.008102061686507877
434.22635,700,12833.541925,False,0.0,0.0,0.0,0.0,0,0,0.018324407701499457,0.004762308817814215
434.605754,700,12862.174267,False,1.0,1.0,0.0,0.0,114,1,0.0116472323957999,0.027829715409242343
401.693144,700,12888.868029,False,0.0,0.0,0.0,0.0,0,0,0.018023170820111845,0.01196250433065374
446.795548,700,12912.14699,False,1.0,1.0,0.0,0.0,650,2,0.041883996494143316,0.009803418937388961
433.907024,700,12938.845681,False,0.0,0.0,0.0,0.0,0,0,0.032799902938903114,0.008164765065070696
266.10225,700,12957.439614,False,1.0,1.0,0.0,0.0,391,1,0.021954465892922936,0.011016204399494278
460.704399,700,12976.398985,False,1.0,1.0,1.0,0.0,209,3,0.05912065425182966,0.009146678990795657
437.397537,700,13000.023201,False,0.0,0.0,0.0,0.0,0,0,0.01573574063149452,0.003121456845990283
155.674286,700,13017.898598,False,1.0,1.0,0.0,0.0,54,1,0.0466880615979155,0.005050793008847722
463.465129,700,13039.868162,False,1.0,1.0,0.0,0.0,185,3,0.04120257492416679,0.005553929425430221
451.155691,700,13061.521063,False,1.0,1.0,1.0,0.0,39,2,0.12915679748542586,0.013994302761542534
368.94312,700,13082.474295,False,1.0,1.0,1.0,0.0,175,3,0.2375646303632677,0.014233968045235001
426.978347,700,13103.831298,False,1.0,1.0,0.0,0.0,23,3,0.02563367860522403,0.0037146999721902304
131.77914,700,13132.218283,False,0.0,0.0,0.0,0.0,0,0,0.01353518974055612,0.002180539323940814
392.623378,700,13156.720758,False,0.0,0.0,0.0,0.0,0,0,0.0014022556843110712,0.02185601536288053
431.432745,700,13194.832541,False,1.0,1.0,0.0,0.0,27,1,0.021055736576818584,0.011534380070242592
444.761319,700,13219.044118,False,1.0,1.0,0.0,0.0,472,1,0.016299834908801825,0.018710427843907498
420.245918,700,13257.663301,False,0.0,0.0,0.0,0.0,0,0,0.0032470917249902698,0.033482567024565
343.736335,700,13285.214704,False,1.0,1.0,0.0,0.0,34,4,0.02298049966352056,0.01568757142556614
439.593879,700,13315.905627,False,0.0,0.0,0.0,0.0,0,0,0.017575440773457407,0.011984807124091735
437.381363,700,13336.009931,False,1.0,1.0,0.0,0.0,29,3,0.04780600736448215,0.016971235567576102
332.617744,700,13355.800012,False,1.0,1.0,0.0,0.0,15,1,0.015612781262933528,0.004307233186101001
562.777072,700,13383.282047,False,1.0,1.0,1.0,0.0,182,8,0.09265118877377376,0.004594061786095185
443.138111,700,13402.232041,False,1.0,1.0,1.0,0.0,26,3,0.12191057710306397,0.009740596699421834
539.389392,700,13424.342867,False,1.0,1.0,1.0,0.0,75,7,0.11443969806803977,0.005761891668479007
311.960942,700,13452.976741,False,1.0,1.0,0.0,0.0,19,1,0.023516999863489985,0.006613850329813722
534.201472,700,13483.379922,False,1.0,1.0,1.0,0.0,236,5,0.09205242279988568,0.00592509056551369
418.776284,700,13511.528449,False,0.0,0.0,0.0,0.0,0,0,0.017934073630327618,0.022435701704419726
421.832916,700,13530.296297,False,0.0,0.0,0.0,0.0,0,0,0.022005877783173866,0.005002429567962943
484.740316,700,13557.160801,False,1.0,1.0,1.0,0.0,655,1,0.08856296394753904,0.008328830291231623
377.442819,700,13578.084975,False,1.0,1.0,1.0,0.0,74,8,0.1414435378811466,0.0023821329400832447
450.243005,700,13603.348854,False,1.0,1.0,1.0,0.0,15,1,0.10649586893039997,0.013517928047401229
428.647353,700,13624.889519,False,0.0,0.0,0.0,0.0,0,0,0.025301389634842075,0.006456058814405378
430.090408,700,13645.000819,False,1.0,1.0,0.0,0.0,426,3,0.04284667577299295,0.00836709217720884
396.269226,700,13670.574481,False,0.0,0.0,0.0,0.0,0,0,0.04303499702614799,0.007410710274298819
421.857697,700,13691.801551,False,1.0,1.0,0.0,0.0,15,4,0.033754944959559885,0.017901171699016002
488.571864,700,13716.874879,False,1.0,1.0,1.0,0.0,399,3,0.11284544471905711,0.005368690622775727
228.51314,700,13737.456108,False,1.0,1.0,0.0,0.0,132,1,0.017951333716942908,0.00854145977320862
472.008153,700,13764.993976,False,1.0,1.0,1.0,0.0,449,2,0.11764165782085734,0.00822298953585307
492.116783,700,13788.388381,False,1.0,1.0,1.0,0.0,108,5,0.09713310038047107,0.015262007242268066
157.531514,700,13811.181236,False,1.0,1.0,0.0,0.0,17,1,0.03618217133572155,0.02089851481209025
419.831759,700,13836.44109,False,1.0,1.0,1.0,0.0,370,4,0.08689539855107187,0.013719364563613765
79.983113,700,13862.42564,False,1.0,1.0,0.0,0.0,26,1,0.009395023898101207,0.026497358302053062
121.244365,700,13885.65652,False,0.0,0.0,0.0,0.0,0,0,0.009051452401146576,0.01685231542935874
400.193168,700,13904.118027,False,1.0,1.0,0.0,0.0,181,2,0.018111622075719702,0.007500522055800167
431.781592,700,13930.613627,False,0.0,0.0,0.0,0.0,0,0,0.013244220403355267,0.02184997374052874
278.727762,700,13966.530949,False,0.0,0.0,0.0,0.0,0,0,0.014401300465516242,0.00737920242549001
120.119201,700,13991.513195,False,0.0,0.0,0.0,0.0,0,0,0.011436680247626008,0.03055317016956927
118.603169,700,14013.011296,False,0.0,0.0,0.0,0.0,0,0,0.0051804796918285545,0.030506671555178513
419.650238,700,14039.30005,False,0.0,0.0,0.0,0.0,0,0,0.023398866555779163,0.008450511916630937
420.192588,700,14075.637311,False,1.0,1.0,0.0,0.0,495,3,0.023324656705696056,0.0073477771260272145
277.308268,700,14098.279676,False,1.0,1.0,0.0,0.0,166,1,0.02950764406047446,0.004960022485382041
387.854016,700,14117.666371,False,0.0,0.0,0.0,0.0,0,0,0.009668458835924154,0.008933114597750431
385.609057,700,14135.907989,False,0.0,0.0,0.0,0.0,0,0,0.027085604073483593,0.026824559572773486
392.396335,700,14159.579872,False,1.0,1.0,0.0,0.0,85,2,0.029545521539103947,0.006551128703839024
498.279634,700,14180.689559,False,1.0,1.0,1.0,0.0,204,10,0.09960972100321785,0.002670623025373803
447.519688,700,14207.076479,False,0.0,0.0,0.0,0.0,0,0,0.024523219599282053,0.01614243201899506
444.026428,700,14228.963734,False,0.0,0.0,0.0,0.0,0,0,0.022969174369067202,0.014631663137732712
448.326651,700,14254.50681,False,1.0,1.0,1.0,0.0,226,14,0.12705468343822302,0.005406177906056464
261.870054,700,14281.998023,False,1.0,1.0,0.0,0.0,130,2,0.030800533391222795,0.005548657674168222
432.204115,700,14303.589896,False,1.0,1.0,0.0,0.0,18,1,0.03242171617623246,0.011647319453999218
394.460766,700,14326.232198,False,0.0,0.0,0.0,0.0,0,0,0.03494781601946095,0.012984977446644027
319.914055,700,14353.332111,False,0.0,0.0,0.0,0.0,0,0,0.014275983594826847,0.035937872405096695
453.379388,700,14373.945469,False,0.0,0.0,0.0,0.0,0,0,0.003621743162939728,0.02015089162603563
468.142795,700,14400.801787,False,1.0,1.0,0.0,0.0,29,3,0.04863953003562049,0.005697159509400466
502.989507,700,14423.269197,False,1.0,1.0,0.0,0.0,698,1,0.028402727177149534,0.0010186982165739514
7.108861,700,14444.184065,False,0.0,0.0,0.0,0.0,0,0,0.04195113416471896,0.02909696312548459
329.685128,700,14464.552771,False,0.0,0.0,0.0,0.0,0,0,0.005440173639142176,0.030525904771249043
398.670039,700,14488.999193,False,0.0,0.0,0.0,0.0,0,0,0.01315006264945584,0.012881249104258719
431.920791,700,14512.803556,False,1.0,1.0,0.0,0.0,13,1,0.038581133490726116,0.0072277002182882895
316.658559,700,14540.078322,False,1.0,1.0,0.0,0.0,80,1,0.027877287277092377,0.00508343277502281
372.566621,700,14562.095143,False,1.0,1.0,0.0,0.0,16,1,0.04015910661474287,0.0045797123349282185
175.212169,700,14584.519265,False,0.0,0.0,0.0,0.0,0,0,0.014585410689661571,0.01756304100041111
408.783763,700,14605.962263,False,1.0,1.0,1.0,0.0,14,6,0.09771925141641458,0.00485082170863855
439.022137,700,14631.675936,False,1.0,1.0,1.0,0.0,14,9,0.16823466957201205,0.004369605767142586
284.222087,700,14656.693987,False,0.0,0.0,0.0,0.0,0,0,0.011086754571842605,0.006433368310697031
250.206802,700,14686.837964,False,1.0,1.0,1.0,0.0,141,1,0.09159651792408752,0.018688059188846983
434.132123,700,14712.059385,False,1.0,1.0,0.0,0.0,247,1,0.03960023501249377,0.017442885092348318
409.080358,700,14742.947792,False,0.0,0.0,0.0,0.0,0,0,0.010063736726526495,0.023269692612236235
508.331191,700,14764.137726,False,1.0,1.0,1.0,0.0,84,6,0.16172030883277166,0.008900051463213514
742.350666,700,14787.317931,False,1.0,1.0,1.0,0.0,87,9,0.11301209978585347,0.0031943750244904806
335.205336,700,14810.266654,False,1.0,1.0,0.0,0.0,58,1,0.024526048160616654,0.005417417642501276
289.596151,700,14843.685089,False,1.0,1.0,0.0,0.0,220,3,0.022229927895780932,0.01585342831682184
505.040649,700,14902.229802,False,0.0,0.0,0.0,0.0,0,0,0.02535666745626486,0.008591228093898048
445.771635,700,14931.530897,False,0.0,0.0,0.0,0.0,0,0,0.02206204201857087,0.00413067481223707
304.645018,700,14955.195001,False,1.0,1.0,0.0,0.0,34,1,0.013939235476275957,0.01962430091651552
208.765505,700,14986.20575,False,0.0,0.0,0.0,0.0,0,0,0.014252666446034956,0.013958082973302558
398.381029,700,15007.508241,False,0.0,0.0,0.0,0.0,0,0,0.007406907106921046,0.016147558259676596
422.804665,700,15031.103985,False,0.0,0.0,0.0,0.0,0,0,0.013472536026465032,0.014408326031189763
427.535465,700,15053.664209,False,1.0,1.0,1.0,0.0,304,2,0.06885399138118775,0.02011232312697596
369.218031,700,15072.229201,False,1.0,1.0,1.0,0.0,211,2,0.12173405768426637,0.00673406292820337
426.41905,700,15096.927337,False,1.0,1.0,1.0,0.0,34,1,0.08780741158075078,0.009445058500372642
474.368089,700,15132.70001,False,1.0,1.0,0.0,0.0,140,2,0.03116216025625429,0.002403352976279941
518.046293,700,15161.432753,False,1.0,1.0,1.0,0.0,255,2,0.11512512637933059,0.0062265396380537874
430.29205,700,15192.076747,False,1.0,1.0,1.0,0.0,24,5,0.06992993758892851,0.020474698850692412
466.577681,700,15218.402858,False,1.0,1.0,0.0,0.0,64,1,0.03584831358651319,0.016474931042469134
410.679183,700,15254.442754,False,0.0,0.0,0.0,0.0,0,0,0.0132773817729539,0.03223270885702001
473.882618,700,15276.092766,False,1.0,1.0,1.0,0.0,221,2,0.06332033892250077,0.006798232629626703
326.312517,700,15300.87138,False,0.0,0.0,0.0,0.0,0,0,0.04413897466716543,0.004324610697736472
449.203941,700,15336.363262,False,1.0,1.0,0.0,0.0,43,1,0.033310081079781395,0.0015547637858374544
27.788392,700,15358.011473,False,0.0,0.0,0.0,0.0,0,0,0.056877931954291805,0.03667869752432636
460.024509,700,15384.180175,False,1.0,1.0,1.0,0.0,80,9,0.05789329982529312,0.015559195573407849
425.119785,700,15410.854677,False,1.0,1.0,0.0,0.0,12,2,0.036655482886204904,0.003801343178287989
471.84231,700,15431.97947,False,1.0,1.0,1.0,0.0,75,4,0.08999654415960534,0.0030325913164892925
427.997362,700,15452.85826,False,0.0,0.0,0.0,0.0,0,0,0.009558784892258143,0.012551902551741557
449.632147,700,15473.964314,False,1.0,1.0,1.0,0.0,25,4,0.11246044879932493,0.008840181402145637
477.09956,700,15495.444193,False,0.0,0.0,0.0,0.0,0,0,0.022986771226099156,0.00376490129926711
396.681118,700,15516.471494,False,0.0,0.0,0.0,0.0,0,0,0.00592162438648447,0.01798749633255956
408.376925,700,15537.422128,False,0.0,0.0,0.0,0.0,0,0,0.03310816748542322,0.005301705575666602
414.126353,700,15560.456149,False,1.0,1.0,1.0,0.0,150,5,0.07206888141414969,0.00533237892607032
449.000374,700,15583.323876,False,1.0,1.0,1.0,0.0,91,1,0.116913160301229,0.008997099053975253
381.625005,700,15611.632081,False,1.0,1.0,0.0,0.0,13,1,0.018832875972864094,0.018244593900366667
449.211842,700,15632.550436,False,0.0,0.0,0.0,0.0,0,0,0.010193414011864577,0.02498666904337595
461.736383,700,15656.973253,False,1.0,1.0,1.0,0.0,23,6,0.08260229400713681,0.005378012022442919
405.961807,700,15679.697422,False,0.0,0.0,0.0,0.0,0,0,0.023545706298911173,0.004004745530020492
394.498371,700,15702.651746,False,0.0,0.0,0.0,0.0,0,0,0.031169217141535532,0.008579824376134306
380.556017,700,15723.561194,False,1.0,1.0,1.0,0.0,179,2,0.05940533573023132,0.015094745177989895
473.081953,700,15742.448949,False,1.0,1.0,1.0,0.0,114,3,0.08728409765495382,0.012467028660607416
478.15418,700,15762.569934,False,1.0,1.0,1.0,0.0,33,2,0.0586150256041732,0.004213847672277902
103.628435,700,15788.932795,False,0.0,0.0,0.0,0.0,0,0,0.009978116108726565,0.030907598548185745
437.223524,700,15813.45088,False,0.0,0.0,0.0,0.0,0,0,0.013905025158447937,0.007129862814804829
417.95352,700,15835.026551,False,1.0,1.0,0.0,0.0,43,1,0.027882741087020713,0.0021982058980939815
444.867887,700,15854.817756,False,0.0,0.0,0.0,0.0,0,0,0.023940111183480495,0.012133887910451729
425.069579,700,15879.07847,False,0.0,0.0,0.0,0.0,0,0,0.04502032124846855,0.01711684620498862
441.186111,700,15908.799865,False,1.0,1.0,0.0,0.0,102,2,0.03192871477437842,0.01018453430145038
423.435015,700,15930.344932,False,0.0,0.0,0.0,0.0,0,0,0.026712854870666214,0.012049395827649627
515.262712,700,15951.407111,False,1.0,1.0,1.0,0.0,17,4,0.07395691948708905,0.018564814259217143
416.294829,700,15983.310153,False,1.0,1.0,0.0,0.0,673,2,0.031405903848561456,0.003666488022578613
423.327498,700,16005.418593,False,1.0,1.0,1.0,0.0,78,6,0.08021519345491035,0.004100302527634503
490.10153,700,16025.850189,False,1.0,1.0,1.0,0.0,29,4,0.08571977782427298,0.0033080273053489057
386.195824,700,16056.420725,False,1.0,1.0,1.0,0.0,29,3,0.1055887388004707,0.007877260649859233
151.43422,700,16081.661292,False,1.0,1.0,0.0,0.0,36,1,0.036116383503447924,0.026097738545735064
355.211141,700,16120.995804,False,1.0,1.0,1.0,0.0,126,3,0.07689459328530701,0.010412044760479772
469.105416,700,16150.182173,False,1.0,1.0,0.0,0.0,48,1,0.01685830433212976,0.006371945727805841
441.079277,700,16177.529881,False,0.0,0.0,0.0,0.0,0,0,0.011040303192426215,0.01690208275956181
445.037402,700,16198.798109,False,1.0,1.0,1.0,0.0,31,1,0.07730970602815546,0.012119735433451148
621.584014,700,16224.549321,False,1.0,1.0,1.0,0.0,189,8,0.11391528592801548,0.003116851947809683
382.794864,700,16247.636688,False,1.0,1.0,1.0,0.0,52,2,0.10927529528302915,0.008162705595313766
395.704919,700,16265.038186,False,1.0,1.0,1.0,0.0,38,1,0.10982797990832027,0.013910502618864964
457.953474,700,16287.558609,False,0.0,0.0,0.0,0.0,0,0,0.02524845135798548,0.005658967401583002
375.120839,700,16311.880403,False,1.0,1.0,1.0,0.0,49,4,0.1038397638738725,0.0064197128532207355
371.139449,700,16338.215801,False,0.0,0.0,0.0,0.0,0,0,0.07865190886948936,0.01342355083584485
524.86295,700,16372.117817,False,1.0,1.0,1.0,0.0,540,5,0.14496136846439023,0.001764917102832091
447.620437,700,16393.524454,False,1.0,1.0,1.0,0.0,27,1,0.07439910529235505,0.027840576432821087
429.009568,700,16412.176675,False,1.0,1.0,1.0,0.0,66,2,0.08962303063688792,0.008953360421530821
468.618741,700,16436.749989,False,1.0,1.0,0.0,0.0,49,2,0.015936951797952292,0.004969991090702499
544.382276,700,16454.915603,False,1.0,1.0,1.0,0.0,20,2,0.09319676879910066,0.0011832327504404166
609.671238,700,16473.67007,False,1.0,1.0,1.0,0.0,407,6,0.1007515114578933,0.00562335362847484
327.966748,700,16496.871668,False,1.0,1.0,0.0,0.0,611,2,0.037543034755049054,0.022636812323938688
599.446298,700,16523.854547,False,1.0,1.0,1.0,0.0,86,5,0.0915844653907063,0.004665377008252292
646.742217,700,16548.843181,False,1.0,1.0,1.0,0.0,86,12,0.0862909540154373,0.0006964708471672735
443.59409,700,16578.299868,False,1.0,1.0,1.0,0.0,251,1,0.07917215812312384,0.006784850051551296
456.793697,700,16595.332592,False,1.0,1.0,0.0,0.0,121,1,0.028988237656591642,0.010808914734133661
354.133963,700,16619.523455,False,1.0,1.0,0.0,0.0,146,1,0.046363740160264344,0.005849647954085221
429.602023,700,16637.926755,False,0.0,0.0,0.0,0.0,0,0,0.030035748543116192,0.012493524115663278
241.047455,700,16660.547992,False,0.0,0.0,0.0,0.0,0,0,0.022664833941492102,0.023460371787559057
447.206193,700,16679.79083,False,1.0,1.0,0.0,0.0,224,5,0.02834841252654463,0.009785933494827941
461.197965,700,16701.610067,False,0.0,0.0,0.0,0.0,0,0,0.01581322951116293,0.008301897590790985
487.332643,700,16722.332142,False,1.0,1.0,1.0,0.0,25,2,0.0849113506669148,0.003283291226817235
215.524973,700,16745.965739,False,0.0,0.0,0.0,0.0,0,0,3.918360156340839e-07,0.10396198708736168
375.886508,700,16768.392827,False,1.0,1.0,1.0,0.0,22,1,0.14811319201103412,0.011908228464650856
438.610483,700,16793.633498,False,0.0,0.0,0.0,0.0,0,0,0.009579221013273131,0.008351711287344977
441.784179,700,16818.165198,False,1.0,1.0,1.0,0.0,128,6,0.11001592577274999,0.016469437563092593
505.563804,700,16848.575881,False,1.0,1.0,0.0,0.0,82,4,0.03571773715942095,0.004437757211274738
470.603385,700,16874.440734,False,1.0,1.0,0.0,0.0,17,2,0.04323574064802438,0.0024367272040733447
444.265164,700,16895.089981,False,1.0,1.0,0.0,0.0,24,3,0.02291544424545411,0.002244774921570011
591.397825,700,16917.357516,False,1.0,1.0,1.0,0.0,54,12,0.0679518252150968,0.001738805676906098
436.280302,700,16936.643315,False,0.0,0.0,0.0,0.0,0,0,0.012211021012663137,0.0053471183960369225
449.18809,700,16959.486049,False,0.0,0.0,0.0,0.0,0,0,0.013692490267822599,0.02515539753925615
443.080921,700,16979.283599,False,0.0,0.0,0.0,0.0,0,0,0.022527975083615703,0.011328456793481332
497.168525,700,17010.064597,False,1.0,1.0,1.0,0.0,169,2,0.09207132554688735,0.003455925360521694
465.828392,700,17033.694724,False,1.0,1.0,0.0,0.0,16,1,0.021978067639848997,0.01146948032310335
436.781076,700,17054.398406,False,1.0,1.0,0.0,0.0,206,6,0.05579664844347232,0.0073761923752283035
76.257493,700,17071.556558,False,0.0,0.0,0.0,0.0,0,0,0.10075391576233805,0.016408613358039174
449.086906,700,17099.156665,False,1.0,1.0,0.0,0.0,26,4,0.07507037519420656,0.004236229395870055
516.639291,700,17126.083444,False,1.0,1.0,1.0,0.0,60,7,0.09634399118184644,0.0034186579711190357
441.811594,700,17149.444762,False,0.0,0.0,0.0,0.0,0,0,0.004248616916718184,0.023630755676314084
406.85165,700,17173.756845,False,0.0,0.0,0.0,0.0,0,0,0.02146853405901472,0.01621327799696171
527.372284,700,17195.637455,False,1.0,1.0,1.0,0.0,75,11,0.10107422487415729,0.0008225936571524392
506.072845,700,17221.037926,False,1.0,1.0,1.0,0.0,12,12,0.07459656808467219,0.00760747173381916
447.687321,700,17249.24039,False,0.0,0.0,0.0,0.0,0,0,0.025171280767673165,0.005214597181059634
443.101263,700,17273.643891,False,1.0,1.0,1.0,0.0,120,2,0.09018229933144928,0.009210554876385378
312.868482,700,17296.279045,False,1.0,1.0,1.0,0.0,26,3,0.0912448818414745,0.022588267895638822
546.045827,700,17321.875716,False,1.0,1.0,1.0,0.0,85,13,0.0793982188195621,0.0027765059747008854
154.112572,700,17344.418583,False,0.0,0.0,0.0,0.0,0,0,0.007311366563970689,0.017775242735827788
428.862488,700,17364.996144,False,0.0,0.0,0.0,0.0,0,0,0.05911722054752533,0.008907670010084953
303.071322,700,17390.665076,False,1.0,1.0,1.0,0.0,366,2,0.0842233854616865,0.006024446788677947
85.868161,700,17414.531834,False,0.0,0.0,0.0,0.0,0,0,0.017922737916673315,0.017319503733696246
457.087056,700,17436.226767,False,1.0,1.0,1.0,0.0,26,6,0.09581441682497727,0.0026800153643508047
463.214479,700,17459.808344,False,0.0,0.0,0.0,0.0,0,0,0.0163852989772032,0.0027976535949710483
118.275172,700,17482.453974,False,0.0,0.0,0.0,0.0,0,0,0.01278550311417559,0.012890114590478188
338.916077,700,17500.98978,False,0.0,0.0,0.0,0.0,0,0,0.003504095076633962,0.028228211147171185
441.455545,700,17520.142,False,1.0,1.0,0.0,0.0,31,1,0.025954840801247214,0.005177283107187183
536.967251,700,17546.974342,False,1.0,1.0,1.0,0.0,98,6,0.09485799643106141,0.003585984881588683
355.906269,700,17573.128745,False,0.0,0.0,0.0,0.0,0,0,0.06594228172347949,0.020138476852409524
131.789208,700,17602.968683,False,0.0,0.0,0.0,0.0,0,0,0.005093322158218561,0.01443533892855598
403.210724,700,17623.553736,False,1.0,1.0,1.0,0.0,193,3,0.07884129885615287,0.0064826357207271625
366.816515,700,17642.717541,False,0.0,0.0,0.0,0.0,0,0,0.047691382810057026,0.006894698291944251
248.544872,700,17663.39464,False,0.0,0.0,0.0,0.0,0,0,0.013744451530851909,0.013333714309253309
503.511006,700,17686.269691,False,1.0,1.0,1.0,0.0,38,3,0.06610283520278049,0.0032149820970065832
442.102572,700,17714.320673,False,1.0,1.0,1.0,0.0,70,4,0.061154209122920355,0.003540987741228693
431.581941,700,17738.777901,False,1.0,1.0,1.0,0.0,106,6,0.10274227702294703,0.011546927700607765
381.259475,700,17755.790838,False,1.0,1.0,1.0,0.0,119,2,0.056036816296899605,0.007391500239266478
560.642721,700,17785.008569,False,1.0,1.0,1.0,0.0,18,4,0.11383900614433495,0.0029026301620043555
445.201756,700,17808.365636,False,1.0,1.0,0.0,0.0,21,8,0.05581320723537808,0.0020531112565527797
429.007971,700,17836.64407,False,0.0,0.0,0.0,0.0,0,0,0.0424783043045609,0.002590392820678372
331.826268,700,17862.3072,False,1.0,1.0,0.0,0.0,160,1,0.038753503889044194,0.004025831997638249
445.739587,700,17884.462774,False,0.0,0.0,0.0,0.0,0,0,0.033369344908706355,0.03601206739537206
443.079217,700,17911.347611,False,1.0,1.0,1.0,0.0,113,10,0.08666207402193182,0.006230362192651055
428.786138,700,17933.439717,False,1.0,1.0,0.0,0.0,588,2,0.017124756633198235,0.00877748211607212
509.144113,700,17951.326539,False,1.0,1.0,1.0,0.0,319,5,0.09418473518822013,0.018102910546018588
464.624119,700,17975.225286,False,1.0,1.0,1.0,0.0,65,2,0.07384866070242524,0.008407616299328964
468.609739,700,18009.098113,False,1.0,1.0,1.0,0.0,20,3,0.0821540784303244,0.00536091586646337
582.157353,700,18030.245329,False,1.0,1.0,1.0,0.0,47,7,0.07924746033724062,0.00872261656182871
698.438759,700,18050.375595,False,1.0,1.0,1.0,0.0,97,4,0.0902838037015199,0.0038482818822904476
347.988035,700,18083.78076,False,0.0,0.0,0.0,0.0,0,0,0.007061133179039336,0.01611488868902107
114.476308,700,18104.673918,False,1.0,1.0,0.0,0.0,46,1,0.01684667130853701,0.018203608758006057
374.758108,700,18128.207083,False,1.0,1.0,1.0,0.0,19,3,0.05870354710600956,0.006217148707789417
464.120772,700,18154.075002,False,1.0,1.0,0.0,0.0,314,8,0.04917853045051268,0.007120980601163605
449.35773,700,18177.073035,False,0.0,0.0,0.0,0.0,0,0,0.020572755558344258,0.013744437146134306
354.668265,700,18196.964708,False,0.0,0.0,0.0,0.0,0,0,0.014813969621383594,0.011556005161192933
451.476749,700,18220.74277,False,1.0,1.0,0.0,0.0,76,2,0.020726595417984273,0.011741710043829677
448.591994,700,18241.930552,False,0.0,0.0,0.0,0.0,0,0,0.047897038304406725,0.005514972802179677
231.025051,700,18266.900893,False,0.0,0.0,0.0,0.0,0,0,0.020563199755411432,0.005456577314034132
155.03797,700,18289.599841,False,0.0,0.0,0.0,0.0,0,0,0.006615085897214823,0.002553909153814359
519.31155,700,18315.504787,False,1.0,1.0,1.0,0.0,85,2,0.09435728684956324,0.01643611884186337
408.714435,700,18333.356377,False,1.0,1.0,1.0,0.0,65,12,0.07296700558681823,0.008453747706226337
459.28683,700,18362.005491,False,0.0,0.0,0.0,0.0,0,0,0.022020868071636612,0.014221065455540806
444.718625,700,18388.764618,False,0.0,0.0,0.0,0.0,0,0,0.02028286052292816,0.017366111829345072
339.977453,700,18415.029071,False,0.0,0.0,0.0,0.0,0,0,0.009058301861900486,0.023317533436456286
308.917262,700,18439.30639,False,0.0,0.0,0.0,0.0,0,0,0.015416354865443571,0.013960214328840377
580.177181,700,18458.189224,False,1.0,1.0,1.0,0.0,28,5,0.10163605555109911,0.0044973954410345955
482.610819,700,18482.880318,False,1.0,1.0,1.0,0.0,30,4,0.0577091637550744,0.003534249287678964
352.728307,700,18505.65226,False,1.0,1.0,0.0,0.0,72,1,0.020661131742569228,0.0069586068561513946
398.740785,700,18534.216993,False,1.0,1.0,0.0,0.0,139,4,0.0375539275399579,0.03209436424868816
397.503192,700,18560.139767,False,1.0,1.0,1.0,0.0,58,2,0.0921928564162634,0.018079777644976227
383.79476,700,18583.048963,False,1.0,1.0,1.0,0.0,69,5,0.1368450055915773,0.012979141573035678
460.970154,700,18612.109347,False,1.0,1.0,0.0,0.0,52,2,0.02651699554337572,0.006017228788329935
437.837179,700,18636.470646,False,1.0,1.0,0.0,0.0,357,1,0.006048631542464267,0.0082398967085818
474.487319,700,18661.570705,False,0.0,0.0,0.0,0.0,0,0,0.012092823398579644,0.008511932657652255
96.85212,700,18686.383686,False,0.0,0.0,0.0,0.0,0,0,0.007880629560443553,0.011960997613907705
594.461178,700,18710.063058,False,1.0,1.0,1.0,0.0,36,9,0.10523276247200641,0.0040653628260748165
306.38844,700,18740.71537,False,1.0,1.0,0.0,0.0,115,1,0.03864594707632851,0.005306945291153223
429.858306,700,18767.11631,False,1.0,1.0,0.0,0.0,19,6,0.03763975521386109,0.027781075936049237
451.642215,700,18787.750398,False,1.0,1.0,0.0,0.0,85,1,0.0198713203581683,0.010681287849312921
620.028073,700,18806.937492,False,1.0,1.0,1.0,0.0,87,9,0.09839916478111577,0.0020775039883755095
448.121712,700,18828.23122,False,0.0,0.0,0.0,0.0,0,0,0.0191817406078032,0.003376048964725296
243.951909,700,18854.418527,False,0.0,0.0,0.0,0.0,0,0,0.0155659169396688,0.025317463663347955
606.686893,700,18874.047035,False,1.0,1.0,1.0,0.0,148,5,0.08472688093485847,0.00570675604057606
68.85709,700,18903.600394,False,0.0,0.0,0.0,0.0,0,0,0.018235410973809763,0.022712901739331996
433.743237,700,18930.994944,False,1.0,1.0,0.0,0.0,98,1,0.061205917895273076,0.015210304720770491
174.626159,700,18950.238158,False,0.0,0.0,0.0,0.0,0,0,0.014673996600558126,0.009638098739984025
226.783843,700,18971.684905,False,0.0,0.0,0.0,0.0,0,0,0.018822972386470238,0.021529310467123624
403.301133,700,18990.663769,False,0.0,0.0,0.0,0.0,0,0,0.02861426072543305,0.005735495459089128
335.467959,700,19013.589627,False,0.0,0.0,0.0,0.0,0,0,0.004807301295643218,0.012465397815717651
539.121702,700,19032.871102,False,1.0,1.0,1.0,0.0,37,4,0.08417639151437784,0.0037558107288521727
497.66699,700,19054.206172,False,1.0,1.0,1.0,0.0,16,1,0.08876028475294973,0.02221448247760963
503.355535,700,19075.258853,False,1.0,1.0,1.0,0.0,27,3,0.09316485787025353,0.0007532658315919179
469.685484,700,19095.291885,False,1.0,1.0,1.0,0.0,30,3,0.07447788502023067,0.01060676726584834
454.352956,700,19120.768322,False,0.0,0.0,0.0,0.0,0,0,0.04880188580232703,0.005915120003516126
492.763229,700,19138.95747,False,1.0,1.0,1.0,0.0,241,3,0.05092480807116906,0.009894132256041457
244.910397,700,19157.278241,False,0.0,0.0,0.0,0.0,0,0,0.011083409076332651,0.011718152696601754
456.137807,700,19178.892523,False,0.0,0.0,0.0,0.0,0,0,0.01671382807227395,0.013473144341953815
424.931555,700,19205.145869,False,1.0,1.0,0.0,0.0,44,1,0.0365471975981011,0.007177154384680026
248.91109,700,19233.018511,False,0.0,0.0,0.0,0.0,0,0,0.015485231740924976,0.011014225958337657
80.600045,700,19257.940921,False,1.0,1.0,0.0,0.0,32,1,0.009711133116255266,0.033010697699394534
585.74723,700,19281.830526,False,1.0,1.0,1.0,0.0,45,3,0.08357956097784203,0.0017860682303880702
174.752537,700,19299.83575,False,1.0,1.0,0.0,0.0,32,3,0.04137939275435509,0.0015130542430804763
382.785252,700,19322.163761,False,1.0,1.0,0.0,0.0,16,1,0.023835594431150908,0.021632044486364174
384.393394,700,19341.584308,False,1.0,1.0,0.0,0.0,33,2,0.02086537808146227,0.009831775241426957
457.360183,700,19360.773031,False,1.0,1.0,0.0,0.0,97,4,0.031226808721183996,0.0009270865031116805
473.817864,700,19386.357509,False,0.0,0.0,0.0,0.0,0,0,0.027140153324024974,0.012808416642125462
449.547449,700,19404.027365,False,0.0,0.0,0.0,0.0,0,0,0.02395134095022966,0.014118256592945381
566.639919,700,19441.73023,False,1.0,1.0,1.0,0.0,149,1,0.07496679706904463,0.00834695035080821
458.975405,700,19462.850406,False,1.0,1.0,1.0,0.0,217,8,0.09429396469350337,0.006309655110507193
448.318655,700,19491.129958,False,1.0,1.0,1.0,0.0,98,1,0.08101544951603956,0.009299875405240457
455.502419,700,19515.826833,False,0.0,0.0,0.0,0.0,0,0,0.011133070734179906,0.024367072490518137
558.752234,700,19542.77437,False,1.0,1.0,1.0,0.0,48,3,0.0925107594520469,0.009058910878532759
405.452569,700,19561.928692,False,1.0,1.0,1.0,0.0,22,2,0.06617462160047005,0.009420929888813157
670.893777,700,19593.613852,False,1.0,1.0,1.0,0.0,70,5,0.10027769005246312,0.003698179998187523
404.668505,700,19615.281505,False,1.0,1.0,1.0,0.0,267,13,0.1167739121679473,0.00420840877422403
665.321463,700,19651.681104,False,1.0,1.0,1.0,0.0,42,6,0.09901180388003306,0.0010789406906662167
420.675869,700,19676.339528,False,0.0,0.0,0.0,0.0,0,0,0.005264155628071698,0.021890601177175378
439.605946,700,19704.567604,False,0.0,0.0,0.0,0.0,0,0,0.003153358730681566,0.02378108852549954
648.419144,700,19732.446956,False,1.0,1.0,1.0,0.0,55,3,0.09939236987387434,0.006875081756403022
300.666632,700,19764.186454,False,0.0,0.0,0.0,0.0,0,0,0.023779754573497014,0.03355687583943856
453.997673,700,19785.913409,False,1.0,1.0,1.0,0.0,20,5,0.07559617985544131,0.014190866609444821
261.39657,700,19803.29643,False,1.0,1.0,1.0,0.0,18,5,0.06805534353757436,0.007322883202308488
455.629968,700,19836.751886,False,0.0,0.0,0.0,0.0,0,0,0.0042138646414282555,0.015269208174796161
361.280953,700,19861.665651,False,0.0,0.0,0.0,0.0,0,0,0.014656324917958985,0.011751631970302406
596.646066,700,19883.307773,False,1.0,1.0,1.0,0.0,73,20,0.16944086666105362,0.0024695054887046964
428.190323,700,19914.540242,False,1.0,1.0,0.0,0.0,77,1,0.005963051967749156,0.014476693954513117
362.161999,700,19934.770999,False,1.0,1.0,1.0,0.0,62,1,0.0902550665760643,0.01795094895964055
422.476993,700,19963.623864,False,1.0,1.0,1.0,0.0,75,9,0.08736500346674303,0.0054427931169282
490.694377,700,19986.792998,False,1.0,1.0,1.0,0.0,18,3,0.06906857016683876,0.007744924841117016
491.025959,700,20008.891296,False,1.0,1.0,1.0,0.0,80,3,0.08133286243819149,0.006208776488525577
422.059369,700,20032.736675,False,0.0,0.0,0.0,0.0,0,0,3.684289486827197e-07,0.054042743512956605
465.608206,700,20058.907455,False,1.0,1.0,0.0,0.0,641,1,0.0073757796778194384,0.007111374354147156
542.069761,700,20084.356956,False,1.0,1.0,1.0,0.0,15,1,0.1002488180230755,0.006731852903092311
561.971794,700,20102.119579,False,1.0,1.0,1.0,0.0,67,5,0.09126977601174546,0.007538692069780211
202.159832,700,20135.221668,False,0.0,0.0,0.0,0.0,0,0,0.018643044845760737,0.0051664953928007365
453.665525,700,20156.756579,False,0.0,0.0,0.0,0.0,0,0,0.016393468637204367,0.017317720174333324
557.069677,700,20184.790734,False,1.0,1.0,1.0,0.0,53,1,0.06771062242878212,0.010380653722014127
496.079879,700,20209.181444,False,1.0,1.0,1.0,0.0,50,2,0.09166300652624759,0.018300977790919964
404.173494,700,20229.711748,False,0.0,0.0,0.0,0.0,0,0,5.73040077056497e-07,0.0544620616850986
730.51518,700,20261.94953,False,1.0,1.0,1.0,0.0,36,11,0.08329465662893432,0.0029687226256253163
439.59562,700,20288.178805,False,0.0,0.0,0.0,0.0,0,0,0.005748520081975794,0.021205544152236196
232.917406,700,20309.498286,False,0.0,0.0,0.0,0.0,0,0,0.027266048046740265,0.007585141399927113
448.017565,700,20336.204911,False,0.0,0.0,0.0,0.0,0,0,0.012328139335597177,0.01853244900917004
481.194672,700,20355.183184,False,1.0,1.0,1.0,0.0,343,5,0.05912155350888548,0.006064630967737754
445.119775,700,20378.497384,False,1.0,1.0,0.0,0.0,99,2,0.040089316491283666,0.00861052599037301
319.171964,700,20405.25538,False,1.0,1.0,0.0,0.0,36,2,0.08234406909382208,0.013607896918194702
515.456359,700,20430.868329,False,1.0,1.0,1.0,0.0,35,3,0.07131048936998541,0.005365947527007641
438.52086,700,20453.471775,False,0.0,0.0,0.0,0.0,0,0,0.025853767485120582,0.01605842244763382
719.099199,700,20480.232912,False,1.0,1.0,1.0,0.0,35,3,0.06643893337494389,0.002457798414353554
713.523132,700,20503.750593,False,1.0,1.0,1.0,0.0,71,11,0.0940619808674984,0.004310213842353468
470.000735,700,20522.489447,False,1.0,1.0,1.0,0.0,19,6,0.06783354754238158,0.0013277163119151452
110.020708,700,20547.808157,False,0.0,0.0,0.0,0.0,0,0,0.021547123348242825,0.01670304651166809
660.325641,700,20582.419885,False,1.0,1.0,1.0,0.0,57,3,0.09247628898495464,0.0007343399551442312
436.858323,700,20608.765524,False,0.0,0.0,0.0,0.0,0,0,0.005783178438825476,0.026269124571289954
637.471809,700,20637.944906,False,1.0,1.0,1.0,0.0,36,9,0.06823357622101578,0.007336185987048425
615.230122,700,20659.746429,False,1.0,1.0,1.0,0.0,73,8,0.0950418347848766,0.009050210052810712
487.835024,700,20690.980617,False,1.0,1.0,1.0,0.0,35,6,0.10224730163519224,0.002949160604547725
136.650369,700,20715.934431,False,0.0,0.0,0.0,0.0,0,0,0.011546326849091737,0.007456978416187176
505.016219,700,20745.75151,False,1.0,1.0,1.0,0.0,26,4,0.10513899320405884,0.002042825633553524
573.060333,700,20767.878445,False,1.0,1.0,1.0,0.0,51,17,0.09516357250471363,0.00486590516147349
467.364501,700,20798.048355,False,1.0,1.0,1.0,0.0,25,7,0.07222396634709782,0.0031016877953431365
676.570029,700,20823.973313,False,1.0,1.0,1.0,0.0,55,7,0.0869761269184478,0.0016300028297768787
506.100151,700,20845.373338,False,1.0,1.0,1.0,0.0,92,3,0.08069480807424712,0.014280372073705562
464.643951,700,20877.957643,False,1.0,1.0,1.0,0.0,63,1,0.07876672098153148,0.008087723724191679
502.649191,700,20903.386375,False,1.0,1.0,1.0,0.0,34,7,0.0511691238612233,0.0041764752770929465
432.58415,700,20921.841805,False,1.0,1.0,0.0,0.0,316,1,0.01866328507371251,0.014965890422879059
435.594535,700,20948.558426,False,1.0,1.0,1.0,0.0,68,4,0.09906119567490757,0.009742562288207815
475.667329,700,20969.299467,False,1.0,1.0,1.0,0.0,41,2,0.07211705356573372,0.015562822227449364
445.881316,700,20992.763698,False,0.0,0.0,0.0,0.0,0,0,0.016733720577045808,0.003716636433621185
534.515356,700,21020.980657,False,1.0,1.0,1.0,0.0,102,4,0.06262754813508375,0.003460575166800827
457.235582,700,21041.241692,False,1.0,1.0,0.0,0.0,201,5,0.016968442929076732,0.01848493495882696
471.53439,700,21063.266108,False,1.0,1.0,0.0,0.0,245,1,0.017757629497561878,0.011355461060890613
574.051429,700,21084.194607,False,1.0,1.0,1.0,0.0,80,4,0.07101996690921697,0.0030856212705697135
451.788713,700,21107.543768,False,1.0,1.0,0.0,0.0,259,1,0.003119788671952506,0.016335687618026916
116.297495,700,21143.583498,False,0.0,0.0,0.0,0.0,0,0,0.004854862079108235,0.011013954627540614
688.548609,700,21181.229563,False,1.0,1.0,1.0,0.0,84,7,0.10365637632757085,0.005899545875911388
788.363563,700,21204.211452,False,1.0,1.0,1.0,0.0,69,6,0.11000390948191363,0.00279441213570158
591.853767,700,21228.099958,False,1.0,1.0,1.0,0.0,24,2,0.07464937560230478,0.0038713056389799794
452.816675,700,21253.186496,False,1.0,1.0,1.0,0.0,56,6,0.11537539337607694,0.010602611910912219
603.391959,700,21288.382872,False,1.0,1.0,1.0,0.0,139,4,0.08846870219944447,0.005278744892928137
455.143287,700,21311.06925,False,0.0,0.0,0.0,0.0,0,0,0.022745934249114974,0.013248003855738003
712.363767,700,21343.914422,False,1.0,1.0,1.0,0.0,30,5,0.07966018564696609,0.006942161079307589
428.430589,700,21376.594932,False,1.0,1.0,1.0,0.0,61,2,0.11804814499093563,0.010632101352648344
438.573825,700,21400.10574,False,0.0,0.0,0.0,0.0,0,0,0.013152798529021514,0.021542082859681747
429.202423,700,21429.837957,False,0.0,0.0,0.0,0.0,0,0,0.004920279056276566,0.028645292599818278
415.988746,700,21457.63885,False,0.0,0.0,0.0,0.0,0,0,0.010457595612291537,0.021620251724666265
454.564823,700,21479.39411,False,0.0,0.0,0.0,0.0,0,0,0.0010910198189769682,0.032018357319151654
532.208319,700,21516.089125,False,1.0,1.0,1.0,0.0,29,2,0.07015511415541598,0.013958986912859862
463.687957,700,21534.293732,False,1.0,1.0,0.0,0.0,41,2,0.021058395220570625,0.00999607033892788
463.873088,700,21559.278141,False,1.0,1.0,1.0,0.0,35,7,0.05428925255498407,0.003684734337728951
464.184447,700,21598.521182,False,1.0,1.0,0.0,0.0,51,1,0.019272183914086582,0.004201725460188761
373.641135,700,21626.604164,False,0.0,0.0,0.0,0.0,0,0,0.004225780529726886,0.02879733453914541
460.296274,700,21648.657492,False,0.0,0.0,0.0,0.0,0,0,0.01596985334755807,0.015531097198943971
433.785426,700,21666.04744,False,1.0,1.0,0.0,0.0,53,4,0.03168740707409601,0.003837455405477721
466.767428,700,21685.085911,False,1.0,1.0,0.0,0.0,55,1,0.027627618044433366,0.007210413974360546
398.931391,700,21709.815457,False,1.0,1.0,1.0,0.0,89,4,0.38232567861213274,0.002529078970162385
191.872091,700,21739.638915,False,0.0,0.0,0.0,0.0,0,0,0.014380008798795973,0.024710202756542312
491.35106,700,21762.877919,False,1.0,1.0,1.0,0.0,26,2,0.06210658154545867,0.005607898966658151
450.845199,700,21788.266592,False,1.0,1.0,0.0,0.0,57,1,0.028191700088836313,0.012528240742386594
955.534233,700,21808.574622,False,1.0,1.0,1.0,0.0,37,2,0.09293238781006241,0.003031649815378407
261.126467,700,21838.393862,False,1.0,1.0,0.0,0.0,40,2,0.008573424197852897,0.00917926130567877
455.077011,700,21869.083504,False,0.0,0.0,0.0,0.0,0,0,0.021119506603524685,0.027386813450642207
841.467687,700,21918.569641,False,1.0,1.0,1.0,0.0,40,7,0.07795382510751248,0.0016648481101402743
621.350829,700,21938.590412,False,1.0,1.0,1.0,0.0,59,7,0.10373145470043299,0.0020106558236949734
460.02695,700,21962.61035,False,0.0,0.0,0.0,0.0,0,0,0.0302813125813709,0.011791415146609977
444.374319,700,22006.043471,False,0.0,0.0,0.0,0.0,0,0,0.014562977251107001,0.025249237688854047
530.549744,700,22032.000068,False,1.0,1.0,1.0,0.0,91,2,0.107825562119644,0.006897439597830003
837.935954,700,22056.586637,False,1.0,1.0,1.0,0.0,87,3,0.1007003791830604,0.006318335798093708
894.03975,700,22076.89248,False,1.0,1.0,1.0,0.0,44,2,0.09899005602964317,0.0023109666802071027
444.780684,700,22115.004349,False,1.0,1.0,1.0,0.0,25,5,0.07070481085676883,0.004771923873874297
209.192858,700,22137.156581,False,1.0,1.0,1.0,0.0,51,5,0.05330006616325855,0.013646412002207545
211.378194,700,22169.474831,False,0.0,0.0,0.0,0.0,0,0,0.014291629743990897,0.024166412204968877
431.47013,700,22193.596168,False,0.0,0.0,0.0,0.0,0,0,0.0012226200347718041,0.04120051217136832
719.332833,700,22215.403042,False,1.0,1.0,1.0,0.0,299,3,0.09782263744671549,0.0023280565104176107
479.04164,700,22238.729049,False,1.0,1.0,0.0,0.0,64,2,0.043643371015772425,0.012804866287281287
479.326374,700,22265.345867,False,1.0,1.0,1.0,0.0,70,2,0.08533848647695419,0.0035548205668272936
400.681674,700,22288.05884,False,1.0,1.0,0.0,0.0,84,1,0.018467044245859987,0.012278452925914785
227.810932,700,22308.795651,False,0.0,0.0,0.0,0.0,0,0,0.014360842532877616,0.014495333247022393
738.678972,700,22332.470365,False,1.0,1.0,1.0,0.0,53,6,0.11266084314562752,0.000965921535916894
332.937843,700,22361.324421,False,0.0,0.0,0.0,0.0,0,0,0.033974301411690444,0.01306684271687375
455.824801,700,22382.492792,False,0.0,0.0,0.0,0.0,0,0,0.006001697015736829,0.01084332546135051
633.420094,700,22409.076142,False,1.0,1.0,1.0,0.0,42,3,0.08701986797409744,0.0035322217769380546
197.74269,700,22437.390285,False,0.0,0.0,0.0,0.0,0,0,0.006105592616630129,0.02241603818083958
558.924452,700,22463.124776,False,1.0,1.0,1.0,0.0,133,2,0.08770466522556075,0.001782651308547926
548.533814,700,22489.003938,False,1.0,1.0,1.0,0.0,24,3,0.0858800359754831,0.0076521045998459115
263.695369,700,22510.259833,False,1.0,1.0,1.0,0.0,131,4,0.07206702161593392,0.014725526739953294
561.381096,700,22538.915863,False,1.0,1.0,1.0,0.0,25,3,0.07508880249820504,0.013671816787180827
489.500381,700,22570.677843,False,1.0,1.0,1.0,0.0,323,1,0.4485338639565526,0.0023410308011106743
535.165061,700,22603.561476,False,1.0,1.0,1.0,0.0,27,4,0.10469579454451339,0.005803884752689435
505.899974,700,22628.392408,False,1.0,1.0,1.0,0.0,34,3,0.07434842612901893,0.012133948150590625
495.672559,700,22664.618642,False,1.0,1.0,1.0,0.0,34,3,0.11696368314003003,0.0052397533030930105
581.693231,700,22694.992774,False,1.0,1.0,1.0,0.0,156,5,0.09946843411870221,0.006568776271068489
405.361977,700,22716.874741,False,1.0,1.0,0.0,0.0,402,1,0.029522936776334552,0.026262038083911723
584.408321,700,22743.134309,False,1.0,1.0,1.0,0.0,22,3,0.06225093909467205,0.0035248181014130445
356.360452,700,22762.774311,False,1.0,1.0,1.0,0.0,148,1,0.07732161374891644,0.016427458820271884
441.364876,700,22798.243787,False,1.0,1.0,0.0,0.0,50,1,0.03480439903039134,0.0037623707404314016
372.636593,700,22828.925551,False,0.0,0.0,0.0,0.0,0,0,0.033253771640354146,0.019975623200934153
462.778281,700,22850.826383,False,0.0,0.0,0.0,0.0,0,0,0.017388637260842832,0.010664431079804495
737.340738,700,22883.057067,False,1.0,1.0,1.0,0.0,24,4,0.07375034409229397,0.010014230380738565
292.640315,700,22905.596235,False,0.0,0.0,0.0,0.0,0,0,0.011658269526754972,0.014737797593522789
383.376606,700,22936.046494,False,0.0,0.0,0.0,0.0,0,0,0.051767864900034155,0.006411866500812148
474.766197,700,22957.038678,False,0.0,0.0,0.0,0.0,0,0,0.0180883457605987,0.005598831643001562
270.493113,700,22975.502189,False,0.0,0.0,0.0,0.0,0,0,0.02544377181538704,0.011289561454158983
358.82642,700,23003.039588,False,0.0,0.0,0.0,0.0,0,0,0.022295691786953786,0.006087930740887474
441.79909,700,23028.295823,False,0.0,0.0,0.0,0.0,0,0,0.010065355152821032,0.016651280476848253
57.439746,700,23050.418083,False,0.0,0.0,0.0,0.0,0,0,0.010985374057064123,0.035305812113881396
433.991145,700,23071.410516,False,1.0,1.0,1.0,0.0,24,2,0.09437746123419877,0.008597630242709101
470.916983,700,23111.661994,False,0.0,0.0,0.0,0.0,0,0,0.01586602983847818,0.013915695563445385
473.969732,700,23144.580227,False,0.0,0.0,0.0,0.0,0,0,0.007393856882691452,0.002636152595055777
553.650153,700,23167.368427,False,1.0,1.0,1.0,0.0,77,2,0.06434329908847591,0.004774651338308912
452.699501,700,23187.948306,False,0.0,0.0,0.0,0.0,0,0,0.0050170395925099864,0.02409932317231054
446.927889,700,23213.463939,False,0.0,0.0,0.0,0.0,0,0,0.04216977207330619,0.014617994002395865
313.002119,700,23233.519024,False,0.0,0.0,0.0,0.0,0,0,0.04195269912780808,0.0019122690476426698
495.861153,700,23255.304265,False,1.0,1.0,1.0,0.0,479,5,0.05811606795097535,0.020404749629428506
418.407927,700,23286.446528,False,0.0,0.0,0.0,0.0,0,0,0.004840790880543455,0.020978502236504666
446.767648,700,23312.5348,False,1.0,1.0,1.0,0.0,31,1,0.05378185648366063,0.013835960884342855
475.76131,700,23335.148892,False,1.0,1.0,0.0,0.0,89,2,0.0516070284135568,0.0061798777650091926
353.334823,700,23369.639157,False,1.0,1.0,0.0,0.0,80,2,0.030894146677419188,0.008787965316828966
434.926325,700,23399.112096,False,0.0,0.0,0.0,0.0,0,0,0.012448810166909685,0.005090914722132533
728.018052,700,23439.473897,False,1.0,1.0,1.0,0.0,24,6,0.10071232433954413,0.0032229173099275386
848.336719,700,23461.367924,False,1.0,1.0,1.0,0.0,18,6,0.0798529124793006,0.00482527853584497
774.071966,700,23481.368865,False,1.0,1.0,1.0,0.0,34,11,0.08711903966943269,0.00421331858706922
595.260276,700,23502.357641,False,1.0,1.0,1.0,0.0,24,1,0.06224876192457085,0.009555681763109296
424.383034,700,23528.862632,False,0.0,0.0,0.0,0.0,0,0,0.00859690575442007,0.02357532613196358
356.946459,700,23552.458063,False,1.0,1.0,1.0,0.0,53,3,0.07577365184155516,0.011470112790980216
339.705592,700,23578.273551,False,0.0,0.0,0.0,0.0,0,0,0.012619263949962267,0.010440708559045423
435.963353,700,23598.744467,False,0.0,0.0,0.0,0.0,0,0,0.022950311205074514,0.017036864073362745
412.556089,700,23624.237862,False,0.0,0.0,0.0,0.0,0,0,0.022450742546546887,0.033520925909764666
822.832609,700,23653.490024,False,1.0,1.0,1.0,0.0,44,2,0.07939932903340541,0.004226149035642525
463.809899,700,23672.474975,False,1.0,1.0,1.0,0.0,16,6,0.07643269050387547,0.005050588407650929
669.073053,700,23695.885544,False,1.0,1.0,1.0,0.0,18,6,0.10873579646528142,0.006766869077651031
516.310647,700,23717.549473,False,1.0,1.0,1.0,0.0,17,3,0.09225181053448084,0.0038504588434239134
391.089646,700,23735.469433,False,1.0,1.0,1.0,0.0,17,5,0.06360871614185837,0.004227833062522047
80.979053,700,23754.744529,False,0.0,0.0,0.0,0.0,0,0,0.0053968851966995635,0.033917236772292456
183.219207,700,23782.790529,False,1.0,1.0,1.0,0.0,34,1,0.0923952607296199,0.0042424576578691505
409.819257,700,23808.874233,False,1.0,1.0,0.0,0.0,47,1,0.03534976386199584,0.01698763697941031
760.944365,700,23825.492274,False,1.0,1.0,1.0,0.0,18,8,0.08637609354550213,0.011964607093799012
434.898604,700,23848.726307,False,0.0,0.0,0.0,0.0,0,0,0.001772290213927441,0.01696462824113636
295.717799,700,23875.420029,False,1.0,1.0,1.0,0.0,131,1,0.07476033613531119,0.011032460988883563
477.848424,700,23914.476991,False,1.0,1.0,1.0,0.0,165,1,0.05804967282737916,0.019886137711528
419.876238,700,23936.99573,False,0.0,0.0,0.0,0.0,0,0,0.007851656153973763,0.01850714551977433
594.911867,700,23962.027039,False,1.0,1.0,1.0,0.0,96,1,0.0764115055242015,0.016576096009385918
822.103397,700,23989.003399,False,1.0,1.0,1.0,0.0,68,3,0.08214201635192242,0.004493030508053982
447.353403,700,24011.888682,False,1.0,1.0,0.0,0.0,58,2,0.016737321997735477,0.008941699931030053
575.430479,700,24030.546624,False,1.0,1.0,1.0,0.0,31,1,0.07331519990020641,0.015309912021082544
689.068374,700,24061.815627,False,1.0,1.0,1.0,0.0,28,7,0.07637670031664479,0.003224276649521912
144.558839,700,24082.093394,False,1.0,1.0,0.0,0.0,22,1,0.035118852094953135,0.00845479324881003
355.591352,700,24101.371094,False,0.0,0.0,0.0,0.0,0,0,0.058416369232755616,0.036900123844376104
451.404616,700,24124.371751,False,0.0,0.0,0.0,0.0,0,0,0.0046966254475776514,0.03984985931212743
430.52471,700,24157.587237,False,0.0,0.0,0.0,0.0,0,0,0.015927281546530225,0.009486645026544853
362.69982,700,24174.729806,False,0.0,0.0,0.0,0.0,0,0,0.03286135312406324,0.014688282908247917
649.642097,700,24196.568379,False,1.0,1.0,1.0,0.0,43,3,0.07298220116568899,0.0025523919913882347
469.931415,700,24223.972323,False,1.0,1.0,1.0,0.0,53,5,0.2113982844996377,0.0008450014519601892
340.757782,700,24245.765689,False,1.0,1.0,1.0,0.0,256,2,0.13972805665424715,0.01737049490599216
892.302266,700,24269.526091,False,1.0,1.0,1.0,0.0,46,4,0.06811040024869408,0.001172697892441126
215.344459,700,24289.411189,False,1.0,1.0,1.0,0.0,22,1,0.060519367253724976,0.008057516141303256
480.883076,700,24317.455971,False,1.0,1.0,0.0,0.0,521,2,0.05081118971909948,0.012822583580774143
341.945774,700,24350.760019,False,0.0,0.0,0.0,0.0,0,0,0.003217871291484098,0.004701340018045769
439.309648,700,24377.406291,False,0.0,0.0,0.0,0.0,0,0,0.013519118834605548,0.015284835374795757
436.372725,700,24400.093052,False,0.0,0.0,0.0,0.0,0,0,0.005671334468526967,0.02361281826880772
832.568334,700,24420.785624,False,1.0,1.0,1.0,0.0,30,4,0.09136466986964342,0.005636790414464676
421.881942,700,24448.689261,False,1.0,1.0,0.0,0.0,26,1,0.010087275507249194,0.013362075591296112
591.36128,700,24471.037378,False,1.0,1.0,1.0,0.0,185,4,0.07195203063647193,0.010820331196548068
680.954938,700,24489.472054,False,1.0,1.0,1.0,0.0,42,8,0.11109548569073091,0.003247336711782482
461.63624,700,24508.121746,False,0.0,0.0,0.0,0.0,0,0,0.06717718148116958,0.01626313893230813
457.943399,700,24531.891033,False,1.0,1.0,0.0,0.0,77,1,0.041487669158207674,0.0041484797576037844
800.401509,700,24555.154384,False,1.0,1.0,1.0,0.0,29,4,0.0942320078109351,0.0056956386293593834
492.963592,700,24580.494611,False,1.0,1.0,1.0,0.0,37,3,0.05618891397915593,0.008063035450496449
812.931151,700,24601.760757,False,1.0,1.0,1.0,0.0,20,1,0.06916107516288739,0.01669926698141847
940.024624,700,24622.977675,False,1.0,1.0,1.0,0.0,19,3,0.09266614092805836,0.005988529244606567
522.074059,700,24652.318212,False,1.0,1.0,1.0,0.0,74,1,0.08831306189465782,0.009535765338774307
468.310872,700,24676.106049,False,0.0,0.0,0.0,0.0,0,0,0.01185999158499218,0.007470139093103296
564.649695,700,24711.023362,False,1.0,1.0,1.0,0.0,54,1,0.08106771461645512,0.006380343312073688
341.545304,700,24731.507615,False,1.0,1.0,1.0,0.0,140,1,0.06513263739556163,0.021027785525735674
598.951386,700,24760.490659,False,1.0,1.0,1.0,0.0,55,5,0.06725191039459322,0.00933967646258381
484.618786,700,24780.875186,False,1.0,1.0,1.0,0.0,172,1,0.05772167217917257,0.008992727581909775
474.004455,700,24798.907344,False,0.0,0.0,0.0,0.0,0,0,0.0328817625338641,0.004729851810601083
443.04521,700,24830.200055,False,0.0,0.0,0.0,0.0,0,0,0.014472916694266091,0.023903222876275297
137.837375,700,24851.397621,False,1.0,1.0,0.0,0.0,39,2,0.009988516472629994,0.024071683152417884
485.101556,700,24868.733013,False,0.0,0.0,0.0,0.0,0,0,0.012327685411370637,0.008099922416522241
903.886562,700,24898.874783,False,1.0,1.0,1.0,0.0,22,5,0.08212823467068775,0.007476144121852386
709.096558,700,24925.373214,False,1.0,1.0,1.0,0.0,51,2,0.09881594874764976,0.010991037810156923
545.926353,700,24946.306332,False,1.0,1.0,1.0,0.0,99,5,0.07735395455210825,0.018380901829819024
944.708412,700,24967.83497,False,1.0,1.0,1.0,0.0,43,3,0.07471607678435133,0.004176008768181628
458.940036,700,24996.458766,False,0.0,0.0,0.0,0.0,0,0,0.009005758073146408,0.016329515373976
447.109998,700,25022.337545,False,1.0,1.0,0.0,0.0,31,1,0.02566723020070283,0.01750635934048442
601.606784,700,25053.731344,False,1.0,1.0,1.0,0.0,29,2,0.07957353229493291,0.010043239450865975
350.98246,700,25079.703699,False,1.0,1.0,1.0,0.0,43,2,0.06896553292882068,0.02039682228627971
661.379034,700,25103.097355,False,1.0,1.0,1.0,0.0,24,2,0.07470711941591868,0.01557187269171538
118.420008,700,25122.754582,False,0.0,0.0,0.0,0.0,0,0,0.0074444320497187855,0.01806626742493467
178.732955,700,25148.489061,False,0.0,0.0,0.0,0.0,0,0,0.00975004065832874,0.028885683580655665
364.087782,700,25171.000013,False,1.0,1.0,1.0,0.0,125,1,0.0834295479382543,0.0014856634279458803
832.619908,700,25193.672022,False,1.0,1.0,1.0,0.0,29,4,0.07576087487118366,0.006308524861449099
117.943872,700,25219.689487,False,0.0,0.0,0.0,0.0,0,0,0.030596991202462065,0.022625616326331317
451.390149,700,25243.997855,False,1.0,1.0,0.0,0.0,18,1,0.01572442703093735,0.010570533335580225
445.889618,700,25275.751904,False,1.0,1.0,0.0,0.0,317,1,0.09480106464101945,0.009325575268772139
615.244843,700,25295.160496,False,1.0,1.0,1.0,0.0,23,4,0.06520961206125286,0.002910801147676431
461.156426,700,25314.973737,False,1.0,1.0,0.0,0.0,66,1,0.011771500708068094,0.008206402844684555
483.119332,700,25342.544485,False,1.0,1.0,1.0,0.0,14,3,0.0663151659912039,0.015978966675609045
294.721652,700,25360.095643,False,0.0,0.0,0.0,0.0,0,0,0.01491017931252181,0.022193722851468683
470.207108,700,25391.607289,False,1.0,1.0,1.0,0.0,17,2,0.08127721491583317,0.010561475919088606
293.736708,700,25414.109109,False,1.0,1.0,1.0,0.0,80,1,0.05926662066666244,0.0040562572475622595
968.965132,700,25436.10111,False,1.0,1.0,1.0,0.0,56,5,0.07770075943314447,0.006643944727104363
218.932459,700,25468.407501,False,1.0,1.0,1.0,0.0,29,3,0.07120214353657517,0.009728079083158217
582.855641,700,25487.512758,False,1.0,1.0,1.0,0.0,98,2,0.0761521031710557,0.00724677392615825
636.693414,700,25507.354979,False,1.0,1.0,1.0,0.0,15,5,0.10022603654177764,0.0033337928570290666
288.582217,700,25526.3037,False,1.0,1.0,1.0,0.0,118,2,0.06529299100668318,0.011425735275871629
518.804672,700,25551.917731,False,1.0,1.0,1.0,0.0,36,1,0.07765780899314922,0.01721388471851709
447.452889,700,25571.568777,False,1.0,1.0,1.0,0.0,24,1,0.0702255827137942,0.021634157122474837
829.89253,700,25592.110027,False,1.0,1.0,1.0,0.0,79,3,0.08674971979194801,0.007671443919970447
920.752071,700,25611.196662,False,1.0,1.0,1.0,0.0,21,7,0.0747506904778612,0.003848470406855392
322.220568,700,25635.16382,False,1.0,1.0,0.0,0.0,281,1,0.006808110755123553,0.016654341414507178
671.646536,700,25652.609896,False,1.0,1.0,1.0,0.0,345,5,0.07127927294685621,0.006690233807813129
664.443942,700,25677.076704,False,1.0,1.0,1.0,0.0,39,4,0.07820999104298043,0.008579365170577556
461.415774,700,25695.266227,False,1.0,1.0,0.0,0.0,371,1,0.0073362207886147335,0.00469429820144115
527.253076,700,25717.548688,False,1.0,1.0,1.0,0.0,26,1,0.07007443139635638,0.005460389008788844
521.126891,700,25746.418718,False,1.0,1.0,0.0,0.0,197,2,0.046572806809334955,0.005913675857442736
720.179011,700,25769.687865,False,1.0,1.0,1.0,0.0,48,5,0.0743420732477853,0.008642729106104134
471.413143,700,25795.42383,False,1.0,1.0,1.0,0.0,64,12,0.07517811126608298,0.0033153192925531832
862.298818,700,25817.496273,False,1.0,1.0,1.0,0.0,28,5,0.08284243034997951,0.0053790923579266165
484.882624,700,25841.779511,False,0.0,0.0,0.0,0.0,0,0,0.027786056961101147,0.009863459397135321
449.76927,700,25861.982021,False,0.0,0.0,0.0,0.0,0,0,0.004899130498467241,0.022000217655290703
471.794348,700,25895.263997,False,0.0,0.0,0.0,0.0,0,0,0.02009008733551354,0.009428407270854745
423.67414,700,25925.928474,False,0.0,0.0,0.0,0.0,0,0,0.007814220246371684,0.015127631526793434
426.843842,700,25946.226311,False,1.0,1.0,1.0,0.0,62,3,0.06816682231494486,0.0033928029147575504
455.770207,700,25966.492336,False,0.0,0.0,0.0,0.0,0,0,0.015536228536495389,0.007197613806444021
452.597188,700,25985.893999,False,0.0,0.0,0.0,0.0,0,0,0.005793104124364512,0.020494529835723176
435.43474,700,26009.164473,False,0.0,0.0,0.0,0.0,0,0,0.005038495181200808,0.023488480418681294
791.854316,700,26032.77174,False,1.0,1.0,1.0,0.0,23,2,0.06900757769378119,0.0019348604812207651
653.273832,700,26059.194032,False,1.0,1.0,1.0,0.0,23,3,0.07705114457734097,0.008248406204082664
535.131919,700,26076.261499,False,1.0,1.0,1.0,0.0,17,7,0.08281619788497163,0.011104210723547062
768.991198,700,26100.314761,False,1.0,1.0,1.0,0.0,30,7,0.07087406400991358,0.003926813522023725
536.707169,700,26123.84039,False,1.0,1.0,1.0,0.0,33,3,0.08164012395586806,0.011984672229943134
434.735567,700,26149.119824,False,1.0,1.0,0.0,0.0,15,2,0.03408798041179295,0.029589902403970147
335.62986,700,26171.404386,False,1.0,1.0,1.0,0.0,54,2,0.09126348167381093,0.006727589083353956
997.370443,700,26200.366962,False,1.0,1.0,1.0,0.0,55,3,0.07432257274731124,0.006777549418486017
368.487567,700,26232.686501,False,1.0,1.0,1.0,0.0,24,1,0.08373356421937361,0.017854801298900977
482.88399,700,26256.856781,False,1.0,1.0,1.0,0.0,18,7,0.07338656784979125,0.013639016109949508
422.171002,700,26282.128539,False,1.0,1.0,0.0,0.0,83,1,0.026114206817527963,0.006435043429383876
475.843559,700,26303.960168,False,1.0,1.0,1.0,0.0,187,1,0.06642409016496464,0.018568152949747743
950.756662,700,26327.409553,False,1.0,1.0,1.0,0.0,24,5,0.07859102473451096,0.0010182697899320985
872.310071,700,26346.502853,False,1.0,1.0,1.0,0.0,30,5,0.08156448950701267,0.010805900157901739
453.114512,700,26367.694045,False,1.0,1.0,1.0,0.0,35,1,0.0841627316175716,0.01346960062492811
514.706523,700,26409.693861,False,1.0,1.0,1.0,0.0,20,4,0.06860257753845789,0.00848011963759139
464.82109,700,26427.869628,False,1.0,1.0,1.0,0.0,38,2,0.08718247062397988,0.007622170330701309
612.963336,700,26447.03001,False,1.0,1.0,1.0,0.0,61,1,0.07342448660240186,0.011153123469534289
481.686826,700,26469.375694,False,1.0,1.0,1.0,0.0,95,3,0.06196757175908496,0.0012561058790325362
389.92461,700,26492.790815,False,1.0,1.0,1.0,0.0,34,4,0.07053757420767215,0.011879918972931213
770.197784,700,26511.049198,False,1.0,1.0,1.0,0.0,24,1,0.08797800077318252,0.01045088732274028
607.10174,700,26540.673183,False,1.0,1.0,1.0,0.0,460,1,0.08595867804702684,0.006551464723337699
445.286154,700,26566.560474,False,0.0,0.0,0.0,0.0,0,0,0.003290183871013652,0.027954491264725597
502.01996,700,26586.084219,False,1.0,1.0,1.0,0.0,38,3,0.13837450577145827,0.00890955398791984
462.619437,700,26605.794733,False,0.0,0.0,0.0,0.0,0,0,0.013236216005475643,0.00877816682435157
555.181389,700,26625.845963,False,1.0,1.0,1.0,0.0,33,2,0.08311123339821025,0.019358074283891157
1055.767378,700,26644.344907,False,1.0,1.0,1.0,0.0,32,2,0.07716257671176319,0.005139338181548119
781.555102,700,26665.74064,False,1.0,1.0,1.0,0.0,22,7,0.07768722502772762,0.008302548645539544
542.136823,700,26695.687953,False,1.0,1.0,1.0,0.0,25,4,0.06162357028691723,0.010306174841133258
808.369115,700,26719.379304,False,1.0,1.0,1.0,0.0,29,6,0.06202473038958678,0.004851557221904178
651.804468,700,26747.996869,False,1.0,1.0,1.0,0.0,357,1,0.11421375065804484,0.00402112608386641
468.87445,700,26776.648236,False,0.0,0.0,0.0,0.0,0,0,0.004798633350394432,0.011953357087182969
460.281772,700,26808.373549,False,1.0,1.0,0.0,0.0,163,1,0.026761656188433736,0.010318477193663475
328.50351,700,26825.8083,False,0.0,0.0,0.0,0.0,0,0,0.009488989434639383,0.009481313501781633
529.100468,700,26857.726481,False,1.0,1.0,1.0,0.0,130,4,0.081935796109874,0.007075779580572565
357.939251,700,26880.667151,False,1.0,1.0,0.0,0.0,558,1,0.01449471273311631,0.012755718085186739
783.626607,700,26903.947337,False,1.0,1.0,1.0,0.0,32,1,0.07127440018815556,0.008451250927592772
998.852292,700,26927.14032,False,1.0,1.0,1.0,0.0,16,8,0.07576922041290401,0.002405016614059717
232.812505,700,26961.80813,False,1.0,1.0,1.0,0.0,25,3,0.07746892844437181,0.009211622269876688
659.299589,700,26981.25205,False,1.0,1.0,1.0,0.0,23,1,0.0700312195528573,0.006914981969598628
454.673708,700,27008.896411,False,0.0,0.0,0.0,0.0,0,0,0.02470330283319455,0.012175585894585296
439.124839,700,27030.60853,False,0.0,0.0,0.0,0.0,0,0,0.01980738170952756,0.01727330826821166
520.043253,700,27052.297669,False,1.0,1.0,0.0,0.0,199,7,0.03299171375433119,0.00339929286633509
697.820039,700,27078.539948,False,1.0,1.0,1.0,0.0,37,10,0.069985180636716,0.003354715410350454
110.066328,700,27102.923937,False,1.0,1.0,0.0,0.0,16,1,0.025776644853151454,0.016432527881021584
527.579381,700,27129.31756,False,1.0,1.0,1.0,0.0,217,2,0.0595482025777353,0.0061777261974284
926.534072,700,27150.862061,False,1.0,1.0,1.0,0.0,105,3,0.08052761821758903,0.006004216472033759
653.882487,700,27178.644377,False,1.0,1.0,1.0,0.0,183,2,0.117360742450763,0.009949744035393419
1048.778366,700,27214.446355,False,1.0,1.0,1.0,0.0,35,1,0.0775437518846197,0.0018790427265246883
435.314334,700,27237.652004,False,0.0,0.0,0.0,0.0,0,0,0.003142130671530463,0.030114811538970575
472.033435,700,27271.160101,False,1.0,1.0,1.0,0.0,46,3,0.061012680687544174,0.01026275184515118
905.376336,700,27290.442461,False,1.0,1.0,1.0,0.0,17,3,0.06255965192446711,0.013637045818501971
330.266446,700,27315.621156,False,1.0,1.0,1.0,0.0,20,1,0.06263855171201305,0.022899917180833302
398.454103,700,27337.545032,False,0.0,0.0,0.0,0.0,0,0,0.024935255253740518,0.027850706749580973
507.215498,700,27357.219597,False,1.0,1.0,1.0,0.0,136,2,0.08352727132263182,0.016366174906110375
306.521402,700,27380.215297,False,0.0,0.0,0.0,0.0,0,0,0.024945241647971628,0.030167284313923556
789.69434,700,27401.173992,False,1.0,1.0,1.0,0.0,29,3,0.065970865566635,0.009345859950011673
823.000632,700,27424.887617,False,1.0,1.0,1.0,0.0,37,6,0.06320126135883397,0.0038665859617284634
406.692368,700,27447.056853,False,0.0,0.0,0.0,0.0,0,0,0.011043666434308652,0.02424872143647723
511.616435,700,27472.920669,False,1.0,1.0,1.0,0.0,104,6,0.050060768781336695,0.008388380953048226
321.109816,700,27498.604351,False,1.0,1.0,0.0,0.0,71,2,0.02470300866142272,0.010297588336790259
976.003502,700,27518.633325,False,1.0,1.0,1.0,0.0,19,5,0.07055224489288425,0.00424628822885681
365.464368,700,27535.665473,False,0.0,0.0,0.0,0.0,0,0,0.011939036627968691,0.0227834604314236
557.374906,700,27557.921189,False,1.0,1.0,1.0,0.0,453,3,0.08279066383077072,0.006576290747928666
439.016478,700,27579.623563,False,0.0,0.0,0.0,0.0,0,0,0.006136750941020952,0.025187961275037106
520.301802,700,27597.63381,False,1.0,1.0,1.0,0.0,25,1,0.07319353505438109,0.010422477080024426
556.168405,700,27621.448222,False,1.0,1.0,1.0,0.0,25,4,0.08740764417108016,0.009397098304921522
686.453711,700,27642.981623,False,1.0,1.0,1.0,0.0,381,1,0.08681694403484153,0.0026356018231059623
937.111858,700,27662.667095,False,1.0,1.0,1.0,0.0,51,6,0.0752204184353148,0.0029245418816864774
1086.034381,700,27681.960166,False,1.0,1.0,1.0,0.0,18,2,0.07407938113612234,0.0037906571472251806
591.88697,700,27708.970793,False,1.0,1.0,1.0,0.0,48,2,0.07139590050096822,0.007472621734753846
505.026885,700,27727.605917,False,1.0,1.0,0.0,0.0,57,2,0.021573558134493243,0.002932204623203512
431.751328,700,27758.582036,False,0.0,0.0,0.0,0.0,0,0,0.0020469185621618813,0.03840890698562064
423.396886,700,27779.774821,False,1.0,1.0,0.0,0.0,272,1,0.03948851325608016,0.0113006793317694
779.873489,700,27803.007137,False,1.0,1.0,1.0,0.0,92,8,0.05736243733706925,0.006237720903257467
432.480248,700,27820.838933,False,0.0,0.0,0.0,0.0,0,0,0.014760999666105556,0.005860480964674808
797.738884,700,27847.824159,False,1.0,1.0,1.0,0.0,150,3,0.08721749520516542,0.0034142758268887654
450.847042,700,27865.510301,False,0.0,0.0,0.0,0.0,0,0,0.024664744068155886,0.01805125754303421
987.721261,700,27887.517993,False,1.0,1.0,1.0,0.0,29,4,0.07159866546813809,0.004819367514911679
429.242664,700,27909.449376,False,0.0,0.0,0.0,0.0,0,0,0.046806323093308566,0.011360278218717344
367.229519,700,27945.328436,False,0.0,0.0,0.0,0.0,0,0,0.0391126607993334,0.008433004491407554
884.03519,700,27963.917895,False,1.0,1.0,1.0,0.0,54,1,0.07710296988945098,0.006820589629315281
582.072909,700,28001.966253,False,1.0,1.0,1.0,0.0,109,5,0.08299259976251105,0.00695072727055446
490.088469,700,28022.178816,False,1.0,1.0,1.0,0.0,52,1,0.0824276067765638,0.025297240153139132
387.043063,700,28055.584039,False,0.0,0.0,0.0,0.0,0,0,0.01413983513755912,0.020030841297733026
652.984168,700,28079.322595,False,1.0,1.0,1.0,0.0,96,1,0.07665790365522174,0.007220028486629611
407.763823,700,28103.875654,False,1.0,1.0,1.0,0.0,14,3,0.07735082724865983,0.019897425714932485
958.080499,700,28142.786044,False,1.0,1.0,1.0,0.0,97,2,0.06808305495535727,0.005119918303359888
454.645515,700,28169.694801,False,1.0,1.0,0.0,0.0,13,1,0.012375186746776512,0.01913321917287313
430.109941,700,28189.449744,False,1.0,1.0,1.0,0.0,25,1,0.06492729879243919,0.011044004279446816
414.940189,700,28217.40453,False,1.0,1.0,0.0,0.0,19,1,0.01315112870623003,0.015874148438311943
823.499115,700,28241.642565,False,1.0,1.0,1.0,0.0,29,6,0.08433027624941614,0.007691890628678506
543.657842,700,28266.990045,False,1.0,1.0,1.0,0.0,114,4,0.0559361993137204,0.006631813927456436
459.115082,700,28296.884053,False,0.0,0.0,0.0,0.0,0,0,0.02474331266906815,0.015352406515194397
853.534398,700,28318.081581,False,1.0,1.0,1.0,0.0,19,1,0.07135121314924664,0.005739248741452073
261.112815,700,28351.921756,False,1.0,1.0,1.0,0.0,48,1,0.06745474803040352,0.013555635194258004
593.491948,700,28378.246681,False,1.0,1.0,1.0,0.0,85,3,0.07264732051138778,0.004272891603254333
776.284729,700,28400.605449,False,1.0,1.0,1.0,0.0,29,2,0.06426285384649721,0.00996090054391854
507.60266,700,28425.089942,False,1.0,1.0,1.0,0.0,126,2,0.07494645530656618,0.007836152474563715
763.581036,700,28447.387062,False,1.0,1.0,1.0,0.0,17,5,0.08256170916888461,0.006284918586607038
525.625729,700,28473.321292,False,1.0,1.0,1.0,0.0,38,2,0.09477695299603672,0.01160874704797326
451.330031,700,28497.318122,False,0.0,0.0,0.0,0.0,0,0,0.015560100259525034,0.009036119214563133
