timestep,ep_rew_mean,ep_len_mean,success_rate,min_dist_avg_cm,apple_variance_cm,apple_max_lift_cm,apple_max_drop_cm,z_range_cm,final_apple_z_m,final_gripper_open,open_dist_cm,release_dist_cm,n_episodes
195001,225.884,250.0,0.97,99900.0,0.0,0.0,0.0,0.0,0.0,0.0,-1.0,-1.0,100
195250,221.066,250.0,0.96,46.4322954416275,36.894217133522034,36.38494610786438,34.54388976097107,36.67142987251282,0.9504494667053224,0.0,46.25999440056409,46.97493612766266,100
195500,216.31099999999995,250.0,0.95,38.58150988817215,35.79375743865967,34.480881690979004,33.912357687950134,34.97612774372101,0.9504581689834596,0.0,38.481195869630966,41.35242849588394,100
195750,211.5245,250.0,0.94,38.36495379606883,54.79039351145426,34.97255742549896,52.27842330932617,53.46441864967346,0.7708843350410461,0.0,39.56256300382243,38.8648917277654,100
196000,206.66,250.0,0.93,37.80234530568123,51.72969624400139,36.34352087974548,48.44934642314911,50.36630630493164,0.8157767057418823,0.0,38.62038794428454,39.32882398366928,100
196250,203.035,250.0,0.92,34.29457277059555,49.91773724555969,35.9933465719223,45.95390856266022,47.48747944831848,0.8426521420478821,0.2,34.801064960216365,38.725608587265015,100
196500,198.3405,250.0,0.91,33.787430077791214,48.262977600097656,35.684144496917725,44.08509433269501,45.36306858062744,0.860542356967926,0.3333333333333333,34.21349257157387,39.79485084613164,100
196750,193.476,250.0,0.9,34.037694122110096,46.684481842177256,35.37726402282715,42.71879494190216,43.81420314311981,0.8733887672424316,0.2857142857142857,34.21061168979366,40.69090698446546,100
197000,189.9425,250.0,0.9,32.54071082919836,46.688053384423256,34.9262535572052,41.5315568447113,42.49003529548645,0.8829360008239746,0.375,32.624416620544594,41.52056872844696,100
197250,186.313,250.0,0.89,31.937460601329803,45.41253977351719,34.65774655342102,40.6089723110199,41.46095514297485,0.8904379606246948,0.4444444444444444,31.82931001098684,40.97425308492448,100
197500,186.317,250.0,0.89,30.084811449050903,45.45936644077301,34.52451825141907,39.88943696022034,40.65621793270111,0.896440863609314,0.4,29.42088031488067,40.037623047828674,100
197750,185.5095,250.0,0.88,28.503555194898084,45.14750269326297,34.264397621154785,39.14956152439117,39.84663784503937,0.9013612866401672,0.4545454545454545,27.654396534574804,39.12972726605155,100
198000,181.9565,250.0,0.87,28.406300023198128,44.97031420469284,34.241434931755066,38.74530792236328,39.38429355621338,0.9053954482078552,0.5,27.4714374539538,40.04713520407677,100
198250,180.777,250.0,0.86,27.43790642573284,45.79961391595694,34.27691161632538,38.508301973342896,39.09813463687897,0.9088614583015442,0.5384615384615384,26.28169301252023,39.56101467976204,100
198500,178.26199999999997,250.0,0.85,26.60857864788601,45.51388323307037,34.26600992679596,38.20546269416809,38.75316679477692,0.9118497967720032,0.5714285714285714,25.170649028866364,38.28256587897028,100
198750,174.833,250.0,0.84,26.39085054397583,44.87008035182953,34.05420184135437,37.7581000328064,38.26928734779358,0.9144242405891418,0.6,24.88213072600388,37.98434803883234,100
199000,171.31149999999997,250.0,0.83,25.174178602173924,45.85889969021082,34.03075635433197,37.607502937316895,38.08674514293671,0.9166374206542968,0.625,24.54592990523328,37.57020244374871,100
199250,171.29149999999998,250.0,0.83,24.18808722320725,46.12368257606731,34.099411964416504,37.355586886405945,37.806636095047,0.9197037816047668,0.5882352941176471,23.281137565624867,36.42902041182799,100
199500,167.21200000000002,250.0,0.82,24.565805453393192,45.91841515567568,34.028494358062744,37.12744414806366,37.55343854427338,0.9213858842849731,0.6048050324122111,23.643293318265137,37.14834849039714,100
199750,163.64100000000002,250.0,0.81,24.33828025272018,45.68714907294826,33.90054106712341,36.8545800447464,37.25815415382385,0.9229183197021484,0.6256047675484105,23.294825097983203,37.14212539948915,100
200000,160.01000000000002,250.0,0.8,23.83118275552988,46.4461675286293,33.924636244773865,36.75964176654816,37.14303374290466,0.924260914325714,0.64432452917099,23.369063401363487,36.67173534631729,100
200250,151.32231355,250.0,0.79,23.315367421933583,47.920580137343634,33.931055665016174,36.63699924945831,37.00213730335236,0.9254280924797058,0.6612614563533238,24.01632195340378,35.95478555985859,100
200500,145.11845026999998,250.0,0.78,23.334954441948373,47.40066650238904,33.90017747879028,36.502864956855774,36.85140609741211,0.9265661835670472,0.6766586628827181,23.967788942607864,35.64131483435631,100
200750,139.22288703,250.0,0.77,23.361436731141545,47.32560761596846,33.9189350605011,36.45563423633576,36.789023876190186,0.9275783896446228,0.6472387210182522,24.03141702989061,35.70502730815307,100
201000,140.92655826999996,250.0,0.76,22.622867254540324,48.24141301214695,33.96275043487549,36.31281554698944,36.63230836391449,0.9293441772460938,0.6619371076424917,23.10464942619595,35.06132022788127,100
201250,140.36813819,250.0,0.75,22.4516688734293,48.22828018665314,33.96488428115845,36.23536825180054,36.5420788526535,0.9301615357398988,0.675459623336792,22.73757627742085,35.00456672906876,100
201500,133.61841347,250.0,0.74,22.59328057273076,47.82264668207903,33.92183184623718,36.118268966674805,36.41318678855896,0.9309651255607604,0.6879419455161462,22.81901783236724,35.18205474202449,100
201750,127.85316782,250.0,0.73,22.649076153282767,47.51834284376215,33.91338586807251,36.03556156158447,36.31955683231354,0.9316052198410034,0.6624626142007334,22.79133374457027,35.220174822542404,100
202000,123.55121973,250.0,0.72,22.44239504049932,47.74302893451282,33.84703993797302,35.89456081390381,36.1684113740921,0.9322782158851624,0.6388032351221357,22.609571880743243,35.21737206195082,100
202250,118.78372022000002,250.0,0.71,22.46638172916297,47.37545827339436,33.80004167556763,35.785481333732605,36.04988753795624,0.9328814148902892,0.6512582959799931,22.518012215269184,34.96071197863283,100
202500,114.26684476,250.0,0.7,22.38930946836869,47.13833431402843,33.83210301399231,35.77313423156738,36.028727889060974,0.9334671497344972,0.6628830194473266,22.411821596523364,34.74008306860924,100
202750,107.40064499000002,250.0,0.69,22.5016450329173,46.78837906929754,33.77545773983002,35.69802641868591,35.94537675380707,0.934032678604126,0.6414996962393483,22.488767804196595,34.663865883504194,100
203000,102.82125838,250.0,0.68,22.514688421506435,46.701030526310205,33.784860372543335,35.65935492515564,35.898977518081665,0.9345247745513916,0.6527028307318687,22.394501642439657,34.493547631427646,100
203250,98.86961105,250.0,0.67,22.4473578121626,46.37260400887692,33.74190330505371,35.57707965373993,35.80944240093231,0.9350072741508484,0.6632269873763575,22.262980744473232,34.34982376568245,100
203500,94.08342605,250.0,0.66,22.27157596498728,46.28582149744034,33.701881766319275,35.484328866004944,35.70985496044159,0.9354481101036072,0.6731320759829353,22.197469675370264,33.85933383422739,100
203750,91.23468317,250.0,0.65,21.817692805613788,47.15972023350852,33.69917869567871,35.392895340919495,35.61197817325592,0.9364317655563354,0.6538997309548514,21.897408283207835,33.63142022064754,100
204000,92.50048960000002,250.0,0.64,21.352744288742542,47.48080232077175,33.70985984802246,35.305944085121155,35.51894426345825,0.9373155236244202,0.6635136273172166,21.36776278108988,32.836989572064745,100
204250,89.35546719000001,250.0,0.63,21.01177520848609,47.98368207506231,33.72473120689392,35.24377644062042,35.45101881027222,0.9381827116012572,0.6693713052852733,21.24920135611764,32.36275710970969,100
204500,87.62179867000003,250.0,0.62,20.493803604653007,48.35217320605329,33.72463285923004,35.16883850097656,35.37062704563141,0.9388614296913148,0.6517562709356609,20.94818475469369,31.63748256077892,100
204750,83.31730577000003,250.0,0.61,20.245485982069603,48.8942231123264,33.70412588119507,35.115352272987366,35.31196415424347,0.9391587376594543,0.660685597321926,20.87778704687414,31.129637876382244,100
205000,78.59774435000003,250.0,0.6,19.94242234155536,51.0268484801054,34.020477533340454,35.08903980255127,35.59904396533966,0.939401626586914,0.6441684573888778,22.272732821766,31.346148531883955,100
205250,74.18669658,250.0,0.59,19.843843452087263,50.7973271899107,34.00479555130005,35.06801426410675,35.56557893753052,0.9396538138389589,0.6284570315989052,22.11758814898656,30.992411749392023,100
205500,75.15211307,250.0,0.58,19.56732102802821,51.01595996391206,33.990901708602905,35.00339984893799,35.48911809921265,0.9404129981994628,0.6373032927513123,21.729078282503902,30.85813378649099,100
205750,73.06229650000002,250.0,0.57,19.455863777981246,50.968317860780765,33.968985080718994,34.95807349681854,35.432496666908264,0.9406501650810242,0.6224822859431423,21.588103272731185,30.565739630959754,100
206000,68.42234365,250.0,0.56,19.436708770015024,51.031405885111205,34.02913808822632,35.01192331314087,35.47556400299072,0.940866231918335,0.6083349612626162,21.53168286454993,30.7047876952724,100
206250,69.02933353,250.0,0.55,19.193123082319897,50.997929241922165,34.05025005340576,34.971776604652405,35.42511463165283,0.9414640069007874,0.6170386287901136,21.11057530401904,30.359368903769383,100
206500,62.05263449000001,250.0,0.54,19.4307428015315,50.88186665721561,34.052544832229614,34.98125970363617,35.42473912239075,0.941646158695221,0.6253638759903286,21.375284895705533,30.8712007396895,100
206750,56.39590463000001,250.0,0.53,19.26164592200137,50.93250756568097,34.118813276290894,35.02924144268036,35.46328544616699,0.9418335556983948,0.6120582616075556,21.46454252790646,31.01019876751494,100
207000,48.51521496,250.0,0.52,19.13340690856179,51.33241812388102,34.100040793418884,35.00133752822876,35.426339507102966,0.9419925212860109,0.6201403811573982,21.73874687244001,31.15055131105085,100
207250,44.04509396,250.0,0.51,18.80571550632618,51.568754108584656,34.10973846912384,34.99444127082825,35.4107677936554,0.9421513080596924,0.627892618276635,21.693330755771782,30.75721177215479,100
207500,36.48532896,250.0,0.5,18.841707084327936,51.60202956199647,34.16745364665985,35.05908250808716,35.470375418663025,0.9423037171363832,0.6353347659111023,21.774300863293984,30.82341019809246,100
207750,37.41324056,250.0,0.49,18.50489674172565,51.91239399068496,34.19145941734314,35.033756494522095,35.43698489665985,0.94285786151886,0.6424850646187278,21.540238208405032,30.63196740021892,100
208000,38.35587722,250.0,0.48,18.23632637253748,51.98792448410621,34.23741161823273,35.024839639663696,35.42031645774841,0.9433819055557252,0.6493603518375983,21.16103899138412,30.487800002671207,100
208250,39.99860983999999,250.0,0.47,18.053181051223905,51.94756962218374,34.22239422798157,34.95825231075287,35.34626364707947,0.9438741207122804,0.6559761942557569,20.817993571470144,30.350753763374293,100
208500,34.47526895,250.0,0.46,17.943425079876626,52.10170922455964,34.21660959720612,34.939271211624146,35.32009720802307,0.9439833760261536,0.6623470054732429,20.82737687903952,30.36575636102093,100
208750,33.014101960000005,250.0,0.45,17.91529050266201,52.219891873272985,34.25639867782593,34.977126121521,35.35652160644531,0.944089949131012,0.6503043326464566,20.679405746262496,30.30161531134085,100
209000,30.71063091,250.0,0.44,17.621329509919242,52.33320466109684,34.234896302223206,34.921178221702576,35.29379963874817,0.9445520043373108,0.6565488981349128,20.388816774233018,29.858533552448662,100
209250,27.15899908,250.0,0.43,17.482036721418826,52.666656280818735,34.24445688724518,34.92496311664581,35.291045904159546,0.9446444511413574,0.6625743560623705,20.33450025490132,29.663363955261413,100
209500,20.43510014,250.0,0.42,17.387594028921992,53.02645266056061,34.26550030708313,34.93853509426117,35.29830873012543,0.9447150826454164,0.6683920395785364,20.40201295841266,29.67692672050205,100
209750,13.753093510000006,250.0,0.41,17.307908608878066,52.90246504848286,34.23094749450684,34.89181101322174,35.24548411369324,0.9448125958442688,0.6570633609416121,20.47490472649816,29.67585514031224,100
210000,14.58099436,250.0,0.4,17.113066331172984,52.82564664880434,34.200531244277954,34.816136956214905,35.163918137550354,0.9452498555183412,0.6627789715925853,20.21181084892998,29.478689997146528,100
210250,14.06495446,250.0,0.39,16.97769103052675,52.934918882416895,34.189027547836304,34.76773202419281,35.10981202125549,0.9456444978713988,0.6683071851730347,19.92942220901255,29.304685571887457,100
210500,8.75902839,250.0,0.38,16.84319053986861,53.246062272979366,34.1746598482132,34.75331366062164,35.089874267578125,0.9457058906555176,0.6736570692831471,19.94796184490814,29.454513585134865,100
210750,10.57565687,250.0,0.37,16.655572252495894,53.323113492556985,34.16137993335724,34.70012545585632,35.03134250640869,0.9460978507995604,0.6788371158024621,19.6893236627483,29.34931811713984,100
211000,12.67057489,250.0,0.36,16.503560097771697,53.46370586194098,34.14549231529236,34.64648127555847,34.972524642944336,0.9464914798736572,0.6838552858680487,19.41764952504101,29.389578819973394,100
211250,15.25734478,250.0,0.35,16.37721686122509,53.67734042497781,34.12937819957733,34.594470262527466,34.91549789905548,0.9468281269073486,0.6887190507008479,19.218718320650872,29.317318287033302,100
211500,15.402530649999996,250.0,0.34,16.2286830078246,53.67177413268522,34.129372239112854,34.589165449142456,34.9053293466568,0.9468759298324584,0.6782839135690168,19.034821763676018,29.077548911851466,100
211750,13.308224389999996,250.0,0.33,16.014511291104466,53.80516830664962,34.10158157348633,34.55663323402405,34.86807942390442,0.9469185471534728,0.6681602730679868,19.005216095397834,28.750939483740435,100
212000,8.360959269999995,250.0,0.32,15.901521250934286,53.992386907339096,34.08467769622803,34.53381061553955,34.84067618846893,0.9469611048698424,0.6730402690522811,19.02371829858244,28.433047382927995,100
212250,4.4150272399999935,250.0,0.31,15.892963616204431,54.09819280755692,34.06085968017578,34.52371954917908,34.826138615608215,0.9470032453536988,0.6777788158776104,19.003369296565573,28.71428116400173,100
212500,6.697917659999994,250.0,0.3,15.749176163226366,54.2014564360891,34.08000469207764,34.50878858566284,34.806886315345764,0.947355091571808,0.6823819756507874,18.84098555526913,28.42728865465948,100
212750,-0.7802419200000077,250.0,0.29,15.9214541709549,54.16954995041162,34.105491638183594,34.459057450294495,34.76942479610443,0.95009183883667,0.6868554689514805,18.989562317312696,28.68854776549507,100
213000,0.5524202999999932,250.0,0.28,15.816883160732688,54.15964652266767,34.11675989627838,34.44534540176392,34.751397371292114,0.9503703713417052,0.6912046985493766,18.765667066083573,28.5928208536158,100
213250,1.2356003599999943,250.0,0.27,15.698093846950629,54.179003099872645,34.1113805770874,34.409299492836,34.71116125583649,0.9506282210350036,0.6954347711719878,18.55470396251821,28.804359753450303,100
213500,-2.272474650000003,250.0,0.26,15.67312523068206,53.9805997867842,34.09635126590729,34.39137935638428,34.68916118144989,0.9506260752677916,0.6995505175075015,18.540935819143883,28.792370991731016,100
213750,-10.16868954,250.0,0.25,15.560417490700882,54.45838705698649,34.07237529754639,34.56042408943176,34.854236245155334,0.9486481547355652,0.7035565106074015,18.95752231618308,28.552343423167866,100
214000,-8.944207839999999,250.0,0.24,15.436856152097644,54.395578291855365,34.06606614589691,34.520283341407776,34.810230135917664,0.9489404559135436,0.6942991880994094,18.75635247516465,28.50362550173152,100
214250,-11.65127634,250.0,0.23,15.372334447290218,54.55895573287816,34.06597971916199,34.514111280441284,34.800294041633606,0.9489806294441224,0.6982693285137028,18.711791801270905,28.39185403442228,100
214500,-10.894029200000002,250.0,0.22,15.292025918666369,54.494937375569954,34.05689895153046,34.481725096702576,34.76423919200897,0.9491828680038452,0.7020329252267495,18.54628514183505,28.36093365286405,100
214750,-19.78161629,250.0,0.21,15.29159927622804,54.76536973367764,34.04615819454193,34.479114413261414,34.75805222988129,0.9491779804229736,0.7058046603504615,18.683135213158845,28.31973321735859,100
215000,-18.23786278,250.0,0.2,15.202935773413628,54.78074174374342,34.04923975467682,34.45177674293518,34.727224707603455,0.9494394063949584,0.7094821020960808,18.484653166433947,28.14156054984778,100
215250,-18.48087301,250.0,0.19,15.0951519585502,54.73218659559885,34.03376638889313,34.416189789772034,34.68823730945587,0.949694573879242,0.713068742810944,18.376028968933245,27.86410566833284,100
215500,-21.603406010000004,250.0,0.18,14.991284341256067,54.90152301584802,34.02698636054993,34.38224792480469,34.650978446006775,0.9499266147613524,0.7165679044839812,18.354218927692585,27.908741755456457,100
215750,-22.68393518,250.0,0.17,14.95852842702564,54.8602426267532,34.033480286598206,34.38475430011749,34.65024828910828,0.9499247670173644,0.7199827490082706,18.309717017073183,27.966215362749903,100
216000,-31.673200350000005,250.0,0.16,14.923002994397566,54.852852260782605,34.04267728328705,34.3906432390213,34.65297520160675,0.949923038482666,0.7233162877105531,18.441340491622444,28.09819123219876,100
216250,-38.929929060000006,250.0,0.15,14.982940517365934,54.88478004932404,34.03142690658569,34.38041806221008,34.63966250419617,0.9499213099479676,0.726571390208076,18.51732003661952,28.119361803812136,100
216500,-45.80546568,250.0,0.14,15.067870774154745,54.63393476120261,34.036096930503845,34.17506217956543,34.43129360675812,0.9519820213317872,0.729750792647517,18.560554382188418,28.181760065084283,100
216750,-52.799783180000006,250.0,0.13,15.03509584300477,54.83576682792312,34.03943479061127,34.17900204658508,34.432291984558105,0.951956570148468,0.7328571053757065,18.6316821958476,28.30653623945412,100
217000,-56.843248570000014,250.0,0.13,15.093872846442869,54.85009429129687,34.09734666347504,34.17857587337494,34.48992073535919,0.9519324898719788,0.7245291837237098,18.630565805474586,28.28176737847653,100
217250,-59.67424862000001,250.0,0.12,15.01451940641979,55.0964257690344,34.12013649940491,34.187814593315125,34.4956636428833,0.9521360993385316,0.7163884063784995,18.62013372953969,28.341693908311004,100
217500,-58.666243640000005,250.0,0.11,14.968763546397287,55.34527579943339,34.11467373371124,34.18366014957428,34.48808789253235,0.9521097540855408,0.7195396463076273,18.503156498753828,28.35865737663375,100
217750,-57.67045955,250.0,0.1,14.87266397779132,55.34437947220855,34.136730432510376,34.15961563587189,34.48547422885895,0.952293336391449,0.7226216282163348,18.335491277879463,28.387576194254905,100
218000,-56.30108356999999,250.0,0.09,14.729059550344296,55.32669846130454,34.14991796016693,34.152743220329285,34.47505831718445,0.9524744153022766,0.7256366105183311,18.207863137521542,28.27082303879054,100
218250,-54.40525529999998,250.0,0.08,14.672324115470534,55.34010343654181,34.16385054588318,34.14852023124695,34.46737229824066,0.9526522159576416,0.7285867544912523,18.12291113820249,28.185483733172056,100
218500,-52.11187072999999,250.0,0.08,14.551603796079435,55.410377649550746,34.32283103466034,34.14192199707031,34.60269272327423,0.9528283476829528,0.7208358315711326,17.951817303294803,28.087462278756693,100
218750,-56.85453450999999,250.0,0.07,14.64257742425329,55.42204430228785,34.33157801628113,34.15215313434601,34.60807502269745,0.9528034925460817,0.7237744017651206,17.978865135153505,28.04945255580701,100
219000,-64.48255739999999,250.0,0.06,14.738814829615876,55.30707764749726,34.363341331481934,33.97428095340729,34.45402681827545,0.9546034932136536,0.726651751746734,18.04068464334496,28.01175549005469,100
219250,-64.59244308000001,250.0,0.05,14.661301789594065,55.23602258913296,34.3502551317215,33.94562900066376,34.4204306602478,0.9547519683837892,0.7294697749246027,17.88732699664461,27.90890082563321,100
219500,-70.28246164,250.0,0.04,14.66968721919218,55.08803889459494,34.357792139053345,33.95957052707672,34.42952632904053,0.9547016620635986,0.7322302874253721,17.92840216853488,27.887940847752045,100
219750,-69.07856068999999,250.0,0.03,14.605026061863008,55.14056333387741,34.34736132621765,33.93513858318329,34.400346875190735,0.9548348188400269,0.734935031996833,17.770798900696473,27.75711894336373,100
220000,-76.00952326999999,250.0,0.02,14.56326469220221,55.34396737813949,34.31776165962219,33.910590410232544,34.37114655971527,0.9547841548919678,0.7375856816768647,17.834869057763164,27.69626924395561,100
220250,-70.90485213,250.0,0.02,14.176313208416106,55.61971870064736,34.286296367645264,33.88322591781616,34.32250618934631,0.954965353012085,0.7475856816768647,17.48191222809077,27.48131397366524,100
220500,-65.10267776999999,250.0,0.02,13.924796914681792,55.92142015695571,34.37592387199402,33.884188532829285,34.39256548881531,0.9552231431007384,0.7575856816768646,17.270465077643813,27.424412965774536,100
220750,-67.47099429999999,250.0,0.02,13.673129057511687,55.67867159843445,34.35940146446228,33.34052264690399,33.83459448814392,0.9606034755706788,0.7675856816768646,17.101349593852063,27.46896743774414,100
221000,-62.124147570000005,250.0,0.02,13.45931208692491,55.832963079214096,34.297025203704834,33.32880139350891,33.78177285194397,0.9606127142906188,0.7775856816768646,16.85504325530093,27.462846249341965,100
221250,-61.51572832000001,250.0,0.02,13.37826213054359,55.93458825349808,34.28499698638916,33.30376744270325,33.756741881370544,0.9606214761734008,0.7775856816768646,16.807192071673658,27.22456442564726,100
221500,-55.91132981,250.0,0.02,13.135485058650376,56.09958845376969,34.292054176330566,33.28722715377808,33.740195631980896,0.9607977271080016,0.7775856816768646,16.522554699741093,27.177640043199062,100
221750,-51.12496396,250.0,0.02,12.868141314014792,56.299330919981,34.30918753147125,33.276012539863586,33.728981018066406,0.9609786868095398,0.7775856816768646,16.206793044080502,27.016682498157024,100
222000,-51.534617270000005,250.0,0.02,12.81105031631887,56.33538755774497,34.32689309120178,33.28048288822174,33.73345136642456,0.960985779762268,0.7775856816768646,16.173864073844065,26.960542105138305,100
222250,-47.80928271,250.0,0.02,12.666084444150329,56.717008888721466,34.347426891326904,33.30710232257843,33.76007080078125,0.960978865623474,0.7769439548254014,15.98274583216078,26.80424740165472,100
222500,-53.80288959000001,250.0,0.01,12.674029579386117,56.75425913929939,34.36885476112366,33.32992196083069,33.78289043903351,0.9609740376472472,0.7869439548254014,16.128854744633678,26.868391238152984,100
222750,-58.79136301000001,250.0,0.01,12.693620672449468,56.75183352828026,34.39608812332153,33.356696367263794,33.809664845466614,0.9609878063201904,0.7869439548254014,16.247617202315137,26.856333218514923,100
223000,-61.73433822000001,250.0,0.01,12.622689863666892,56.83625501394272,34.36500430107117,33.322760462760925,33.775728940963745,0.9609876871109008,0.7869439548254014,16.227677623221297,26.67287080734968,100
223250,-63.795393210000015,250.0,0.01,12.61486223898828,56.72846964001656,34.34627950191498,33.30238461494446,33.75535309314728,0.9609808921813964,0.7869439548254014,16.304137203926373,26.71022786945105,100
223500,-57.97198325,250.0,0.01,12.539873672649266,56.98899969458579,34.346047043800354,33.28515291213989,33.73812139034271,0.961132287979126,0.7869439548254014,16.29277076065718,26.67732042819261,100
223750,-53.17750452,250.0,0.01,12.414367591962218,57.16738909482956,34.37778353691101,33.32661688327789,33.77958536148071,0.9611268639564514,0.7869439548254014,16.167236551217446,26.48070780187845,100
224000,-49.40726651999999,250.0,0.01,12.4987364243716,57.02042207121849,34.35896039009094,33.29474329948425,33.74771177768707,0.9611260890960692,0.7869439548254014,16.090010539420213,26.50490207225084,100
224250,-52.52053556999999,250.0,0.0,12.617659298703074,56.99992257356645,34.3201220035553,33.27488303184509,33.72785449028015,0.960936427116394,0.7969439548254013,16.22203727516136,26.53709838539362,100
224500,-47.558599480000005,250.0,0.0,12.46580414287746,57.07769590616226,34.33505296707153,33.28579664230347,33.73876512050629,0.960934281349182,0.7980790489912033,16.026101597477425,26.27846632152796,100
224750,-43.70474863,250.0,0.0,12.394843740388753,57.12354072928429,34.345999360084534,33.29491317272186,33.74788761138916,0.960927665233612,0.7980790489912033,15.968776492339112,26.257265605032444,100
225000,-38.54596865,250.0,0.0,12.3309955727309,57.11302164196969,34.35056209564209,33.281201124191284,33.734169602394104,0.9610553979873656,0.7980790489912033,15.756432679556836,26.202232338488106,100
225250,-28.29445353,250.0,0.0,12.249805161729457,56.84673026204109,34.33802127838135,33.24587643146515,33.69884490966797,0.9612835049629213,0.7980790489912033,15.399147985144651,26.233358033001423,100
225500,-20.999702660000008,250.0,0.0,12.105053270235658,57.07958942651749,34.33908820152283,33.24301242828369,33.69598090648651,0.9612786173820496,0.7980790489912033,15.20893811139964,26.06628008931875,100
225750,-13.891333320000005,250.0,0.0,11.930666932836177,57.22609907388687,34.3387097120285,33.20954442024231,33.66251289844513,0.9615036249160768,0.8080790489912033,14.991106008577868,25.78665846586227,100
226000,-13.506148860000003,250.0,0.0,11.946929899975656,57.04440116882324,34.32981073856354,33.19929242134094,33.652263879776,0.9615216851234436,0.8080790489912033,15.050798780477653,25.807701662182808,100
226250,-16.798135829999996,250.0,0.0,11.797512469813228,57.267718493938446,34.336310625076294,33.2025021314621,33.65547060966492,0.9615297913551332,0.8080790489912033,15.096420877990177,25.54306637495756,100
226500,-9.241553650000002,250.0,0.0,11.656165620312096,57.4203522503376,34.3566358089447,33.2196056842804,33.672574162483215,0.961517870426178,0.8080790489912033,14.910196608011816,25.5375012382865,100
226750,-7.983066390000001,250.0,0.0,11.62845510803163,57.50605049729347,34.36482548713684,33.22544991970062,33.67841839790344,0.9615400433540344,0.8175284713506699,14.881226570119797,25.43463753908873,100
227000,-10.27247368,250.0,0.0,11.520569814369082,57.68935474753379,34.38316583633423,33.2478791475296,33.70084762573242,0.9615233540534972,0.8275284713506699,14.945449258155646,25.21691941469908,100
227250,-4.635808479999997,250.0,0.0,11.348456276580691,57.801160007715225,34.4056099653244,33.24851989746094,33.701491355896,0.9617254734039308,0.8275284713506699,14.7673919852238,25.24493610113859,100
227500,0.4702335599999941,250.0,0.0,11.198978198692204,57.90228822827339,34.39478576183319,33.23016464710236,33.683133125305176,0.9617313146591188,0.8275284713506699,14.654164782234414,25.2227111980319,100
227750,7.269893079999997,250.0,0.0,11.061934469267726,58.11081346869469,34.40244793891907,33.24296474456787,33.69593918323517,0.9617192149162292,0.8375284713506699,14.530067907877465,24.981551311910152,100
228000,12.099411690000002,250.0,0.0,10.885430471971633,58.162924379110336,34.41738486289978,33.23371410369873,33.68668258190155,0.9619255065917968,0.8275284713506699,14.385389616603677,24.81264122575521,100
228250,14.823557399999997,250.0,0.0,10.846317695453765,58.32539987564087,34.43447947502136,33.24507772922516,33.69804620742798,0.9619208574295044,0.8275284713506699,14.34034873272703,24.643517039716244,100
228500,15.353367969999995,250.0,0.0,10.821809904649854,58.34227675199508,34.45234000682831,33.26422870159149,33.71720016002655,0.9619184136390686,0.8175284713506699,14.314767237614422,24.89848659187556,100
228750,16.32729319,250.0,0.0,10.819399358704686,58.127011239528656,34.46691036224365,33.27752947807312,33.73049795627594,0.9618656039237976,0.8275284713506699,14.3520720609533,24.954206056892872,100
229000,15.019856090000005,250.0,0.0,10.939760899171231,58.08167266845703,34.46645736694336,33.30240249633789,33.75537097454071,0.961680829524994,0.8275284713506699,14.449378585935044,25.397695068269964,100
229250,20.110389389999995,250.0,0.0,10.895760657265782,58.0591881275177,34.46585536003113,33.29819142818451,33.75115990638733,0.9616931676864624,0.8187259942293167,14.322252374423512,25.38997356966138,100
229500,17.021979860000002,250.0,0.0,10.959786431863904,58.028927981853485,34.46849882602692,33.31694304943085,33.76991152763367,0.9615511894226074,0.8287259942293167,14.423846289502665,25.740029394626617,100
229750,19.91213112,250.0,0.0,10.986222648993134,57.77895930409432,34.46734547615051,33.31465423107147,33.76762270927429,0.961544394493103,0.8287259942293167,14.391810281937396,25.957605242729187,100
230000,24.406512410000005,250.0,0.0,11.02567251212895,57.103820234537125,34.340065717697144,33.31630229949951,33.64195227622986,0.9615551829338074,0.8387259942293167,13.648562099957273,26.083958685398105,100
230250,33.78958873999999,250.0,0.0,10.95177254267037,57.20588502287865,34.355032444000244,33.302974700927734,33.6286187171936,0.9619481563568116,0.8387259942293167,13.529043804442113,26.275827795267105,100
230500,33.92363123,250.0,0.0,10.93913676030934,57.169027596712105,34.3759685754776,33.32045078277588,33.64609479904175,0.96192467212677,0.8387259942293167,13.502809323203447,26.242831811308857,100
230750,29.37386504,250.0,0.0,10.897593216970565,57.3437224328518,34.39196050167084,33.336541056633,33.6621880531311,0.9619176387786864,0.8387259942293167,13.585614944323728,26.18283025920391,100
231000,35.00971052,250.0,0.0,10.766999470070004,57.470072120428085,34.38535928726196,33.32515060901642,33.65079462528229,0.9619132280349731,0.8487259942293167,13.48864187459312,25.945682197809216,100
231250,35.365653349999995,250.0,0.0,10.749387027695777,57.482203513383865,34.37119424343109,33.30708742141724,33.632731437683105,0.9619521498680116,0.8487259942293167,13.49917300871068,26.033568263053898,100
231500,43.55002914999999,250.0,0.0,10.478710362687709,57.555968761444085,34.36514139175415,33.273476362228394,33.59912037849426,0.96214759349823,0.8487259942293167,13.186493447642611,25.52542663551868,100
231750,49.85008942,250.0,0.0,10.442145327106118,57.47982785105705,34.35863554477692,33.247339725494385,33.57298672199249,0.962332546710968,0.8587259942293167,12.96204156364134,25.43005053140223,100
232000,55.88141527,250.0,0.0,10.41001691110432,57.32175311446191,34.377700090408325,33.26193690299988,33.587586879730225,0.962342381477356,0.8487259942293167,12.754064887716254,25.461236337199804,100
232250,55.11982207999999,250.0,0.0,10.520635202527046,57.184909462928765,34.372928738594055,33.256328105926514,33.58197510242462,0.962344527244568,0.8484981900453568,12.771645395758515,25.811498651281,100
232500,59.55501205999998,250.0,0.0,10.384555131196976,57.65351176261901,34.341639280319214,33.2138866186142,33.537888526916504,0.9623352289199828,0.8484981900453568,12.776205079323695,25.70582089759409,100
232750,61.18061049999999,250.0,0.01,10.450157705694435,57.4603553712368,34.31726098060608,33.19481611251831,33.518821001052856,0.9623563885688782,0.8484981900453568,12.709153759930098,25.817274475470185,100
233000,55.46008328999999,250.0,0.01,10.60555874556303,57.40669384598732,34.26741659641266,33.17579925060272,33.49980115890503,0.962165892124176,0.8384981900453568,12.889335682989564,26.116301441565152,100
233250,50.87567786,250.0,0.01,10.629651948809624,57.49037209153175,34.27020609378815,33.19994807243347,33.52394998073578,0.9619690179824828,0.8384981900453568,13.026748234527457,26.105447897687554,100
233500,55.54585809,250.0,0.01,10.556072741746902,57.5117225944996,34.26564931869507,33.19595456123352,33.51995348930359,0.9619696736335754,0.8384981900453568,12.953704756511591,26.13387588597834,100
233750,59.03557842999999,250.0,0.01,10.411933971568942,57.47875639796257,34.195491671562195,33.10829997062683,33.429279923439026,0.9621652960777284,0.8484981900453568,12.890826263266556,26.25220740772784,100
234000,57.78292111999998,250.0,0.01,10.525659000501037,57.446450620889664,34.204861521720886,33.13177227973938,33.452752232551575,0.9619633555412292,0.8484981900453568,13.016441852506782,26.462202196940783,100
234250,55.45151562999999,250.0,0.01,10.465938488021491,57.40794137120246,34.201619029045105,33.12616050243378,33.44714045524597,0.961980640888214,0.8384981900453568,13.079028301716331,26.304592575877905,100
234500,63.44484256,250.0,0.01,10.414068246260284,57.353489845991135,34.1873973608017,33.089351654052734,33.41032862663269,0.9621947407722472,0.8384981900453568,12.870491522708846,26.064259026199576,100
234750,71.63473859,250.0,0.01,10.320723569020627,57.5433529317379,34.18267369270325,33.069661259651184,33.3906352519989,0.962379515171051,0.8484981900453568,12.656316820452671,26.281068298965693,100
235000,69.68335320999999,250.0,0.01,10.43189033679664,57.538828551769264,34.202125668525696,33.112865686416626,33.43384861946106,0.9621673822402954,0.8475350570678711,12.757297255725126,26.43129876628518,100
235250,71.47452392,250.0,0.01,10.368995185941458,57.44017845392227,34.22001600265503,33.128273487091064,33.44925045967102,0.9621627926826476,0.8475350570678711,12.746365242093717,26.56345612183213,100
235500,74.64279203,250.0,0.01,10.347966272383928,57.206367790699005,34.220558404922485,33.1059604883194,33.42693746089935,0.96236389875412,0.8375350570678711,12.65801572012435,26.45266357436776,100
235750,73.95623998999999,250.0,0.01,10.434992372989656,57.0960421860218,34.20490920543671,33.11007618904114,33.43105614185333,0.9621576070785522,0.8375350570678711,12.69768609963506,26.62188843265176,100
236000,67.63243573999998,250.0,0.01,10.490345530211926,56.89659747481346,34.2093288898468,33.134278655052185,33.45525860786438,0.9619445204734802,0.8275350570678711,12.85750783333282,26.63601160421967,100
236250,59.03791369,250.0,0.01,10.6550512611866,56.63333085179328,34.196481108665466,33.14027488231659,33.461254835128784,0.961765468120575,0.8275350570678711,13.01980701085479,26.70416523888707,100
236500,60.23919946,250.0,0.01,10.676476083695889,56.59095534682274,34.20016169548035,33.12530517578125,33.446285128593445,0.9619410037994384,0.8375350570678711,12.983368335875491,26.807190019637343,100
236750,64.8219932,250.0,0.01,10.740631714463234,56.57082292437553,34.21669900417328,33.12158286571503,33.44256281852722,0.9621334075927734,0.8475350570678711,12.847877043607951,27.12116408720612,100
237000,71.79056313,250.0,0.01,10.70047041028738,56.46279522776604,34.225472807884216,33.115795254707336,33.43677520751953,0.962313175201416,0.8475350570678711,12.706360916391334,27.089436810463667,100
237250,71.24971363,250.0,0.01,10.737600691616535,56.70933732390404,34.32261943817139,33.126991987228394,33.52358341217041,0.9623122215270996,0.8375350570678711,12.701611075661935,26.840266790241003,100
237500,70.29396602999999,250.0,0.01,10.76966655999422,56.65203210711479,34.31386649608612,33.11914801597595,33.51573646068573,0.9622794389724731,0.8375350570678711,12.65325448023851,27.189379166811705,100
237750,78.98537851,250.0,0.02,10.557386636734009,56.707613915205,34.30554270744324,33.1465482711792,33.531445264816284,0.9606631398200988,0.8375350570678711,12.389177747184537,27.01202760264277,100
238000,76.64359212999999,250.0,0.02,10.586851425468922,56.85303893685341,34.30041074752808,33.171942830085754,33.55683982372284,0.960460126399994,0.8375350570678711,12.499511995451517,26.983524244278662,100
238250,76.99671604999999,250.0,0.02,10.597422018647194,56.88051977753639,34.29741561412811,33.16786885261536,33.55276882648468,0.9604700207710266,0.8375350570678711,12.5006195139212,26.770459335297343,100
238500,76.20732419999999,250.0,0.02,10.612849935889244,56.91738831996918,34.297919273376465,33.16919207572937,33.554086089134216,0.9604699611663818,0.8275350570678711,12.517529033483427,26.79629011079669,100
238750,86.16153442,250.0,0.02,10.605087853968143,56.58213657140732,34.304073452949524,33.01549255847931,33.400389552116394,0.9621778130531312,0.8175350570678711,12.054657176814834,26.92142381891609,100
239000,81.47654833,250.0,0.02,10.667619459331036,56.56086876988411,34.31349694728851,33.0540806055069,33.43897759914398,0.9618857502937316,0.8275350570678711,12.193037220556445,26.964873071759936,100
239250,83.78376304000001,250.0,0.02,10.738044828176498,56.3294661641121,34.3216210603714,33.06330740451813,33.44820439815521,0.9618631601333618,0.8175350570678711,12.166759374647524,27.007791351526976,100
239500,84.98377247,250.0,0.02,10.725189000368118,56.37917459011078,34.337371587753296,33.07311534881592,33.458012342453,0.9619119763374328,0.8176167583465577,12.14275533282139,27.02891157194972,100
239750,94.97192771999998,250.0,0.02,10.721423208713531,56.13611930608749,34.32949781417847,33.05482566356659,33.43971967697144,0.961921751499176,0.8176167583465577,11.950630346130344,26.956452947109938,100
240000,92.20402167,250.0,0.02,10.761596389114857,56.10304266214371,34.330424666404724,33.07476043701172,33.45966041088104,0.961731255054474,0.8176167583465577,12.0696816679984,27.218074019998312,100
240250,91.94702668,250.0,0.02,10.82052680850029,56.056049197912216,34.31463539600372,33.07344317436218,33.45834016799927,0.9615288376808168,0.8170392274856567,12.10455779342924,27.323982127010822,100
240500,93.76878736,250.0,0.02,10.868124686181543,55.96046885848045,34.32227373123169,33.0981969833374,33.48309397697449,0.9613550305366516,0.8170392274856567,12.083513408276072,27.363583840429783,100
240750,95.62577532,250.0,0.02,10.8752543926239,55.95966747403145,34.302860498428345,33.09123516082764,33.47613215446472,0.9613710045814514,0.8170392274856567,12.007164739496105,27.36477387696505,100
241000,104.91356241999998,250.0,0.02,10.922021590173244,55.83930885791779,34.26237106323242,33.05026292800903,33.43515694141388,0.9613709449768066,0.8170392274856567,11.828632677273106,27.309921838343143,100
241250,109.22441094,250.0,0.02,10.895454607903956,55.69357419013977,34.290310740470886,33.07515382766724,33.46004784107208,0.9613710045814514,0.8170392274856567,11.736941080889274,27.39214432984591,100
241500,111.3786113,250.0,0.02,10.741947427392006,56.0562826693058,34.28141474723816,33.242782950401306,33.62767696380615,0.9596056938171388,0.8170392274856567,11.710636191942491,27.46988327056169,100
241750,119.77439343999998,250.0,0.02,10.650506891310217,55.99617514014245,34.275561571121216,33.217284083366394,33.60218107700348,0.9597856402397156,0.8170392274856567,11.538040193850428,27.13673647120596,100
242000,127.36352465,250.0,0.02,10.519221127033234,56.03017422556877,34.22265946865082,33.20078253746033,33.532050251960754,0.9599829912185668,0.8270392274856567,11.443343888498047,27.295136500149965,100
242250,129.21652724,250.0,0.02,10.478691529482605,55.83455982804298,34.17249321937561,33.14572274684906,33.476996421813965,0.9599890112876892,0.8270392274856567,11.395950673671258,27.07689750567079,100
242500,131.09603436,250.0,0.02,10.4512426443398,55.61001417040825,34.16348397731781,33.12198519706726,33.453258872032166,0.9601738452911376,0.8270392274856567,11.357699552366798,26.96744525805116,100
242750,132.03276889999998,250.0,0.02,10.4245739094913,55.666784554719925,34.135472774505615,33.12237560749054,33.43110382556915,0.9601749181747437,0.8270392274856567,11.357772956734184,26.863698292523623,100
243000,131.81106246,250.0,0.02,10.457172080874445,55.67307469248771,34.108325839042664,33.09450149536133,33.40322971343994,0.9601752758026124,0.8270392274856567,11.30803467859726,26.789411175996065,100
243250,130.96649623999997,250.0,0.02,10.424304988235235,55.654778569936745,34.07493531703949,33.058539032936096,33.36726725101471,0.960179567337036,0.8270392274856567,11.234391471317226,26.76062615588307,100
243500,131.48990211999998,250.0,0.02,10.426216058433056,55.72869607806206,33.927688002586365,33.05431306362152,33.22645127773285,0.960126519203186,0.8370392274856567,11.310058540412676,26.77454269304872,100
243750,140.02968577,250.0,0.03,10.27156414091587,55.65587878227234,33.925461769104004,33.04227888584137,33.2144170999527,0.960419535636902,0.8370392274856567,11.161773138467495,26.74511966481805,100
244000,148.31905075,250.0,0.03,10.069156397134066,55.70121967792511,33.89902114868164,33.198538422584534,33.34323465824127,0.9588668942451476,0.8370392274856567,10.95138634124383,26.76508713141084,100
244250,142.62991494000002,250.0,0.03,10.14855506643653,55.68919202685356,33.90259146690369,33.2231342792511,33.36783349514008,0.958676815032959,0.8370392274856567,11.142691012969722,26.81062515452504,100
244500,141.86115665,250.0,0.03,10.125617142766714,55.91463059186936,33.905139565467834,33.22769105434418,33.372390270233154,0.9586763978004456,0.8370392274856567,11.158984482071212,26.8772600479424,100
244750,140.99396439000003,250.0,0.03,10.119945790618658,55.87081265449524,33.91411900520325,33.240920305252075,33.38561952114105,0.9587045907974244,0.8370392274856567,11.226114999319623,27.04321341589093,100
245000,145.000532,250.0,0.03,10.073263969272377,55.72409427165985,33.94147753715515,33.25109779834747,33.39580297470093,0.95891934633255,0.8370392274856567,11.160610207218363,27.015548024326563,100
245250,145.77177606,250.0,0.03,10.063062209635971,55.69305247068406,33.96110236644745,33.272162079811096,33.41686129570007,0.9589178562164308,0.8370392274856567,11.152546916400407,27.08115160837769,100
245500,135.83305329,250.0,0.03,10.156120672822,55.77446502447129,33.88527631759644,33.280837535858154,33.35644602775574,0.9586500525474548,0.8367414742708206,11.348168670660048,26.843781504780058,100
245750,138.52776896,250.0,0.03,10.159501627087591,55.546625167131424,33.85348618030548,33.266547322273254,33.34215581417084,0.958650767803192,0.8367414742708206,11.292754561003864,26.63611315563321,100
246000,133.16296524,250.0,0.03,10.234799772500992,55.47463688254356,33.86040925979614,33.26071500778198,33.336323499679565,0.9586315155029296,0.8367414742708206,11.381370603467497,26.48573060706257,100
246250,137.2551553,250.0,0.03,10.188050508499146,55.51866593956948,33.88303518295288,33.262598514556885,33.33820700645447,0.9588208794593812,0.8367414742708206,11.245701848351272,26.4611784927547,100
246500,137.86625995,250.0,0.03,10.168975815176964,55.54422745108605,33.869415521621704,33.24527442455292,33.32087993621826,0.9588674902915956,0.8367414742708206,11.308440963466884,26.2157937400043,100
246750,138.98869367999998,250.0,0.03,10.157458774745464,55.521751672029495,33.85569751262665,33.229079842567444,33.30468833446503,0.958891987800598,0.8467414742708206,11.3192287627324,26.306307952851053,100
247000,143.99690046,250.0,0.03,10.05143542215228,55.58513727784157,33.86070132255554,33.21220874786377,33.287814259529114,0.9590933918952942,0.8467414742708206,11.170635191752282,25.984191898256544,100
247250,145.23946676,250.0,0.04,10.009008284658194,55.43525192141533,33.849507570266724,33.17438066005707,33.24998915195465,0.9593566060066224,0.8473832011222839,11.185805452655597,25.99208641424775,100
247500,152.20227874999998,250.0,0.04,9.974531587213278,55.49510157108307,33.807700872421265,33.13712179660797,33.212730288505554,0.9593709707260132,0.8473832011222839,11.021955312803405,25.860082272440195,100
247750,159.00438796000003,250.0,0.04,9.910275537520649,55.66682627797127,33.82353186607361,33.152809739112854,33.2284152507782,0.959351658821106,0.8473832011222839,10.910986819696388,25.827481839805845,100
248000,167.88728589,250.0,0.04,9.771786261349916,55.704686075449,33.8565319776535,33.16654860973358,33.242157101631165,0.9595441222190856,0.8473832011222839,10.723764067560628,25.57846105471253,100
248250,173.83262541,250.0,0.04,9.711057301610708,55.743190586566925,33.84142220020294,33.12174081802368,33.197349309921265,0.9597638845443726,0.8473832011222839,10.56400695212964,25.60072136297822,100
248500,169.95686855000002,250.0,0.04,9.728344831615686,55.59733480215072,33.82963240146637,33.13344120979309,33.209049701690674,0.959603786468506,0.8373832011222839,10.554603720477328,25.617823231965303,100
248750,164.88473401,250.0,0.04,9.74689568206668,55.49263420701027,33.82387161254883,33.11561644077301,33.191221952438354,0.9596092104911804,0.8373832011222839,10.65106508229691,25.84463988617063,100
249000,165.70212071999998,250.0,0.04,9.68407640233636,55.50308242440224,33.852702379226685,33.14131498336792,33.2169234752655,0.9596076011657716,0.8373832011222839,10.562206716749351,25.80642046406865,100
249250,168.28881622,250.0,0.04,9.650149498134851,55.43489089608192,33.88618230819702,33.17647874355316,33.252087235450745,0.9596145749092102,0.8373832011222839,10.534870777869958,25.946154180914167,100
249500,168.12624984,250.0,0.04,9.653238836675882,55.40596535801888,33.87525677680969,33.166176080703735,33.24178457260132,0.959614396095276,0.8373832011222839,10.541839590263974,26.089058075100187,100
249750,168.90811091999996,250.0,0.04,9.67309508100152,55.38458320498466,33.88151228427887,33.171287178993225,33.24689567089081,0.959613800048828,0.8373832011222839,10.525675736861183,26.06937751546502,100
250000,163.89537326,250.0,0.04,9.780780587345362,55.2756994664669,33.872050046920776,33.18532109260559,33.260929584503174,0.9594859480857848,0.8273832011222839,10.658506494245714,26.11328107491136,100
250250,165.63467643999996,250.0,0.04,9.787212301045656,55.30371740460396,33.87809991836548,33.20110738277435,33.276718854904175,0.9596104621887208,0.8173832011222839,10.687238627048556,25.956957977265123,100
250500,167.49167135999997,250.0,0.04,9.735411807894709,55.2848854959011,33.88577699661255,33.19394290447235,33.269551396369934,0.9598268866539,0.8173832011222839,10.707015780805165,26.08263276144862,100
250750,162.18830879999996,250.0,0.04,9.8648162484169,55.31546607613564,33.89757871627808,33.23314189910889,33.30875039100647,0.9596010446548462,0.8173832011222839,10.856765540169514,26.56388530507684,100
251000,161.19944518999998,250.0,0.04,9.869720093905926,55.267775535583496,33.90004634857178,33.25916230678558,33.33477079868317,0.9593811631202698,0.8164898073673248,10.833300333919468,26.67524053528905,100
251250,156.58376561999995,250.0,0.04,9.990314237773418,54.96765515208244,33.906325697898865,33.26678574085236,33.3423912525177,0.959380030632019,0.8158019059896469,10.978335744924555,26.91027058288455,100
251500,158.16976731,250.0,0.04,9.949046857655048,54.936745673418045,33.89726281166077,33.23741555213928,33.313024044036865,0.9595968127250672,0.8158019059896469,11.008979268228314,26.649157416075468,100
251750,158.76612777,250.0,0.04,9.79139168933034,55.56100833415986,34.5318615436554,33.24599862098694,33.9559406042099,0.9595968127250672,0.8163524836301803,11.05029098119385,26.682500522583723,100
252000,172.67596734999998,250.0,0.05,9.813278410583736,55.48223316669464,34.542351961135864,33.238789439201355,33.94873142242432,0.959839642047882,0.8163524836301803,10.89074363021006,26.966213684529063,100
252250,168.88730639000002,250.0,0.05,9.839246030896902,55.68539509177208,34.56426560878754,33.26745331287384,33.9773952960968,0.9597694873809814,0.8063524836301803,11.000069161099484,26.88451756164432,100
252500,163.41511389,250.0,0.05,9.922036807984114,55.62128448486328,34.552451968193054,33.25619101524353,33.96613299846649,0.9597638845443726,0.8063524836301803,11.12143465537222,26.79012252017856,100
252750,163.77936396999996,250.0,0.05,9.869030054658651,55.766907513141625,34.54638719558716,33.21147263050079,33.921417593955994,0.9599646925926208,0.7963524836301804,11.092560524866396,26.95382509753108,100
253000,158.99883767999995,250.0,0.05,9.9217838793993,55.887557834386826,34.5379114151001,33.22369456291199,33.93363654613495,0.959760308265686,0.8063524836301803,11.23791186563565,27.04908473417163,100
253250,161.19734730999997,250.0,0.05,9.856933683156967,55.9082274734974,34.54451262950897,33.23200345039368,33.94194543361664,0.9597586989402772,0.8063524836301803,11.166389747580096,27.25708455964923,100
253500,158.10856049999998,250.0,0.05,9.983850002288818,55.86000406742095,34.547337889671326,33.23661684989929,33.94655883312225,0.9597589373588562,0.8163524836301803,11.250884267198346,27.10502780601382,100
253750,161.66273389999998,250.0,0.05,9.980455368757248,55.96196967363357,34.53427255153656,33.2233726978302,33.93331468105316,0.9597963690757751,0.815789504647255,11.197725879638655,26.90440644696355,100
254000,162.93911673,250.0,0.05,9.913709327578545,55.85799846053124,34.52507853507996,33.20899307727814,33.9189350605011,0.95979642868042,0.815789504647255,11.0929220144367,26.64073856547475,100
254250,157.37700858,250.0,0.05,9.99529154971242,55.89997658133507,34.52345132827759,33.22416543960571,33.934107422828674,0.9596100449562072,0.825789504647255,11.22125327019736,26.746733281761408,100
254500,158.63071021,250.0,0.05,10.073215696960688,55.87494114041328,34.51404273509979,33.2147479057312,33.92468988895416,0.959617018699646,0.825789504647255,11.19353791114802,26.5553238876164,100
254750,153.51389648999998,250.0,0.05,10.134908650070429,55.886162132024765,34.52936112880707,33.23269188404083,33.942633867263794,0.9596174359321594,0.825789504647255,11.28460669573866,26.409938026219603,100
255000,153.74692926,250.0,0.05,10.05468424409628,55.73944500088693,34.522220492362976,33.22071731090546,33.93065929412842,0.9596166014671326,0.825789504647255,11.391435042482774,26.14270754531025,100
255250,143.64536257999998,250.0,0.05,10.140709720551968,55.8837596476078,34.529998898506165,33.22989642620087,33.963894844055176,0.9592239260673524,0.835789504647255,11.559342530530785,26.24986695125699,100
255500,144.82116717999995,250.0,0.06,10.150761783123016,55.85259160399437,34.510958194732666,33.21444392204285,33.94843935966492,0.9593068957328796,0.835789504647255,11.548104782082865,26.20068166032434,100
255750,152.42778055999997,250.0,0.06,10.125447116792202,55.76493176817894,34.4864159822464,33.17091464996338,33.90491604804993,0.9594963788986206,0.845789504647255,11.325604642091331,26.17776414379477,100
256000,150.7942717,250.0,0.06,10.121512841433288,55.82369056344032,34.471195936203,33.153221011161804,33.88722240924835,0.959500789642334,0.845789504647255,11.369232941318684,26.10857980325818,100
256250,144.81222249,250.0,0.06,10.21575566753745,55.72914692759514,34.47275459766388,33.176594972610474,33.910590410232544,0.9592829942703248,0.845789504647255,11.535269957679487,26.03793850913644,100
256500,145.76415358,250.0,0.06,10.247017215937376,55.726588040590286,34.47285890579224,33.17263126373291,33.90662670135498,0.9592942595481871,0.845789504647255,11.573191181145145,26.351151609793305,100
256750,146.52367787,250.0,0.06,10.256727676838636,55.8053702712059,34.46744084358215,33.173125982284546,33.907124400138855,0.959235429763794,0.845789504647255,11.601657206444656,26.341320091858503,100
257000,144.8711478,250.0,0.06,10.313560757786036,55.70996916294098,34.45606529712677,33.16343426704407,33.89742970466614,0.9592355489730836,0.8557895046472549,11.633648664622411,26.10006656683981,100
257250,155.24903633,250.0,0.06,10.24889900907874,55.76200881600379,34.43788588047028,33.12796354293823,33.86196196079254,0.9594305157661438,0.8560173088312149,11.459185319563018,25.71562567539513,100
257500,159.50558851,250.0,0.06,10.260955546051264,55.32140955328941,34.42576229572296,33.10019373893738,33.83418917655945,0.9596183896064758,0.846017308831215,11.226582268225778,25.83285787887872,100
257750,159.18980731,250.0,0.05,10.251520704478024,55.49503803253174,34.44949686527252,33.117932081222534,33.851927518844604,0.9596077799797058,0.846017308831215,11.262896317060294,25.868373008444905,100
258000,164.98981469999998,250.0,0.05,10.14983842894435,55.398627281188965,34.46257710456848,33.12184512615204,33.855846524238586,0.9596017599105836,0.8560173088312149,11.153690024946812,25.48655808158219,100
258250,169.45440264,250.0,0.05,10.16983424499631,55.30098092556,34.453171491622925,33.114081621170044,33.84808003902435,0.9596017599105836,0.8560173088312149,11.028754505999908,25.420685978606343,100
258500,170.76018167,250.0,0.05,10.159168981015682,55.24228399991989,34.46923792362213,33.11050832271576,33.84450972080231,0.9597923159599304,0.846017308831215,10.965759132720514,25.20412648655474,100
258750,169.15449584,250.0,0.05,10.21322257257998,55.24049437046051,34.51770842075348,33.171963691711426,33.905959129333496,0.9595966339111328,0.846017308831215,11.0163250852023,25.01054433919489,100
259000,173.85711786,250.0,0.05,10.170157628133891,55.32062113285065,34.519585967063904,33.160555362701416,33.894553780555725,0.959758460521698,0.846017308831215,10.94788401091811,25.01220671273768,100
259250,181.10800082000003,250.0,0.05,10.18867432512343,55.118122458457954,34.52092707157135,33.14132392406464,33.87531936168671,0.9599367380142212,0.8560173088312149,10.738552945352694,25.14188975468278,100
259500,181.0767695,250.0,0.05,10.168594116345048,54.93624097108841,34.50605869293213,33.125099539756775,33.859097957611084,0.95995032787323,0.8560173088312149,10.72398392739677,25.310266178101305,100
259750,173.48307461999997,250.0,0.05,10.17617123015225,55.15494304895401,34.537720680236816,33.30117762088776,34.035176038742065,0.9584709405899048,0.8560173088312149,10.97255312541232,24.88613815233112,100
260000,175.40799427000005,250.0,0.05,10.124176824465394,55.22714591026306,34.51310396194458,33.277228474617004,34.01122987270355,0.9584702849388124,0.8562350386381149,10.888728897433303,24.81658203527332,100
260250,173.42662478000003,250.0,0.05,10.203269321471453,55.34060698747635,34.518080949783325,33.300042152404785,34.034037590026855,0.9582920074462892,0.8562350386381149,10.9992111837267,24.691682007163763,100
260500,171.48954089000003,250.0,0.05,10.284212093800306,55.386296927928925,34.525975584983826,33.32655429840088,34.06054973602295,0.958100974559784,0.8662350386381149,11.059242882219806,24.633866127580404,100
260750,171.51051712,250.0,0.05,10.234282370656729,55.4814729988575,34.55268144607544,33.334335684776306,34.068334102630615,0.9582886695861816,0.8662350386381149,11.014108988106152,24.449127789586782,100
261000,175.69792834,250.0,0.05,10.28037266805768,55.50471088290215,34.54858064651489,33.32982957363129,34.0638279914856,0.958300232887268,0.8762350386381149,10.955144733933968,24.40113842114806,100
261250,182.9534589,250.0,0.05,10.067685447633266,55.61724528670311,34.56832468509674,33.33136737346649,34.06535983085632,0.958473265171051,0.8762350386381149,10.754837777035016,24.37779247388244,100
261500,177.13969754,250.0,0.05,10.072284556925297,55.72453913092613,34.570181369781494,33.353713154792786,34.087711572647095,0.9583082795143129,0.8762350386381149,10.911946013651884,24.45634907111525,100
261750,177.79037469,250.0,0.05,10.078289210796356,55.64587154984474,34.57399010658264,33.358559012413025,34.092557430267334,0.9582967162132264,0.8762350386381149,10.921289338940875,24.24754887446761,100
262000,177.07878628999998,250.0,0.05,10.063301384449003,55.67426237463952,34.57814157009125,33.36171805858612,34.09571349620819,0.9582969546318054,0.8662350386381149,10.90513200518649,24.30083322897553,100
262250,179.14570867999998,250.0,0.05,9.954089030623436,55.46720382571221,34.512656927108765,33.35386514663696,34.01225805282593,0.9585152268409728,0.8762350386381149,10.910570156165097,24.12918146327138,100
262500,175.5558127,250.0,0.05,9.93095988035202,55.602260798215866,34.5189094543457,33.37892293930054,34.037306904792786,0.9583372473716736,0.8662350386381149,10.977882664770789,23.80454834923148,100
262750,176.77832031999998,250.0,0.04,9.909906838089228,55.74980333447457,34.51760113239288,33.37766230106354,34.036052227020264,0.9582576751708984,0.8662350386381149,11.04243582621977,23.79193591699004,100
263000,170.36690765,250.0,0.04,10.123906146734951,55.9013098180294,34.52576696872711,33.56638252735138,34.233295917510986,0.9562079906463624,0.8662350386381149,11.217502204594538,24.085814636200663,100
263250,176.44158592000002,250.0,0.05,10.11621267721057,55.90351042151451,34.52138006687164,33.571478724479675,34.23839211463928,0.9562374353408812,0.8662350386381149,11.232603674434571,23.95653961971402,100
263500,182.74229472,250.0,0.05,10.037393864244224,56.06166115403175,34.526053071022034,33.56257975101471,34.22949314117432,0.956413745880127,0.8762350386381149,11.10927836730682,23.82747002318501,100
263750,181.97852054,250.0,0.05,10.019795466214418,56.02720585465432,34.53845679759979,33.56693685054779,34.23384726047516,0.9563851952552797,0.8862350386381149,11.092962627135725,23.72722514346242,100
264000,186.89693046,250.0,0.05,9.986870635300876,56.13087400794029,34.5295250415802,33.533939719200134,34.2008501291275,0.95664644241333,0.8857749629020691,11.002092021989068,23.66687323525548,100
264250,188.69180478,250.0,0.05,9.855317614972591,56.22377443313599,34.53715145587921,33.52300524711609,34.189918637275696,0.9568593502044678,0.895774962902069,10.90614063570048,23.51379970833659,100
264500,188.12830072,250.0,0.05,9.863691359758375,56.12493646144867,34.52209830284119,33.528804779052734,34.19571816921234,0.9566912651062012,0.895774962902069,10.934644093619925,23.31128093972802,100
264750,182.25311576,250.0,0.05,9.899204805493357,56.195615112781525,34.52879190444946,33.53966474533081,34.206581115722656,0.956697642803192,0.895774962902069,11.036579130496666,23.60029676929116,100
265000,178.41026795999997,250.0,0.05,9.91752653568983,56.0679284632206,34.519585967063904,33.532944321632385,34.19985473155975,0.9566848278045654,0.8857749629020691,11.106315956642018,23.46726394072175,100
265250,178.4834075,250.0,0.05,9.972467206418514,56.08859971165657,34.56216752529144,33.5749626159668,34.241876006126404,0.95668363571167,0.88635249376297,11.107442882971725,23.753840062767267,100
265500,174.39550215,250.0,0.05,9.913961961865423,56.142104595899575,34.557536244392395,33.57665240764618,34.243565797805786,0.9566677808761596,0.88635249376297,11.234389646815908,23.47440307214856,100
265750,174.96911828000003,250.0,0.05,9.91770552098751,56.1241869032383,34.590038657188416,33.5967481136322,34.26366448402405,0.9566519856452942,0.88635249376297,11.22539469317418,23.21585725620389,100
266000,175.18462449999998,250.0,0.05,9.848868027329445,56.209755718708045,34.61964428424835,33.6391806602478,34.30609405040741,0.956654131412506,0.87635249376297,11.206594822946844,23.13374625518918,100
266250,177.97696338000003,250.0,0.05,9.839296504855156,56.30175989866256,34.61109101772308,33.64015221595764,34.30706262588501,0.9566700458526612,0.87635249376297,11.172149551083502,23.01409109309316,100
266500,176.29317336,250.0,0.05,10.151131264865398,56.3274827003479,34.623026847839355,33.85784924030304,34.524765610694885,0.954612672328949,0.86635249376297,11.294197918195422,23.17452143505216,100
266750,169.13669302000002,250.0,0.05,10.197024583816528,56.44188517332077,34.60721671581268,33.84785056114197,34.51476693153381,0.9546172618865968,0.86635249376297,11.463450614073352,23.14642352424562,100
267000,166.6795194,250.0,0.05,10.205457761883736,56.4078367948532,34.5998615026474,33.83902311325073,34.50593948364258,0.9546386003494264,0.85635249376297,11.406452005251246,23.00344539247453,100
267250,171.25681260999997,250.0,0.05,10.17946910392493,56.36153370141983,34.620898962020874,33.86276364326477,34.52967703342438,0.9546510577201844,0.86635249376297,11.320171252343858,23.149781873449683,100
267500,170.77289122,250.0,0.05,10.130794796161354,56.39175009727479,34.61461663246155,33.851444721221924,34.51835513114929,0.9546692371368408,0.86635249376297,11.358496159729455,23.034792026504874,100
267750,173.03550449000002,250.0,0.05,10.1329373633489,56.439263820648186,34.621089696884155,33.85215401649475,34.51906442642212,0.954667031764984,0.86635249376297,11.374169911827147,22.924798211082816,100
268000,171.39158801999997,250.0,0.05,10.167219488881528,56.58937579393387,34.597548842430115,33.83335471153259,34.50027108192444,0.9546911120414734,0.86635249376297,11.493360226348091,22.94805202446878,100
268250,172.65622223,250.0,0.05,10.177549253217876,56.61954486370087,34.59877669811249,33.84533226490021,34.51224863529205,0.9546000957489014,0.86635249376297,11.510217703516233,22.99895684979856,100
268500,173.67430138999995,250.0,0.05,10.2263197703287,56.61901921033859,34.5951646566391,33.840060234069824,34.50697660446167,0.954640567302704,0.86635249376297,11.479655021905932,23.00291170738637,100
268750,168.75395039,250.0,0.04,10.23549776803702,57.77535060048103,34.60246026515961,34.77871417999268,35.44563055038452,0.9451414346694946,0.85635249376297,11.71714819547223,23.20947641693056,100
269000,169.47487801,250.0,0.04,10.248607977293432,57.79409778118133,34.58167016506195,34.75761413574219,35.424527525901794,0.9451448321342468,0.85635249376297,11.714334434785735,23.316670959815383,100
269250,176.53821316000003,250.0,0.04,10.182108617387712,57.84504386782646,34.60577726364136,34.760475158691406,35.42739152908325,0.9453373551368712,0.85635249376297,11.52237133425537,23.38574567995965,100
269500,179.01652921000002,250.0,0.04,10.14621704723686,57.796790927648544,34.57801043987274,34.7338080406189,35.400718450546265,0.9453412890434264,0.84635249376297,11.472866987757923,23.241175508126616,100
269750,180.53960523,250.0,0.04,10.171673937700689,57.71879836916924,34.55804884433746,34.711334109306335,35.37825047969818,0.9453362822532654,0.84635249376297,11.449503154123562,23.15391585789621,100
270000,185.04459101,250.0,0.04,10.188198140822353,57.653306514024734,34.56614017486572,34.72210168838501,35.38901507854462,0.9453185796737672,0.84635249376297,11.370862353317005,23.17844211123884,100
270250,185.0695479,250.0,0.04,10.257591313682497,57.47894898056985,34.56888496875763,34.739524126052856,35.4064404964447,0.9451447129249572,0.84635249376297,11.345796148849896,23.132997861132026,100
270500,190.62342899000004,250.0,0.04,10.260842210613191,57.24909809231759,34.550872445106506,34.72165763378143,35.3885680437088,0.9451547265052797,0.8466502469778061,11.224378073209357,23.367250552400947,100
270750,196.22883994,250.0,0.04,10.251620105467737,57.29177019000053,34.56125259399414,34.713414311409,35.380324721336365,0.9451664686203004,0.8366502469778061,11.064134246278089,23.34067401848733,100
271000,203.05198222,250.0,0.04,10.099857739172876,57.355069905519485,34.54834818840027,34.68075096607208,35.34766435623169,0.9453713297843932,0.8366502469778061,10.898276637843486,23.289264312013984,100
271250,204.64083608,250.0,0.04,10.098798989318311,57.40599259734154,34.52632427215576,34.666356444358826,35.33326983451843,0.9453686475753784,0.8366502469778061,10.98130659981167,23.585831528529525,100
271500,200.143615,250.0,0.04,10.201240978203714,57.21363335847855,34.52775180339813,34.68998968601227,35.356903076171875,0.9451436400413512,0.8366502469778061,11.050511254533564,23.57525554858148,100
271750,199.19851745,250.0,0.04,10.245597205124795,57.14633789658546,34.54023599624634,34.72368121147156,35.3905975818634,0.9449312686920166,0.8366502469778061,11.119957634700532,23.34899554215372,100
272000,199.40520902,250.0,0.04,10.253635781817138,57.07111069560051,34.55047309398651,34.73517894744873,35.402095317840576,0.9449187517166138,0.8366502469778061,11.118713172870864,23.548920137807727,100
272250,198.53735761,250.0,0.03,10.198408610187473,57.19232103228569,34.55019295215607,34.73552763462067,35.402438044548035,0.944859266281128,0.8366502469778061,11.149138523050752,23.50280144624412,100
272500,200.63915135,250.0,0.03,10.163968353532256,57.2292505800724,34.57794487476349,34.739792346954346,35.406702756881714,0.9450258612632751,0.8366502469778061,11.173537272695247,23.35874712280929,100
272750,201.3052018,250.0,0.04,10.167109391652048,57.34185078740119,34.56283509731293,34.7039669752121,35.370877385139465,0.9454094767570496,0.8366502469778061,11.153299382072683,23.28589847497642,100
273000,201.03724984000004,250.0,0.05,10.179459503851833,57.289121210575104,34.539663791656494,34.67949330806732,35.34640967845917,0.9455212354660034,0.8366502469778061,11.137631168124573,23.581749020144343,100
273250,196.30247906000005,250.0,0.05,10.151526755653322,57.6065628528595,34.55574810504913,34.69720482826233,35.3641152381897,0.9455052018165588,0.8366502469778061,11.279007502573624,23.44911294989288,100
273500,193.74617541000003,250.0,0.05,10.162208094261588,57.68097716569901,34.573185443878174,34.70674455165863,35.37365794181824,0.9455068707466124,0.8466502469778061,11.360804852914802,23.372312596067783,100
273750,198.05760694,250.0,0.05,10.16249246802181,57.71373474597931,34.58292782306671,34.71798598766327,35.38489937782288,0.9454999566078186,0.8466502469778061,11.221696862592657,23.09319879673421,100
274000,191.13030098000007,250.0,0.05,10.124834555201232,57.874410063028336,34.567591547966,34.70290005207062,35.369813442230225,0.9455024003982544,0.8466502469778061,11.41199509967217,23.058762034401298,100
274250,191.27334917,250.0,0.05,10.077997538261116,57.99984407424926,34.56013202667236,34.700581431388855,35.3674978017807,0.9454969167709352,0.8454715490341187,11.37785059167138,23.05070268176496,100
274500,192.46228477,250.0,0.05,9.991190793924034,58.15019434690476,34.57351624965668,34.69990789890289,35.3668212890625,0.9459059238433838,0.8454715490341187,11.367547505051933,22.736046021804214,100
274750,191.16450544,250.0,0.05,9.895606483332813,58.389060616493225,34.58191752433777,34.69746708869934,35.36438345909119,0.94602632522583,0.8454715490341187,11.407673661323567,22.516246451064944,100
275000,195.21858967,250.0,0.05,9.765283088199794,58.48989826440811,34.5875084400177,34.67320501804352,35.340118408203125,0.946218192577362,0.8554715490341187,11.26875122406906,22.42442975752056,100
275250,189.60405933,250.0,0.05,9.73760708142072,58.85046982765198,34.60036516189575,34.68603491783142,35.368454456329346,0.9458773732185364,0.8654715490341186,11.297404275250548,22.580063780769706,100
275500,183.42906609,250.0,0.05,9.734265104867518,58.896671175956726,34.59219038486481,34.69355404376984,35.37597358226776,0.9456587433815002,0.8654715490341186,11.40808770091911,22.34287219494581,100
275750,188.2458532,250.0,0.05,9.57978352252394,58.90103656053544,34.571510553359985,34.65547859668732,35.337895154953,0.9458494782447816,0.8554715490341187,11.315303447147802,21.79027194529772,100
276000,193.07378117,250.0,0.05,9.597563565708697,59.03089639544486,34.56444442272186,34.62386727333069,35.306280851364136,0.9460748434066772,0.8563649427890777,11.291565328486064,21.94823644310236,100
276250,197.09132843,250.0,0.05,9.57244433555752,59.04720225930213,34.53859984874725,34.5975786447525,35.27999520301819,0.9460746645927428,0.8570528441667556,11.14902465090896,21.97418934851885,100
276500,197.90429202,250.0,0.05,9.562841170467436,59.36412051320076,34.545642137527466,34.61152911186218,35.29394865036011,0.9460843801498412,0.8570528441667556,11.136875895806066,22.19738016277552,100
276750,203.05804368,250.0,0.05,9.580628846772017,58.92377260327339,33.92206430435181,34.60083901882172,34.648919105529785,0.9462950825691224,0.8570528441667556,10.92836580245938,22.19872967153788,100
277000,196.92512538,250.0,0.04,9.581131485290824,58.8321947157383,33.91181528568268,34.58490073680878,34.632980823516846,0.9462553262710572,0.8570528441667556,10.880348480467662,21.912794895470142,100
277250,202.03814252,250.0,0.04,9.543992002494631,58.7289631664753,33.85905921459198,34.52828228473663,34.5763623714447,0.9463244676589966,0.8670528441667557,10.763592330030011,21.83171183615923,100
277500,207.99405808,250.0,0.04,9.483555142767727,58.75569671392441,33.86610746383667,34.516751766204834,34.5648318529129,0.9465100169181824,0.8670528441667557,10.587714293372294,21.82811426371336,100
277750,208.59676929,250.0,0.04,9.52453098911792,58.75544458627701,33.876097202301025,34.558430314064026,34.606510400772095,0.9463112354278564,0.8770528441667557,10.583512400619366,22.119600765407085,100
278000,214.9256473,250.0,0.04,9.49140074569732,58.7109444141388,33.88027250766754,34.54359173774719,34.59167182445526,0.946498692035675,0.8770528441667557,10.430793634478714,21.99673243612051,100
278250,216.41365702,250.0,0.04,9.465184156782923,58.70601153373718,33.871468901634216,34.51249599456787,34.56057608127594,0.9467059373855592,0.8770528441667557,10.406891660207116,21.816054917871952,100
278500,227.96323674000004,250.0,0.04,9.253149145282803,58.89938640594482,33.86343717575073,34.48888063430786,34.53696072101593,0.9468601942062378,0.8770528441667557,10.198367788409705,21.855776883661747,100
278750,217.92827851,250.0,0.04,9.384535894729195,58.97724747657775,33.86991024017334,34.51828360557556,34.56636369228363,0.946664333343506,0.8776158231496811,10.366416157491043,21.99803584814072,100
279000,211.13703402,250.0,0.04,9.522851482965052,59.33760771155357,33.863118290901184,34.515759348869324,34.56383943557739,0.946664333343506,0.8676158231496811,10.634538305612612,22.04446303844452,100
279250,215.97906248000004,250.0,0.04,9.47192380670458,59.28043070435523,33.85557234287262,34.49407517910004,34.542155265808105,0.946834921836853,0.8676158231496811,10.494171845413264,22.217856913805008,100
279500,220.93869286,250.0,0.04,9.386496269144118,59.18625408411026,33.85806679725647,34.481072425842285,34.529152512550354,0.9469571113586426,0.8676158231496811,10.392947400336276,22.11905126273632,100
279750,229.22648338,250.0,0.04,9.232557729817929,59.22273823618889,33.85153114795685,34.45202708244324,34.500107169151306,0.9471534490585328,0.8676158231496811,10.204524026763572,22.197697326540947,100
280000,230.37820532,250.0,0.04,9.292612721212208,59.23682108521462,33.8521808385849,34.451812505722046,34.499892592430115,0.947152614593506,0.8676158231496811,10.147997524038235,22.03541511297226,100
280250,235.50730507,250.0,0.04,9.24307191837579,59.08421424031257,33.82125198841095,34.441182017326355,34.46520566940308,0.9471686482429504,0.8676158231496811,10.064041738838611,21.7758524119854,100
280500,234.7798754,250.0,0.03,9.24990199971944,59.23800078034402,33.83248150348663,34.45112705230713,34.47515070438385,0.947088062763214,0.8676158231496811,10.135705508078512,22.141161501407623,100
280750,234.70798442,250.0,0.03,9.215216198004782,59.43592140078544,33.87027978897095,34.49601233005524,34.5200389623642,0.947500467300415,0.8676158231496811,10.233673799000202,22.51349774748087,100
281000,236.29591706,250.0,0.03,9.27973594237119,59.24637648463249,33.85685682296753,34.49396193027496,34.517985582351685,0.9475036859512328,0.8676158231496811,10.160106375290413,22.75948664546013,100
281250,242.50169416,250.0,0.03,9.162181944586337,59.41524496674538,33.86367857456207,34.48691964149475,34.51094329357147,0.9477079510688782,0.8576158231496811,10.070768472572572,22.892230704426765,100
281500,241.08909618,250.0,0.03,9.180533901788294,59.5573955476284,33.85304510593414,34.496140480041504,34.520164132118225,0.9475110769271852,0.8576158231496811,10.120621834207803,22.75226731598377,100
281750,241.56363804,250.0,0.03,9.15329718682915,59.654116719961166,33.822622895240784,34.46367383003235,34.48769748210907,0.9476373195648192,0.8576158231496811,10.09469125040424,22.708140954375267,100
282000,246.6871641,250.0,0.03,9.083605878986418,59.77829518914223,33.82239639759064,34.443557262420654,34.467583894729614,0.9478189945220948,0.8576158231496811,10.00085460623484,22.72861897945404,100
282250,244.73847908,250.0,0.03,9.028528819791973,59.77835157513618,33.840781450271606,34.46759283542633,34.49161946773529,0.947753131389618,0.8576158231496811,10.007914392793625,22.77409864217043,100
282500,245.17620466,250.0,0.03,9.01637827884406,59.83781507611275,33.86637568473816,34.512946009635925,34.536975622177124,0.947582185268402,0.8676158231496811,10.081851505204757,22.58047936111689,100
282750,244.67084973,250.0,0.03,9.02188469748944,59.85726663470268,33.846065402030945,34.49054956436157,34.51457619667053,0.9475563168525696,0.8576158231496811,10.048848045711225,22.539858855307106,100
283000,244.89118766,250.0,0.03,9.006433281116188,60.046689242124565,33.841899037361145,34.46572422981262,34.48975086212158,0.947742760181427,0.8576158231496811,9.983161677200648,22.52485402673483,100
283250,244.06720372,250.0,0.03,9.003430414013565,60.19704267382622,33.851683139801025,34.47977304458618,34.50379967689514,0.947729468345642,0.8576158231496811,10.046644746554648,22.47952004522085,100
283500,244.7475096100001,250.0,0.03,9.034671305678785,60.23577877879143,33.83941650390625,34.505194425582886,34.529224038124084,0.947550892829895,0.8676158231496811,9.98790352640576,22.40717644616961,100
283750,246.3855988500001,250.0,0.03,9.021265028975904,60.36057320237159,33.82607698440552,34.47054326534271,34.494566917419434,0.947753131389618,0.8676158231496811,9.920526122423944,22.394291546195745,100
284000,247.51775785000007,250.0,0.03,8.983325663022697,60.222120106220245,33.820781111717224,34.458279609680176,34.4823032617569,0.9477837085723876,0.8676158231496811,9.87104124540672,22.2290029488504,100
284250,247.28409413000008,250.0,0.03,9.0570552861318,60.40021914243698,33.82748365402222,34.48687493801117,34.51089859008789,0.9475884437561036,0.8676158231496811,9.909222595481962,22.566954907029867,100
284500,245.14287637000004,250.0,0.03,9.046125459484756,60.522151172161095,33.84712636470795,34.51915979385376,34.54318642616272,0.9475991129875184,0.8676158231496811,10.024531098031504,22.43019588664174,100
284750,252.34459652,250.0,0.03,9.107313609682024,60.19417488574982,33.84224772453308,34.395331144332886,34.419360756874084,0.9488889575004578,0.8576158231496811,9.814161685478338,22.716175485402346,100
285000,253.21528099,250.0,0.03,9.084586172364652,60.22036671638489,33.86856019496918,34.3989223241806,34.422945976257324,0.9490797519683838,0.8583612263202667,9.866801720849896,22.57853501662612,100
285250,250.18517311,250.0,0.03,9.124446636997163,60.048707097768784,33.864063024520874,34.39898192882538,34.42300856113434,0.9490671753883362,0.8483612263202667,9.908470861607611,22.70263309404254,100
285500,255.09641368,250.0,0.03,9.024945343844593,60.07684043049812,33.84738266468048,34.36303734779358,34.3870609998703,0.9492402076721193,0.8483612263202667,9.751475578678434,22.64612216874957,100
285750,255.6503866,250.0,0.03,8.988442185334861,60.06238064169885,33.82527232170105,34.33756232261658,34.36158895492554,0.9492748379707336,0.8483612263202667,9.7617142388464,22.56653707846999,100
286000,256.60203961,250.0,0.03,8.952108385972679,60.09460273385048,33.842095732688904,34.35744345188141,34.38147008419037,0.94926118850708,0.8483612263202667,9.737668301413503,22.59725957736373,100
286250,248.75414551999995,250.0,0.03,9.056486963294446,60.27694824337959,33.858153223991394,34.392887353897095,34.41691696643829,0.9490833878517152,0.8483612263202667,9.947578258274609,22.44443454965949,100
286500,254.40061192,250.0,0.03,9.015285852365196,60.23050698637963,33.84810984134674,34.359726309776306,34.38374996185303,0.9492754936218262,0.8383612263202668,9.777063569896248,22.41170027479529,100
286750,245.15929568,250.0,0.03,9.056113230995834,60.31317576766014,33.83532762527466,34.36521589756012,34.38924551010132,0.9490949511528016,0.8383612263202668,9.98813557133155,22.3739451430738,100
287000,243.96523951,250.0,0.03,9.138411606661975,60.25766429305076,33.845871686935425,34.38967168331146,34.41494405269623,0.9489266276359558,0.8383612263202668,10.057646037217372,22.46684458479285,100
287250,247.94331754,250.0,0.03,9.12753892224282,60.17224761843681,33.82473289966583,34.36718285083771,34.39246118068695,0.9489047527313232,0.8383612263202668,9.924288338728218,22.6992353759706,100
287500,247.41453726000003,250.0,0.03,9.235020230524242,59.963366001844406,33.82136523723602,34.368568658828735,34.3938410282135,0.9488975405693054,0.8483612263202667,9.988228113796312,22.81104769185185,100
287750,246.43170067000003,250.0,0.03,9.276304229162632,59.76544180512428,33.794403076171875,34.339696168899536,34.3649685382843,0.9488789439201356,0.8383612263202668,9.929856258874716,22.66838792338968,100
288000,254.97765225000003,250.0,0.03,9.009751762263477,59.43627998232841,33.794158697128296,34.12342369556427,34.140175580978394,0.9511241316795348,0.8383612263202668,9.64659910328948,22.52525222674012,100
288250,249.35360406000004,250.0,0.02,8.984805970452726,59.40765896439552,33.81136357784271,34.13122892379761,34.14798080921173,0.951093852519989,0.8383612263202668,9.631817481792345,22.576377402991056,100
288500,250.71067784,250.0,0.02,8.976303099654615,59.41942176222801,33.83946120738983,34.15664732456207,34.173402190208435,0.9511135220527648,0.8383612263202668,9.581436514144418,22.5542155764997,100
288750,250.46243346,250.0,0.02,8.973546697758138,59.382499396801,33.84798467159271,34.164783358573914,34.1843456029892,0.9510891437530518,0.8383612263202668,9.589118799794754,22.500506687909365,100
289000,249.42477753999995,250.0,0.02,8.926251797936857,59.53596800565719,33.858177065849304,34.176766872406006,34.19633209705353,0.9511860609054564,0.8388213020563126,9.64579039656189,22.61859242990613,100
289250,248.84806301,250.0,0.02,8.950386839918792,59.53260672092438,33.862948417663574,34.18797552585602,34.2075377702713,0.9510902166366576,0.8388213020563126,9.732642381101096,22.71371976658702,100
289500,248.67131075,250.0,0.02,8.922700907103717,59.57304856181145,33.85813236236572,34.162306785583496,34.18186902999878,0.9512588381767272,0.8388213020563126,9.681163979632862,22.77072123065591,100
289750,255.17192263,250.0,0.02,8.82546419184655,59.59010681509972,33.867889642715454,34.1570258140564,34.17847752571106,0.9514408111572266,0.8288213020563125,9.561543681255731,22.53662161901593,100
290000,260.61644576,250.0,0.02,8.705750324763358,59.66410797834397,33.84838402271271,34.116870164871216,34.13832485675812,0.9516350030899048,0.8388213020563126,9.361249175728922,22.55370559170842,100
290250,258.68159387,250.0,0.02,8.68344181124121,59.63841891288757,33.84484052658081,34.12558436393738,34.15147364139557,0.9516372680664062,0.8288213020563125,9.370089618569288,22.37813137844205,100
290500,259.26823042,250.0,0.02,8.704330929554999,59.607071578502655,33.83459746837616,34.122833609580994,34.14873778820038,0.951649844646454,0.8188213020563125,9.300260017807132,22.525121707469225,100
290750,259.32923305,250.0,0.02,8.651541472412646,59.67751336097717,33.856505155563354,34.09491777420044,34.15054380893707,0.9518505930900574,0.8188213020563125,9.270108790221215,22.80192493274808,100
291000,261.67277973999995,250.0,0.02,8.571866723708808,59.67790067195893,33.86416733264923,34.080010652542114,34.13563072681427,0.952009379863739,0.8288213020563125,9.215476955717142,22.818428236991167,100
291250,262.52923693,250.0,0.02,8.53203936200589,59.63052439689637,33.84968042373657,34.054937958717346,34.11056995391846,0.9519932270050048,0.8288213020563125,9.199776561918943,22.7435758151114,100
291500,265.21691017,250.0,0.02,8.298167201690376,59.46175736188889,33.878692984580994,33.85984003543854,33.93397927284241,0.9540491700172424,0.8288213020563125,9.042741381527536,22.52134955301881,100
291750,273.68790067,250.0,0.02,8.29452623706311,59.16592440009117,33.90392363071442,33.877262473106384,33.95140767097473,0.954064965248108,0.8288213020563125,8.817458753369294,22.69919674657285,100
292000,268.18391159000004,250.0,0.02,8.366084377281368,59.22410431504249,33.94396901130676,33.93403887748718,34.00818109512329,0.9538522362709044,0.8388213020563126,8.983923299014,22.6349933501333,100
292250,267.59008076,250.0,0.02,8.367367058992386,59.33864864706994,33.96030366420746,33.95150005817413,34.02564227581024,0.9538309574127196,0.8378904974460601,8.973341353080754,22.63325229845941,100
292500,268.94084515000003,250.0,0.02,8.360989894717932,59.3254921734333,33.983176946640015,33.974143862724304,34.04828608036041,0.9538115859031676,0.8378904974460601,8.944062510035078,22.825381016358733,100
292750,257.69424942,250.0,0.02,8.550167243927717,59.25166097283363,33.98948609828949,34.008437395095825,34.08258557319641,0.9536385536193848,0.8378904974460601,9.143855327686024,23.13916104100645,100
293000,258.92475122,250.0,0.02,8.500260915607214,59.08158627152444,34.02987718582153,34.04430449008942,34.118446707725525,0.9536516070365906,0.8378904974460601,9.127776249235094,23.29190856777132,100
293250,250.17615797,250.0,0.02,8.49861316755414,59.14922371506691,34.0500146150589,34.09897983074188,34.17312204837799,0.9535528421401978,0.8278904974460601,9.329040792564358,23.205666502937675,100
293500,242.73261725,250.0,0.02,8.55447594448924,59.21325263381004,34.08713638782501,34.14616882801056,34.226471185684204,0.9533653855323792,0.8278904974460601,9.466537842042746,23.33270782791078,100
293750,246.60367280000003,250.0,0.02,8.535681288689375,58.1755755841732,34.0962678194046,33.22063386440277,33.300942182540894,0.9628140926361084,0.8378904974460601,9.26230297461834,23.073605528101325,100
294000,246.33165385000004,250.0,0.02,8.5467928647995,58.15387925505638,34.1370701789856,33.26099514961243,33.34130048751831,0.9628183245658876,0.8378904974460601,9.250418858690097,22.79819086007774,100
294250,244.59760983,250.0,0.02,8.588502652943134,58.098045736551285,34.12243723869324,33.28382968902588,33.36414098739624,0.9626235961914062,0.8378904974460601,9.32657904347372,22.70968286506832,100
294500,250.71699229,250.0,0.02,8.572938330471516,58.10755708813667,34.15873050689697,33.30009877681732,33.380404114723206,0.9628282189369202,0.8478904974460602,9.223369709473756,22.711858270689845,100
294750,242.52708517,250.0,0.02,8.612243123352528,58.25107476115227,34.19694900512695,33.358052372932434,33.43835771083832,0.9626306891441344,0.8378904974460601,9.662884098388554,22.664523659273986,100
295000,237.30934521000003,250.0,0.02,8.70921565592289,58.20278397202492,34.19911563396454,33.37309658527374,33.45813751220703,0.9624345302581788,0.8378904974460601,9.735658362744584,22.92226750962436,100
295250,237.8460475800001,250.0,0.02,8.639989495277405,58.27738347649575,34.16942358016968,33.320581912994385,33.405619859695435,0.9626346826553344,0.8378904974460601,9.703886343998136,23.02545328252017,100
295500,240.32617937000003,250.0,0.02,8.666459366679192,58.29067459702492,34.20571982860565,33.35738778114319,33.44242572784424,0.9626277685165404,0.8378904974460601,9.668844781099152,23.01897848956287,100
295750,241.24585890000003,250.0,0.02,8.599090974777937,58.31079441308975,34.23391282558441,33.365821838378906,33.45085978507996,0.9628207683563232,0.8478904974460602,9.688601327668849,23.20351923815906,100
296000,240.90364203,250.0,0.02,8.55962597206235,58.27417117357254,34.248995780944824,33.378344774246216,33.463385701179504,0.9628150463104248,0.8478904974460602,9.74781422990247,23.11891840212047,100
296250,239.71469204,250.0,0.02,8.523642651736736,58.17702788114549,34.22041833400726,33.34195613861084,33.42699408531189,0.962820291519165,0.8478904974460602,9.683397998531632,22.972058041021228,100
296500,243.56820421,250.0,0.02,8.429549790918827,58.3432973921299,34.219890832901,33.31919014453888,33.404237031936646,0.9630358815193176,0.8478904974460602,9.563653550921464,23.20210332982242,100
296750,239.04830195,250.0,0.02,8.43605650961399,58.32897958159447,34.20287072658539,33.30325782299042,33.38829278945923,0.9630375504493712,0.8478904974460602,9.647686567777557,23.36277393810451,100
297000,239.6692931700001,250.0,0.02,8.405158631503582,58.44539400935172,34.17885899543762,33.28951895236969,33.37455689907074,0.9631229639053344,0.8478904974460602,9.69689232279572,23.140978245064616,100
297250,240.37419514,250.0,0.02,8.4383376352489,58.2229690849781,34.15808379650116,33.26105177402496,33.34608972072601,0.9631260633468628,0.8478904974460602,9.607212636293784,23.268862588331103,100
297500,236.89800927,250.0,0.02,8.52919628098607,58.10708713531494,34.16062593460083,33.28126668930054,33.366307616233826,0.962949812412262,0.8478904974460602,9.65449292826172,23.352273313328624,100
297750,231.49445029,250.0,0.01,8.6212666220963,58.0144317150116,34.14989411830902,33.29906463623047,33.38410258293152,0.9624850749969482,0.8478904974460602,9.742242961463766,23.335249288007617,100
298000,224.54343628000004,250.0,0.0,8.596482247114182,58.12329092621803,34.164634346961975,33.32165479660034,33.40669274330139,0.9623721837997437,0.8478904974460602,9.94488907946668,23.06594821624458,100
298250,229.33355151,250.0,0.0,8.611150063574314,57.90400692820549,34.20518934726715,33.367547392845154,33.45258831977844,0.9623778462409972,0.8478904974460602,9.84574701226454,23.001202119514343,100
298500,232.34436552,250.0,0.0,8.554210029542446,57.93388131260871,34.208205342292786,33.35249722003937,33.43753516674042,0.9625920057296752,0.8478904974460602,9.810561266074536,22.99656095169485,100
298750,233.68980225,250.0,0.0,8.473755914717913,57.94525212049484,34.21498239040375,33.344706892967224,33.429741859436035,0.962740957736969,0.8478904974460602,9.83286280679833,23.112823402509093,100
299000,240.20919843,250.0,0.0,8.561647228896618,57.93832314014434,34.23192501068115,33.36820900440216,33.45324695110321,0.9627402424812316,0.8478904974460602,9.686781531810617,23.06123343668878,100
299250,244.72066858,250.0,0.0,8.499112002551556,58.00361502170562,34.2559427022934,33.37026238441467,33.45530331134796,0.9629282355308532,0.8490691953897476,9.663723319292329,23.055704092606906,100
299500,244.91723127,250.0,0.0,8.464145883917809,57.931213676929474,34.25856530666351,33.36558938026428,33.45063030719757,0.9627265334129332,0.8490691953897476,9.594242028833524,23.35756688378752,100
299750,249.70460417,250.0,0.0,8.480885662138462,57.73364222049713,34.2368483543396,33.33899676799774,33.42403769493103,0.962809920310974,0.8490691953897476,9.490797553041348,23.604657305404544,100
300000,251.05813437,250.0,0.0,8.504293233156204,57.72993451356888,34.23916697502136,33.344921469688416,33.429962396621704,0.9628402590751648,0.8490691953897476,9.547960494799955,23.58868248574436,100
300250,249.74189271999995,250.0,0.0,8.611493596807122,57.35300636291504,34.2112272977829,33.32985043525696,33.39938819408417,0.9628393054008484,0.8490691953897476,9.654750592437113,23.47956810705364,100
300500,254.45299154,250.0,0.0,8.627798588946462,57.393136501312256,34.23072397708893,33.353328704833984,33.422866463661194,0.9628388285636902,0.8490691953897476,9.56775352356717,23.68809885904193,100
300750,251.056426,250.0,0.0,8.725948268547654,57.21082094311715,34.23493504524231,33.369797468185425,33.439335227012634,0.9626550078392028,0.8590691953897476,9.629832190315586,23.899550031870604,100
301000,246.41391422,250.0,0.0,8.690300701186061,57.32534500956535,34.23633277416229,33.375728130340576,33.445265889167786,0.9626301527023317,0.8590691953897476,9.664643662355736,23.511137779802084,100
301250,251.88855256,250.0,0.0,8.637335335835814,57.5309258699417,34.23469066619873,33.38607847690582,33.45561325550079,0.9626241326332092,0.8590691953897476,9.568565053247344,23.27904929593205,100
301500,251.39235319,250.0,0.0,8.628274587914348,57.23936605453491,34.198641777038574,33.34629833698273,33.41583609580994,0.9626093506813048,0.8590691953897476,9.51357802088853,23.283017177134752,100
301750,251.20840486,250.0,0.0,8.633168948814273,57.111822724342346,34.17513370513916,33.31764340400696,33.38718116283417,0.9625813961029052,0.8590691953897476,9.517136471034542,23.14676349237561,100
302000,251.20677112,250.0,0.0,8.657785108312964,57.11255699396134,34.17901992797852,33.34214389324188,33.41167867183685,0.9623884558677672,0.8590691953897476,9.58556929571312,23.10698881372809,100
302250,251.54643756,250.0,0.0,8.669175548478961,57.22232228517532,34.204310178756714,33.37080478668213,33.44034254550934,0.9623755812644958,0.8590691953897476,9.65367254124856,23.08579425886273,100
302500,253.33428763,250.0,0.0,8.668315758928657,57.34691113233566,34.19587016105652,33.3705335855484,33.44007134437561,0.9623230695724488,0.8590691953897476,9.727548820683834,23.096247855573893,100
302750,253.4488123,250.0,0.0,8.669820746406913,57.16938519477844,34.20925438404083,33.37641954421997,33.44596028327942,0.962320864200592,0.8590691953897476,9.719835649308571,22.670238818973303,100
303000,254.08575389,250.0,0.0,8.62845622189343,57.16688263416291,34.17438268661499,33.34836065769196,33.417901396751404,0.9623178243637084,0.8590691953897476,9.767941332853503,22.691829208284616,100
303250,253.59795027,250.0,0.0,8.61478671990335,57.15588963031769,34.18533802032471,33.36465358734131,33.43418836593628,0.9623118042945862,0.8590691953897476,9.829458055464931,22.676357705146074,100
303500,250.5839333,250.0,0.0,8.608229434117675,57.184845089912415,34.1950386762619,33.36726427078247,33.43679904937744,0.962354302406311,0.8590691953897476,9.812321971763472,22.815023709088564,100
303750,260.17607387,250.0,0.0,8.501824108883739,56.97577422857285,34.21006500720978,33.3550751209259,33.424609899520874,0.9625566601753236,0.8590691953897476,9.571434232638309,22.76640473678708,100
304000,266.92068305,250.0,0.0,8.346421359106898,56.7586954832077,34.21069085597992,33.32933187484741,33.39886963367462,0.962760865688324,0.8690691953897476,9.315174551013143,22.82341294363141,100
304250,267.19008081,250.0,0.0,8.30286044627428,56.70489245653152,34.21233892440796,33.33058059215546,33.400124311447144,0.962777853012085,0.8690691953897476,9.363894551022774,22.41568632237613,100
304500,264.47764669,250.0,0.0,8.300852499902248,56.86556074023247,34.21061336994171,33.32578539848328,33.39532911777496,0.962831974029541,0.8690691953897476,9.478148038927428,22.476988134905696,100
304750,262.34059654,250.0,0.0,8.416319817304611,56.92819651961326,34.20902490615845,33.34878981113434,33.41833055019379,0.9626384973526,0.8690691953897476,9.54965435076078,22.481969444081187,100
305000,252.42919835,250.0,0.0,8.607482671737671,56.89154309034348,34.22093689441681,33.36065709590912,33.43019783496857,0.9626476168632508,0.8690691953897476,9.761414930034489,22.67873136512935,100
305250,254.99757713,250.0,0.0,8.534499909728765,56.9636452794075,34.2166930437088,33.33919942378998,33.40873718261719,0.9627874493598938,0.8690691953897476,9.740944578291488,22.836805982515216,100
305500,254.09109356,250.0,0.0,8.56227420642972,57.00279355049134,34.20458734035492,33.3547979593277,33.42433273792267,0.9624363780021667,0.868758675456047,9.723840254761772,22.415318047627807,100
305750,262.37283904,250.0,0.01,8.616127379238605,56.82581305503845,34.18925404548645,33.32818150520325,33.39771628379822,0.9620661735534668,0.8686053609848022,9.704391567276511,22.27924445830285,100
306000,263.18197163,250.0,0.01,8.541708394885063,56.876721799373634,34.179577231407166,33.289217948913574,33.358755707740784,0.9622423648834229,0.8686053609848022,9.706789963711907,22.220364725217223,100
306250,261.75826879,250.0,0.01,8.590265166014433,56.942619621753686,34.17416512966156,33.296382427215576,33.36591720581055,0.9620586633682252,0.8786053609848022,9.717327897279104,22.07579500041902,100
306500,262.10356662000004,250.0,0.01,8.595029812306166,56.76253652572632,34.18221175670624,33.303242921829224,33.37277472019196,0.9620549082756042,0.8786053609848022,9.639486597853084,21.93457262031734,100
306750,253.37807655,250.0,0.01,8.676621209830046,56.6143736243248,34.203940629959106,33.349597454071045,33.419135212898254,0.9617956280708312,0.8786053609848022,9.861404821811284,22.171705408021808,100
307000,253.12472125,250.0,0.01,8.646123092621565,56.5378831923008,34.188857674598694,33.333876729011536,33.40340852737427,0.961804211139679,0.8786053609848022,9.831921304015609,22.21912403218448,100
307250,251.41427871000005,250.0,0.01,8.670217087492347,56.60892006754875,34.185394644737244,33.33074152469635,33.40027630329132,0.9618611335754396,0.8786053609848022,9.856096445891705,22.191953917965293,100
307500,250.77858571,250.0,0.01,8.715589029714465,56.49155005812645,34.19218957424164,33.335140347480774,33.40467810630798,0.9618557095527648,0.8786053609848022,9.853808690288572,22.14697242341936,100
307750,250.79644574,250.0,0.01,8.685925813391805,56.40021017193795,34.18523073196411,33.334746956825256,33.40428173542023,0.961790144443512,0.8886053609848023,9.917416826134042,22.04114050231874,100
308000,250.44372467,250.0,0.01,8.693763660266995,56.2850798368454,34.2077374458313,33.3765983581543,33.44613313674927,0.9615974426269532,0.8886053609848023,9.99783111474574,22.052224000915885,100
308250,249.29797357,250.0,0.01,8.66283150203526,56.226058304309845,34.23056900501251,33.39451551437378,33.46405029296875,0.9616106152534484,0.8886053609848023,10.03316836635103,22.37066610716284,100
308500,244.7711049,250.0,0.01,8.77738150395453,56.12866920232773,34.23588871955872,33.38123261928558,33.450767397880554,0.9615980386734008,0.8886053609848023,10.18299424632391,22.52623620070517,100
308750,236.49524661,250.0,0.01,8.840829962864518,56.08157259225845,34.24398899078369,33.41054618358612,33.48008096218109,0.9613859057426452,0.8786053609848022,10.36536490947067,22.46746683306992,100
309000,226.99071639,250.0,0.01,9.03909627906978,55.953102350234985,34.25084054470062,33.436739444732666,33.50627422332764,0.9611999988555908,0.8786053609848022,10.591693602084163,22.68497473187745,100
309250,227.51878196,250.0,0.01,8.936560302972794,55.92926740646362,34.21700298786163,33.39108526706696,33.460626006126404,0.9613990187644958,0.8786053609848022,10.582191877124918,22.278779650107023,100
309500,229.84196216,250.0,0.01,8.91192792635411,55.91246181726456,34.20020043849945,33.3626925945282,33.43223333358765,0.9613777995109558,0.8786053609848022,10.53438578756186,22.501444028690457,100
309750,229.99210703,250.0,0.01,8.845768752507865,55.97811174392701,34.18729901313782,33.32542181015015,33.39495956897736,0.9615886211395264,0.8886053609848023,10.569039804366993,22.227447407320145,100
310000,229.52117952,250.0,0.01,8.899913343600929,55.837028980255134,34.18091535568237,33.33813548088074,33.40767025947571,0.9613977074623108,0.8886053609848023,10.554070439618386,22.387868413701653,100
310250,235.21691245,250.0,0.01,8.793049140833318,56.01880219578743,34.17770862579346,33.31272006034851,33.38225483894348,0.9616090655326844,0.8986053609848023,10.408330502401933,22.351629415526983,100
310500,231.66583593000004,250.0,0.01,8.80491045769304,56.04534754157066,34.2090368270874,33.377304673194885,33.446839451789856,0.9614291191101074,0.8986053609848023,10.550993735628868,22.25657548196613,100
310750,231.44593865,250.0,0.01,8.766959267668426,55.99699887633324,34.228163957595825,33.4212988615036,33.49083364009857,0.9612070322036744,0.8986053609848023,10.593934944014622,22.345105217769746,100
311000,226.42384815000003,250.0,0.01,8.714299011044204,56.01968511939048,34.216299653053284,33.40602219104767,33.47555994987488,0.9612070322036744,0.8886053609848023,10.679580402820326,22.16874605603516,100
311250,234.74937388,250.0,0.01,8.623954298906028,55.84661886096001,34.191352128982544,33.360278606414795,33.429813385009766,0.9613984823226928,0.8886053609848023,10.468282467678977,22.09191686473787,100
311500,238.70509142000003,250.0,0.01,8.64753547962755,55.9114833176136,34.199562668800354,33.37676525115967,33.44630300998688,0.9613818526268004,0.8986053609848023,10.505643161962912,21.892392275854945,100
311750,247.32334428,250.0,0.01,8.577041513286531,55.95845845341682,34.19674932956696,33.35534334182739,33.4248811006546,0.9615656137466432,0.8986053609848023,10.28042215053208,22.09926208667457,100
312000,248.35606796,250.0,0.01,8.513786039315164,55.93743559718132,34.1831237077713,33.35047662258148,33.41876268386841,0.9615557193756104,0.9086053609848024,10.209221192207664,22.01940166018904,100
312250,241.57184698,250.0,0.01,8.625731973908842,55.8120998442173,34.192150831222534,33.3772212266922,33.445507287979126,0.9613590240478516,0.9086053609848024,10.412825873636953,21.91797079704702,100
312500,245.8089358,250.0,0.01,8.504301155917346,55.8602057993412,34.175559878349304,33.34327936172485,33.41156840324402,0.9614819288253784,0.9086053609848024,10.35453620447612,21.71210639178753,100
312750,238.5548892,250.0,0.01,8.688151980750263,55.75702503323555,34.18836295604706,33.38993489742279,33.45822095870972,0.9612781405448914,0.9086053609848024,10.586955358349575,21.903863728046417,100
313000,237.62056715000003,250.0,0.01,8.64570169430226,55.85306265950203,34.161704778671265,33.3611398935318,33.429428935050964,0.9613003730773926,0.9086053609848024,10.681266394479367,21.709174260497093,100
313250,232.56797485000004,250.0,0.01,8.643715317361057,55.96468058228493,34.14666056632996,33.36888253688812,33.43716859817505,0.9610971212387084,0.8986053609848023,10.80891277955911,21.92792174220085,100
313500,225.94097878000005,250.0,0.01,8.741058374755085,55.89343920350075,34.12000238895416,33.36710035800934,33.4353893995285,0.960896372795105,0.8986053609848023,10.960545314987469,21.94368053972721,100
313750,225.9520696,250.0,0.01,8.76622751634568,56.02878838777542,34.106606245040894,33.37757587432861,33.44305753707886,0.9607228636741638,0.8986053609848023,11.030178787173345,22.246001221239567,100
314000,227.01302589,250.0,0.01,8.808567288331687,55.85319036245346,34.08568501472473,33.35166275501251,33.41714143753052,0.9606381058692932,0.8986053609848023,10.915830285908244,22.26907143741846,100
314250,225.81692549,250.0,0.01,8.86971680354327,55.72293156385422,34.063464403152466,33.341339230537415,33.40681791305542,0.96052086353302,0.8986053609848023,10.922835612542809,22.21296798437833,100
314500,217.25565346,250.0,0.01,9.116843457333744,55.65550994873046,34.05790030956268,33.35801064968109,33.42348337173462,0.9603277444839478,0.8986053609848023,11.2199891813354,22.398624069988728,100
314750,217.64724117000003,250.0,0.02,9.110614660196006,55.60601741075516,34.057608246803284,33.357760310173035,33.42134952545166,0.9605038166046144,0.9086053609848024,11.171873370779712,22.33005864173174,100
315000,211.56478944000003,250.0,0.02,9.267208469100296,55.62630054354669,34.0892493724823,33.40867757797241,33.4722638130188,0.9603227376937866,0.9086053609848024,11.372037983716112,22.23768099397421,100
315250,216.24613348000003,250.0,0.02,9.166061979718506,55.77627551555634,34.06289219856262,33.358633518218994,33.41778814792633,0.9605101943016052,0.9186053609848024,11.299101998166078,22.05734925717116,100
315500,222.59557818000005,250.0,0.02,9.187702459283171,55.73621279001236,34.08219814300537,33.352482318878174,33.4116131067276,0.9607181549072266,0.9286053609848024,11.157419824507654,22.01476464420557,100
315750,212.14301911,250.0,0.02,9.313411642797291,55.53897362947464,34.01891589164734,33.3433598279953,33.37276875972748,0.9605197310447692,0.9286053609848024,11.432679403951632,22.03676111251116,100
316000,206.28040499,250.0,0.02,9.429796415381134,55.417594373226166,33.9863657951355,33.32108557224274,33.350494503974915,0.9603655338287354,0.9286053609848024,11.555743192887926,21.947360672056675,100
316250,206.6625051,250.0,0.02,9.357799167744815,55.47796988487244,33.99159610271454,33.30646753311157,33.33587646484375,0.9605640172958374,0.9277492451667786,11.46966170648149,22.119359396398067,100
316500,208.69527501,250.0,0.02,9.264029595069587,55.61390835046768,33.9593768119812,33.28239023685455,33.293285965919495,0.9607490301132202,0.9377492451667786,11.430042471537536,21.80481906607747,100
316750,199.93633417,250.0,0.02,9.427027377299964,55.49078983068466,33.933478593826294,33.27663838863373,33.28752815723419,0.9605633616447448,0.9377492451667786,11.640459989295737,21.89482531324029,100
317000,205.87336334,250.0,0.02,9.353815647773445,55.39929884672164,33.91776978969574,33.23930501937866,33.250194787979126,0.9607579112052916,0.9377492451667786,11.467340622507782,22.053740371018648,100
317250,205.00454212,250.0,0.02,9.42199085559696,55.27526342868805,33.90991985797882,33.225440979003906,33.23633670806885,0.9607561230659484,0.9386800497770308,11.473785477296442,21.894429583102465,100
317500,203.03036518,250.0,0.02,9.477565738372505,55.36388266086578,33.8977575302124,33.210986852645874,33.221882581710815,0.9607788920402528,0.9386800497770308,11.471696017746185,22.07255702093244,100
317750,206.88158896,250.0,0.02,9.289967908523977,55.40700215101242,33.88134837150574,33.16793441772461,33.17883014678955,0.9609562754631042,0.9386800497770308,11.394849811643017,21.960355449467897,100
318000,208.55821005,250.0,0.02,9.332000463269653,55.448742628097534,33.88020992279053,33.17263424396515,33.18352401256561,0.9608582854270936,0.9386800497770308,11.34088221767847,21.767755147069693,100
318250,215.96090246,250.0,0.02,9.392521134577692,55.31420463323593,33.90709161758423,33.18718075752258,33.198073506355286,0.9608514308929444,0.9486800497770308,11.147093953214378,21.82538117095828,100
318500,216.17900935,250.0,0.02,9.395162901841104,55.02891656756401,33.873289823532104,33.15979838371277,33.164528012275696,0.9608574509620668,0.9486800497770308,11.14280467328756,21.71399986371398,100
318750,215.17161872,250.0,0.02,9.40309030469507,54.94210222363471,33.84772539138794,33.1274688243866,33.132198452949524,0.960813283920288,0.9486800497770308,11.072734239171108,21.62642680481076,100
319000,214.40262434,250.0,0.02,9.387112545780838,55.08649012446404,33.827078342437744,33.11546742916107,33.120197057724,0.9607633948326112,0.9486800497770308,11.183101717254846,21.756269436329603,100
319250,216.01883144,250.0,0.02,9.325204598717391,55.1242900788784,33.81668329238892,33.08710753917694,33.09184014797211,0.9607629179954528,0.9386800497770308,11.155225072049392,21.598435439169407,100
319500,210.02326685,250.0,0.02,9.312918725423517,55.098068326711655,33.80668759346008,33.09385180473328,33.09858441352844,0.9605538845062256,0.9386800497770308,11.259382637355085,21.75390952080488,100
319750,218.79443408000003,250.0,0.02,9.25804756116122,55.02323231101036,33.772316575050354,33.03883373737335,33.04356336593628,0.9607451558113098,0.9486800497770308,10.81731921045794,21.74256522208452,100
320000,220.96996976,250.0,0.02,9.122864588163791,55.20110926032067,33.76548886299133,33.0159991979599,33.0159991979599,0.9609519839286804,0.9486800497770308,10.797793631640236,21.35198827832937,100
320250,224.24646011000004,250.0,0.02,9.099130763672292,55.35599783062934,33.77033174037933,33.02614092826843,33.02614092826843,0.9609241485595704,0.9486800497770308,10.816444053804643,21.192792274057865,100
320500,226.2767397,250.0,0.02,9.00097671058029,55.28611877560616,33.73554348945618,32.987990975379944,32.987990975379944,0.960924744606018,0.9486800497770308,10.752269670909993,21.106858484447,100
320750,220.73105729,250.0,0.02,9.107583078555765,55.20862358808517,33.72165560722351,32.993265986442566,32.993265986442566,0.9607263207435608,0.9486800497770308,10.872678330346112,20.94416818767786,100
321000,217.55027783,250.0,0.02,9.126135642640293,55.22728753089905,33.67351591587067,32.950806617736816,32.950806617736816,0.960670292377472,0.9486800497770308,10.92318653924868,20.899616457521915,100
321250,212.91153606,250.0,0.02,9.2102290680632,55.12227576971054,33.702635765075684,33.004942536354065,33.004942536354065,0.9604652523994446,0.9486800497770308,11.056181760789244,20.77785272151232,100
321500,213.005018,250.0,0.02,9.259714751504362,55.01661506295205,33.71191322803497,33.03630352020264,33.03630352020264,0.9602644443511964,0.9486800497770308,11.109146222264425,20.711626566946507,100
321750,220.01671963,250.0,0.02,9.203318967483938,55.114610612392426,33.74958336353302,33.03575813770294,33.057957887649536,0.9604487419128418,0.9486800497770308,10.946132131079038,20.620964281260967,100
322000,219.10922583,250.0,0.02,9.237618721090255,55.039185464382165,33.76834988594055,33.04906487464905,33.0712616443634,0.96035635471344,0.9486800497770308,10.942399156390458,20.625674925744534,100
322250,219.49646536,250.0,0.02,9.239259987138212,55.14233922958374,33.802205324172974,33.08546543121338,33.107662200927734,0.9603310227394104,0.9486800497770308,10.965315148330282,20.440068930387497,100
322500,218.85084144,250.0,0.02,9.174184477888048,55.320622533559806,33.797839283943176,33.080318570137024,33.10251533985138,0.960324227809906,0.9486800497770308,10.97898253504754,20.45234122872353,100
322750,216.75000559,250.0,0.02,9.139349690638484,55.2005073428154,33.80723595619202,33.09992551803589,33.122119307518005,0.9604028463363647,0.9386800497770308,11.023933054298352,20.47015188634396,100
323000,223.52626462,250.0,0.02,9.156775156967342,55.10168033838272,33.80120098590851,33.086368441581726,33.10856223106384,0.9604138731956482,0.9386800497770308,10.833546501457832,20.437101010233164,100
323250,224.02321799,250.0,0.02,9.158883946947752,55.10171699523926,33.76976251602173,33.04945230484009,33.07165205478668,0.9604105949401855,0.9386800497770308,10.773897872631412,20.368996534496542,100
323500,226.1750303,250.0,0.02,9.11242088675499,55.069541335105896,33.74747931957245,33.025309443473816,33.04750323295593,0.9603959918022156,0.9386800497770308,10.756018656734645,20.30057067796588,100
323750,221.49743293999995,250.0,0.02,9.100645661354063,55.174601554870605,33.7126225233078,32.98918902873993,33.011385798454285,0.960481345653534,0.9386800497770308,10.866779034315975,20.110253806225955,100
324000,217.64475457,250.0,0.02,9.118223533034325,55.11370772123336,33.69947671890259,32.96894431114197,32.991138100624084,0.9604814052581788,0.9386800497770308,10.954954174358653,20.06148127745837,100
324250,214.47457658,250.0,0.02,9.189847126603128,55.0569960474968,33.680516481399536,32.96738564968109,32.98957943916321,0.9602919816970824,0.9386800497770308,10.969478085786273,20.042561809532344,100
324500,213.60190351000008,250.0,0.02,9.236121289432049,55.0069096684456,33.656615018844604,32.94365704059601,32.965850830078125,0.960290551185608,0.9386800497770308,10.971145648594998,20.012040476314723,100
324750,211.70063505,250.0,0.02,9.259360015392303,55.04174077510834,33.6928516626358,32.97751545906067,32.999709248542786,0.9602769613265992,0.9386800497770308,10.960509872440412,19.82127670478076,100
325000,218.7564397,250.0,0.03,9.19611264578998,55.10029113292694,33.709707856178284,32.9942524433136,33.016446232795715,0.9602848291397096,0.9386800497770308,10.954017628306463,19.828094865195453,100
325250,224.22804175,250.0,0.03,9.125434650108218,55.11989575624467,33.73591601848602,33.00139904022217,33.02359879016876,0.9604666829109192,0.9386800497770308,10.80208673881893,19.808568629436195,100
325500,217.59856007,250.0,0.03,9.283636612817643,54.86308854818344,33.70177447795868,32.9666793346405,32.98887312412262,0.9604740738868712,0.9386800497770308,10.92701564369247,19.97366677504033,100
325750,221.47174641,250.0,0.03,9.220736948773265,54.93167355656624,33.69781970977783,32.950833439826965,32.97303020954132,0.9606118202209472,0.9385450160503388,10.818947249668607,19.77464539464563,100
326000,221.65371783,250.0,0.03,9.2132159601897,54.8033455312252,33.69995951652527,32.953640818595886,32.97583758831024,0.9606279730796814,0.9385450160503388,10.783310608709453,19.96109952684492,100
326250,221.75282525999995,250.0,0.03,9.263438871130347,54.61275991797447,33.71170461177826,32.96078145503998,32.98297822475433,0.9606277346611024,0.9385450160503388,10.780098301951066,19.960554174147543,100
326500,218.15632097,250.0,0.03,9.31735367141664,54.6571111381054,33.735305070877075,33.02028775215149,33.042481541633606,0.9604171514511108,0.9385450160503388,10.895959681587511,19.72212120797485,100
326750,210.7765955,250.0,0.03,9.2843487393111,54.821505934000015,33.74795913696289,33.03684592247009,33.05904269218445,0.960421085357666,0.9385450160503388,11.15789332450188,19.64904828276485,100
327000,204.70267740999995,250.0,0.03,9.333504995331168,54.75230357050896,33.7536096572876,33.04376304149628,33.06595981121063,0.9604208469390868,0.9285450160503388,11.259276936278397,19.93240792211145,100
327250,203.41894900999995,250.0,0.03,9.315530391409991,54.658519834280014,33.731281757354736,33.01512897014618,33.037325739860535,0.9604285955429076,0.9285450160503388,11.208423189972216,20.262376620434225,100
327500,201.64471984,250.0,0.03,9.268761862069368,54.66245970129967,33.76237750053406,33.0441027879715,33.06629955768585,0.960421085357666,0.9285450160503388,11.221822192951954,20.212950109504163,100
327750,199.0453346,250.0,0.03,9.320135068148376,54.62353327870368,33.77517759799957,33.06319713592529,33.08539688587189,0.9603167772293092,0.9285450160503388,11.27124352800238,20.26337606366724,100
328000,198.14507357,250.0,0.03,9.357591219246387,54.62725433707237,33.80897641181946,33.09582471847534,33.1180214881897,0.9603511095046996,0.9285450160503388,11.198075068441335,20.46544316317886,100
328250,197.41948964,250.0,0.03,9.341577980667353,54.650215953588486,33.793652057647705,33.07404816150665,33.09624493122101,0.9603686332702636,0.9285450160503388,11.127063628151872,20.50376146938652,100
328500,198.07873108,250.0,0.03,9.34754241257906,54.677174478769295,33.79655480384827,33.083030581474304,33.10522437095642,0.960572063922882,0.9285450160503388,11.190906343219234,20.28896374907345,100
328750,197.13544657,250.0,0.03,9.380030006170273,54.62938302755356,33.767056465148926,33.07439386844635,33.09658765792847,0.9603813886642456,0.9285450160503388,11.280176796882555,20.23061226215213,100
329000,195.20232679,250.0,0.03,9.307243233546616,54.60417860746384,33.78240168094635,33.091601729393005,33.1138014793396,0.9603701233863832,0.9285450160503388,11.364449541881507,20.04713901784271,100
329250,186.51909773000003,250.0,0.03,9.436866488307714,54.46010139584542,33.80349278450012,33.126866817474365,33.14906358718872,0.9601598381996156,0.9285450160503388,11.536290104940427,20.21380049455911,100
329500,189.53189557,250.0,0.03,9.407676547765732,54.4386360347271,33.81425738334656,33.138883113861084,33.1610769033432,0.9601557850837708,0.9285450160503388,11.3759293871456,20.20804313290864,100
329750,192.30260388,250.0,0.03,9.315517917275429,54.56170228123665,33.8190495967865,33.11968147754669,33.141881227493286,0.9603437185287476,0.9285450160503388,11.30199510016346,20.00165847409517,100
330000,196.01679901,250.0,0.03,9.09855842590332,54.78886145353318,33.84285867214203,33.12978744506836,33.15198123455048,0.960513710975647,0.9185450160503388,11.251345228517945,19.902031828649346,100
330250,189.56237345,250.0,0.03,9.183523390442131,54.62246769666672,33.87177288532257,33.174991607666016,33.19718539714813,0.9603586792945862,0.9185450160503388,11.330316550627035,19.79550610948354,100
330500,188.92016076,250.0,0.03,9.157136987894772,54.52638393640519,33.880940079689026,33.18855166435242,33.21075141429901,0.9605153799057008,0.9188555359840394,11.365458855133827,19.865525630302727,100
330750,181.63918475000003,250.0,0.02,9.132769744843245,54.492826759815216,33.88003408908844,33.19164216518402,33.21383595466614,0.9604827165603638,0.909008850455284,11.343877827602729,19.704154980368912,100
331000,180.14179625,250.0,0.02,9.195095550268888,54.37624713778496,33.88603627681732,33.21612477302551,33.23832452297211,0.9603018760681152,0.909008850455284,11.395658121949756,19.55596634466201,100
331250,181.39580442000005,250.0,0.02,9.14214276149869,54.40374854207038,33.88577997684479,33.19915533065796,33.221352100372314,0.9604610204696656,0.909008850455284,11.299173577357616,19.58882741350681,100
331500,172.75491428,250.0,0.02,9.181001875549557,54.57994171977043,33.89972448348999,33.21720063686371,33.2394003868103,0.9604535102844238,0.909008850455284,11.529256479854096,19.715900038369,100
331750,180.00137757000002,250.0,0.02,9.131192419677973,54.66083344817162,33.89102518558502,33.19815397262573,33.22035074234009,0.9604639410972596,0.909008850455284,11.374597346364522,19.29491944331676,100
332000,179.77119598000002,250.0,0.02,9.163129057735205,54.65107780694961,33.90393555164337,33.22994112968445,33.252134919166565,0.9602662920951844,0.909008850455284,11.426538962040528,19.1435191007331,100
332250,181.4832795,250.0,0.02,9.188679605722427,54.62057232856751,33.92350673675537,33.25061500072479,33.27280879020691,0.960286021232605,0.909008850455284,11.421695661882026,19.099385132081807,100
332500,184.82406479,250.0,0.02,9.123919777572157,54.79809147119522,33.90571177005768,33.23254883289337,33.25474560260773,0.9602908492088318,0.909008850455284,11.418280181304707,19.34991118777544,100
332750,178.29633228,250.0,0.02,9.2073406688869,54.692204028368,33.92363488674164,33.26248526573181,33.28467905521393,0.9601706862449646,0.909008850455284,11.520042897896117,19.34780110884458,100
333000,178.53652515000005,250.0,0.02,9.22586913779378,54.75101095438003,33.91525149345398,33.25430750846863,33.276501297950745,0.9601832032203674,0.909008850455284,11.45080031994621,19.28678057808429,100
333250,180.6375913,250.0,0.02,9.168595939874647,54.64974734187125,33.88272821903229,33.19902718067169,33.22122097015381,0.9603846073150636,0.909008850455284,11.327515326065305,19.02897013444453,100
333500,186.1329559,250.0,0.02,9.05708972364664,54.80204686522484,33.87504518032074,33.17523896694183,33.19743275642395,0.961229145526886,0.909008850455284,11.225014431316303,19.021039930172265,100
333750,189.52641916,250.0,0.02,8.958782482892275,54.77757194638252,33.897316455841064,33.167484402656555,33.20009112358093,0.9614217877388,0.919008850455284,11.172779870945392,19.14445719588548,100
334000,192.02481588000003,250.0,0.02,8.868042189627886,54.83677825331688,33.8872104883194,33.15657079219818,33.18917453289032,0.9614150524139404,0.919008850455284,11.09095179939174,18.97547781933099,100
334250,191.53583625,250.0,0.02,8.86363105662167,54.79674962162972,33.91071557998657,33.171653747558594,33.20426046848297,0.9613953232765198,0.919008850455284,11.06053569714363,18.98847157228738,100
334500,185.15670835000003,250.0,0.02,8.995644840411842,54.61640578508376,33.93440246582031,33.2159548997879,33.24855864048004,0.9611908793449402,0.909008850455284,11.17795813461714,18.81822559703141,100
334750,184.94081855000007,250.0,0.02,9.098142231814563,54.56432002782822,33.946293592453,33.24241638183594,33.27502012252808,0.9609777927398682,0.909008850455284,11.166511879177484,18.8630566643551,100
335000,179.14870837,250.0,0.02,9.038314106874168,54.62855491042136,33.95783603191376,33.253514766693115,33.286118507385254,0.9609983563423156,0.909008850455284,11.264734378555998,18.82408124674112,100
335250,181.61639214,250.0,0.02,9.045395652763546,54.70468923449516,33.95898938179016,33.26229453086853,33.29489827156067,0.9613422155380248,0.909008850455284,11.335198098938852,18.60689357388765,100
335500,179.34794634000002,250.0,0.02,9.154050930403171,55.90267762541771,34.024372696876526,34.16253328323364,34.27542746067047,0.9521548748016356,0.8990088504552841,11.630704814463018,18.947927531786263,100
335750,179.56690348000004,250.0,0.02,9.201814125292003,56.04418179392815,34.02585089206696,34.14073288440704,34.25363302230835,0.9523600935935974,0.8990088504552841,11.595835493889222,18.95643618423492,100
336000,179.42497835999998,250.0,0.02,9.247827137820424,55.97622233629227,34.01343822479248,34.129515290260315,34.24241542816162,0.9523670077323914,0.909008850455284,11.593207992392069,19.047828746028244,100
336250,171.43570945,250.0,0.02,9.572347353212535,56.30195987224579,34.09253656864166,34.347859025001526,34.54447090625763,0.9501376152038574,0.8990088504552841,11.853929278179258,19.73496586922556,100
336500,167.40642248999995,250.0,0.02,9.61873514484614,56.1750566661358,34.0758740901947,34.34212505817413,34.53873693943024,0.9499630928039552,0.8990088504552841,11.88964350093758,19.998969153501093,100
336750,166.21309908999996,250.0,0.02,9.634427252225578,56.03239533305168,34.0693324804306,34.33758616447449,34.53419804573059,0.9499677419662476,0.8990088504552841,11.974321725476178,19.73410553578288,100
337000,166.06818481,250.0,0.02,9.695699277333915,55.98200112581253,34.061598777771,34.325236082077026,34.52185094356537,0.949973464012146,0.8990088504552841,11.978238734610072,19.810319454409186,100
337250,172.2984464,250.0,0.02,9.616638067178428,56.00214031338692,34.038081765174866,34.29986536502838,34.496474266052246,0.9499743580818176,0.8990088504552841,11.802747578970983,19.801932231523097,100
337500,172.87952799,250.0,0.02,9.599418490193784,56.05848464369774,34.05378758907318,34.30874943733215,34.505364298820496,0.9500427842140198,0.8990088504552841,11.788590892220348,19.86756760533899,100
337750,179.35546684999997,250.0,0.02,9.373248937539756,56.217774718999856,34.06091630458832,34.284454584121704,34.48106348514557,0.9501752257347108,0.8990088504552841,11.593697987104456,19.56922721397132,100
338000,180.24320052,250.0,0.02,9.412397443316875,56.23861989378929,34.08137857913971,34.30659472942352,34.50320363044739,0.9501579999923706,0.8990088504552841,11.498000431438182,19.605678181163967,100
338250,179.61114535999997,250.0,0.02,9.474927957169712,56.25185003876686,34.08893346786499,34.32137370109558,34.517985582351685,0.9501588344573976,0.909008850455284,11.51963530935662,19.33934890013188,100
338500,185.1497306,250.0,0.02,9.385410192422569,56.26168385148048,34.100863337516785,34.30550694465637,34.50211584568024,0.9503345489501952,0.909008850455284,11.374926213959416,19.245646747760475,100
338750,185.67046822,250.0,0.02,9.397595795802772,56.18423148989677,34.123799204826355,34.31015908718109,34.506773948669434,0.950480341911316,0.909008850455284,11.361425252985098,19.031782659702003,100
339000,185.7592471,250.0,0.02,9.3439749320969,56.21101430058479,34.15729105472565,34.34516489505768,34.54554080963135,0.950427234172821,0.909008850455284,11.407873156702346,18.819837409071624,100
339250,188.9724733,250.0,0.02,9.236055194400253,56.36188122630119,34.15274918079376,34.32779312133789,34.5281720161438,0.9506182670593262,0.909008850455284,11.36988593957469,18.75051163416356,100
339500,196.76265954,250.0,0.02,8.962864167056978,56.586252093315125,34.181272983551025,34.33959484100342,34.53996777534485,0.950756311416626,0.909008850455284,11.178322143863426,18.491069967858493,100
339750,195.88834013,250.0,0.01,8.96115370746702,56.57953184843063,34.19557809829712,34.36545133590698,34.56582725048065,0.9503926634788512,0.9087140583992004,11.178472224122151,18.63219733070582,100
340000,204.27253457000003,250.0,0.01,8.814466594718397,56.66817739605904,34.19246971607208,34.3445897102356,34.544968605041504,0.9506072998046876,0.9087140583992004,11.029358590604696,18.46386096347124,100
340250,203.52615039000003,250.0,0.01,8.82356660719961,56.60678383708,34.222397208213806,34.36584174633026,34.56621468067169,0.950605034828186,0.9087140583992004,11.055468981711783,18.511115034110844,100
340500,204.06842861,250.0,0.01,8.790275639854372,56.48202097415924,34.20957922935486,34.34583246707916,34.54621136188507,0.9505885243415833,0.9087140583992004,11.017805172604255,18.420059298165143,100
340750,215.03319892,250.0,0.01,8.625034402124584,56.59497466683388,34.23624038696289,34.372395277023315,34.572768211364746,0.9505869150161744,0.9087140583992004,10.79289991054627,18.15154800284654,100
341000,220.27466646,250.0,0.01,8.57063467334956,56.75288727879524,34.26174521446228,34.37837362289429,34.57874655723572,0.950770139694214,0.9087140583992004,10.686027200727189,18.33089745510369,100
341250,220.70363045000005,250.0,0.01,8.568704075179994,56.79595258831978,34.27119553089142,34.408038854599,34.60841476917267,0.95057213306427,0.909570174217224,10.742436282496898,18.169662405736744,100
341500,223.32128287000003,250.0,0.01,8.548242176882923,56.73995360732078,34.275951981544495,34.40411388874054,34.6084862947464,0.9505517482757568,0.909570174217224,10.726406734847783,18.40536301676184,100
341750,231.3352829,250.0,0.01,8.37586013507098,56.974547266960144,34.29426848888397,34.40399467945099,34.60836708545685,0.9507285952568054,0.909570174217224,10.573765884637334,18.260745801962912,100
342000,225.24713388,250.0,0.01,8.51278471481055,56.858277678489685,34.272679686546326,34.40375030040741,34.608131647109985,0.9505479335784912,0.909570174217224,10.752453002943218,18.213213303126395,100
342250,224.79735541,250.0,0.01,8.510702225379646,56.86954951286316,34.25009250640869,34.38480496406555,34.58918035030365,0.9505631923675536,0.909570174217224,10.81229294951132,18.22048876527697,100
342500,224.12838479,250.0,0.01,8.502861845307052,56.67115759849548,34.248948097229004,34.40546095371246,34.60983633995056,0.9503563046455384,0.909570174217224,10.814651982109046,17.96273084823042,100
342750,226.83482126,250.0,0.01,8.590320906601846,56.54039651155471,34.26361382007599,34.440720081329346,34.64509844779968,0.950162947177887,0.909570174217224,10.779432349409594,17.802472182549536,100
343000,225.72915433,250.0,0.01,8.589244230650365,56.58964276313782,34.28394198417664,34.46156680583954,34.66594219207764,0.9502309560775756,0.909570174217224,10.75130669623574,17.763642047531903,100
343250,226.20466071,250.0,0.01,8.488981275819242,56.705302476882935,34.25500988960266,34.40622687339783,34.610602259635925,0.9505977630615234,0.909570174217224,10.810187691364645,17.630397369153798,100
343500,232.94981079,250.0,0.01,8.411873481236398,56.76306012272835,34.26866829395294,34.40332114696503,34.607696533203125,0.9507641792297364,0.909570174217224,10.66382888545622,17.52359935361892,100
343750,233.03854355,250.0,0.01,8.400602615438402,56.84943923354149,34.265515208244324,34.40026342868805,34.604644775390625,0.9507629871368408,0.909570174217224,10.724844331711171,17.934914191253483,100
344000,232.73032029,250.0,0.01,8.52453765179962,56.76356348395347,34.2494398355484,34.3983918428421,34.6027672290802,0.950606405735016,0.909570174217224,10.728335412181565,18.249837984330952,100
344250,232.32508563,250.0,0.01,8.49640506412834,56.95102187991142,34.25541818141937,34.40433740615845,34.60871875286102,0.9506067037582396,0.919570174217224,10.765974255184904,18.22053251694888,100
344500,238.06461445,250.0,0.01,8.50923332478851,56.98963692784309,34.23283100128174,34.36747491359711,34.571850299835205,0.9507483839988708,0.919570174217224,10.64619454300386,18.18485374283045,100
344750,234.5653605,250.0,0.01,8.483486252836883,57.069626480340965,34.247058629989624,34.381094574928284,34.58547294139862,0.9507629871368408,0.919570174217224,10.73013778024261,18.10777589213103,100
345000,237.38493597,250.0,0.01,8.4868737263605,57.068491250276566,34.25731658935547,34.3933641910553,34.5977395772934,0.95071280002594,0.919570174217224,10.680287452309566,18.196085299365222,100
345250,230.66511506,250.0,0.01,8.520998272113502,56.90169367194176,34.28049385547638,34.434157609939575,34.63853597640991,0.9505346417427064,0.919570174217224,10.755566797713772,18.27124277781695,100
345500,231.31667621,250.0,0.01,8.481896142475307,57.14376726746559,34.29081439971924,34.432971477508545,34.63734686374664,0.9506787061691284,0.919570174217224,10.728447833435482,18.135845775716007,100
345750,237.18176646,250.0,0.01,8.390929753892124,57.29436194896698,34.274983406066895,34.39629375934601,34.600669145584106,0.9508818984031676,0.919570174217224,10.618525890550478,18.08797975908965,100
346000,240.81131763,250.0,0.01,8.38931670691818,57.3216432929039,34.30799841880798,34.42356586456299,34.627944231033325,0.9509631395339966,0.919570174217224,10.50320745480338,18.224586377851665,100
346250,244.35406203,250.0,0.01,8.29700247850269,57.50160193443299,34.3133419752121,34.40765738487244,34.612032771110535,0.9511743187904358,0.919570174217224,10.45751132422986,18.16069948207587,100
346500,244.88487490000009,250.0,0.01,8.27484657522291,57.53733977675438,34.307628870010376,34.3880295753479,34.592413902282715,0.951293408870697,0.919570174217224,10.425553000815295,18.03031056653708,100
346750,243.43877824000003,250.0,0.01,8.240701924078166,57.559955447912216,34.25808846950531,34.37972664833069,34.56190824508667,0.9510664343833924,0.919570174217224,10.453694106925536,17.851926012896,100
347000,243.71375345000004,250.0,0.01,8.249225783161819,57.55262073874473,34.25232172012329,34.367525577545166,34.549710154533386,0.951089322566986,0.919570174217224,10.386767100757885,17.895631200633943,100
347250,244.22688056,250.0,0.02,8.238510235212743,57.45098862051964,34.24747586250305,34.36686992645264,34.54905450344086,0.951191544532776,0.919570174217224,10.42447166500556,17.92679066862911,100
347500,246.48681644,250.0,0.02,8.181637312285602,57.38724610209465,34.24580097198486,34.36584770679474,34.54803228378296,0.9511934518814088,0.909570174217224,10.357229447311376,17.90886105503887,100
347750,252.87820489,250.0,0.02,8.123529600910842,57.52815032005309,34.256359934806824,34.33960676193237,34.52179431915283,0.9513806700706482,0.909570174217224,10.16373170286996,18.20648161973804,100
348000,248.6227560300001,250.0,0.02,8.082729705609381,57.72091090679169,34.28808152675629,34.37761664390564,34.55979824066162,0.9513201117515564,0.909570174217224,10.292202238420485,18.18345971312374,100
348250,248.84595059000003,250.0,0.02,8.078691274859011,57.81100124120713,34.26646292209625,34.37749743461609,34.55967605113983,0.9511157274246216,0.909570174217224,10.36049012190662,18.16856378968805,100
348500,248.13441874000003,250.0,0.02,8.13149980455637,57.852329432964325,34.28664803504944,34.41918194293976,34.60136353969574,0.9509001970291138,0.909570174217224,10.267142762837972,18.223187527619302,100
348750,251.42237023,250.0,0.02,8.212704170495272,57.854559659957886,34.30711030960083,34.452494978904724,34.63468253612518,0.9506658911705016,0.909570174217224,10.209755579458037,18.35849802941084,100
349000,251.38704479,250.0,0.02,8.225528571754694,57.84270602464676,34.30911302566528,34.4588041305542,34.64098274707794,0.9506728649139404,0.909570174217224,10.21197361701291,18.5420513227582,100
349250,251.46691063,250.0,0.02,8.17883900925517,57.83672738075256,34.29684340953827,34.42271947860718,34.60544943809509,0.9508826732635498,0.909570174217224,10.147618655611376,18.42187025398016,100
349500,245.88451132,250.0,0.02,8.238329540938139,57.79584920406342,34.30972397327423,34.45705473423004,34.639790654182434,0.9506768584251404,0.909570174217224,10.30549032241568,18.434284768998623,100
349750,246.25335889,250.0,0.02,8.193847104907036,57.946649610996246,34.31047797203064,34.45761501789093,34.64035093784332,0.9506763219833374,0.8995701742172241,10.374015142281568,18.729576848447323,100
350000,237.136636,250.0,0.01,8.229488039389253,57.88562560081482,34.27666127681732,34.420958161354065,34.60369408130646,0.950631618499756,0.8995701742172241,10.428084604457212,18.803151346743107,100
350250,235.43766523,250.0,0.01,8.223971923813224,58.17139774560929,34.2702180147171,34.579670429229736,34.76240634918213,0.9489803314208984,0.8895701742172242,10.497761790781238,18.87303031980992,100
350500,235.57050415,250.0,0.01,8.34260686300695,58.05085042119026,34.23281908035278,34.54439043998718,34.727126359939575,0.948980152606964,0.8795701742172242,10.618126776457077,18.81547130644321,100
350750,229.28933350999995,250.0,0.01,8.58195716701448,57.82000976800919,34.18857157230377,34.51555669307709,34.698286652565,0.9488424062728882,0.8697052079439164,10.883102975018566,19.09537930414081,100
351000,222.77676451,250.0,0.01,9.029674338176848,57.55643782019615,34.16224718093872,34.508517384529114,34.691253304481506,0.9486324191093444,0.8597052079439164,11.352403888700124,19.30326886102557,100
351250,215.73256426,250.0,0.01,9.31464690156281,57.4138351380825,34.1130793094635,34.45373773574829,34.636473655700684,0.9486387372016908,0.8497052079439164,11.674443784768114,19.61327837780118,100
351500,211.75697356,250.0,0.01,9.549671867862344,57.15415868163108,34.08287167549133,34.40900146961212,34.591734409332275,0.9486435055732728,0.8397052079439163,11.880017639051504,19.842306684702635,100
351750,210.59430054,250.0,0.01,9.999491343274713,56.73968914151192,34.02097225189209,34.36656594276428,34.549304842948914,0.9484570026397704,0.8397052079439163,12.08350277465049,20.251217272132635,100
352000,210.46430024,250.0,0.01,10.14264498092234,56.54490339756012,33.95248353481293,34.30278301239014,34.48551893234253,0.948464035987854,0.8397052079439163,12.17735312762685,20.17364936694503,100
352250,203.04488408,250.0,0.01,10.432426100596786,56.23424997925759,33.9156836271286,34.29064154624939,34.47337448596954,0.9482746720314026,0.8297052079439163,12.474948099550234,20.050792660564184,100
352500,196.96556909,250.0,0.01,10.87737761065364,55.93035197257996,33.84643495082855,34.23989117145538,34.42262411117554,0.9481492638587952,0.8197052079439163,12.83108165064076,20.395556192845103,100
352750,193.5774003,250.0,0.01,11.277610074728727,55.72315475344658,33.77724587917328,34.163832664489746,34.34657156467438,0.9482603669166564,0.8097052079439163,13.260170093413388,20.79493100568652,100
353000,185.70521421,250.0,0.01,11.58683417364955,55.4628771841526,33.731937408447266,34.1356635093689,34.31839644908905,0.9480465650558472,0.8085216718912125,13.61864247796982,20.8517413251102,100
353250,177.9652885,250.0,0.01,12.052603352814913,55.23554334044456,33.70009362697601,34.142544865608215,34.32527482509613,0.9478479027748108,0.8085216718912125,14.112944484711836,21.18086687847972,100
353500,167.89186331999997,250.0,0.01,12.406812246888876,54.845079123973846,33.607497811317444,34.06825661659241,34.2509925365448,0.9474546909332277,0.8085216718912125,14.421390359645148,21.34352844581008,100
353750,162.64278089999996,250.0,0.01,12.687401931732891,54.70381280779839,33.56925845146179,34.04792547225952,34.23066437244415,0.9474530220031738,0.7985216718912125,14.6932902356247,21.58863710984588,100
354000,158.39120099000002,250.0,0.01,13.024451365694404,54.45412316918373,33.51574242115021,34.03158485889435,34.21432077884674,0.9472670555114746,0.7885216718912125,14.925394129108028,21.787962149828672,100
354250,158.67283969,250.0,0.01,13.25663616321981,54.32888677716255,33.45723748207092,33.97580087184906,34.158533811569214,0.947274386882782,0.7785216718912125,15.064613790045016,21.994885992258787,100
354500,151.23462048000002,250.0,0.01,13.610063733533028,53.999401897192,33.38970243930817,33.92837941646576,34.11111533641815,0.9471021294593812,0.7685216718912125,15.429143063076248,22.220660354942083,100
354750,143.78211566,250.0,0.01,13.914847584441304,53.62181657552719,33.32372605800629,33.90309512615204,34.08583104610443,0.9469171166419984,0.7585216718912124,15.74837197853269,22.51696252450347,100
355000,143.87312007,250.0,0.01,14.37491207011044,53.19672685861588,33.251556754112244,33.850470185279846,34.033203125,0.946744740009308,0.7585216718912124,16.04653263809994,22.85815380141139,100
355250,142.99193829,250.0,0.01,14.78154638595879,53.072060108184814,33.18719565868378,33.79022181034088,33.972957730293274,0.9467506408691406,0.7485216718912124,16.403201054462244,23.137430112808943,100
355500,138.04086465,250.0,0.01,15.220981242135167,52.73439458012581,33.1275075674057,33.71650278568268,33.89923870563507,0.9467552900314332,0.7385216718912124,16.81884475678722,23.47811920568347,100
355750,130.8916207,250.0,0.01,15.494896085932853,52.4409216940403,33.04826319217682,33.66265594959259,33.845388889312744,0.9465617537498474,0.7385216718912124,17.090491465255926,23.64885702356696,100
356000,125.66764265000002,250.0,0.01,15.717398429289462,52.26922783255578,33.01402032375336,33.63061845302582,33.81335139274597,0.9465665221214294,0.7285216718912124,17.296650808144747,23.87391320988536,100
356250,119.31862549,250.0,0.01,16.04619442857802,51.8998516201973,32.96552002429962,33.611419796943665,33.79415571689606,0.9463983178138732,0.7185216718912124,17.635003039467374,24.050498213619,100
356500,121.76600712999998,250.0,0.01,16.320248844102025,51.54234924912453,32.92260468006134,33.56933295726776,33.75206291675568,0.9464057683944702,0.7085216718912125,17.77124624307109,24.25715255364776,100
356750,116.34691411,250.0,0.01,16.780667977407575,51.27799308300018,32.877734303474426,33.52811336517334,33.71084928512573,0.9464021325111388,0.6985216718912125,18.221937418810807,24.768061447888613,100
357000,109.20014716,250.0,0.01,17.091579349711537,51.08785703778267,32.82524347305298,33.4854781627655,33.66820812225342,0.9464097023010254,0.6885216718912125,18.51967835043884,25.080531675368544,100
357250,101.06001667,250.0,0.01,17.398186022415757,50.796968549489975,32.758620381355286,33.43237042427063,33.615100383758545,0.946208655834198,0.6785216718912125,18.83088392329921,25.39761421456933,100
357500,91.88353472,250.0,0.01,17.81980233080685,50.41016101837158,32.706817984580994,33.381760120391846,33.56449604034424,0.9462084770202636,0.6685216718912125,19.203714174648887,25.503901068121195,100
357750,90.43276850000002,250.0,0.01,18.03884515352547,50.25576540827751,32.65445828437805,33.34020972251892,33.52294564247131,0.9462024569511414,0.6685216718912125,19.37265765847482,25.644012141972784,100
358000,84.10577132999998,250.0,0.01,18.42674290575087,50.00365862250328,32.59337544441223,33.286887407302856,33.46962332725525,0.9462053179740906,0.6585216718912125,19.84323162659581,26.05749219283461,100
358250,77.93328851,250.0,0.01,18.768902031704783,49.82422286272049,32.54883885383606,33.27241241931915,33.45514535903931,0.9460108876228333,0.6485216718912125,20.20337963201062,26.27036875113845,100
358500,70.38000244000001,250.0,0.01,19.106184592470527,49.459880620241165,32.48747289180756,33.2383394241333,33.42107534408569,0.9451953172683716,0.6385216718912125,20.58028902943886,26.47912968322635,100
358750,68.0979545,250.0,0.01,19.500811422243714,49.1513377726078,32.4214905500412,33.20336043834686,33.37568938732147,0.945018708705902,0.6285216718912124,20.82173641599477,26.653029065579176,100
359000,67.18800083000001,250.0,0.01,19.764269763603806,49.02541542053223,32.3848158121109,33.169567584991455,33.341893553733826,0.945025622844696,0.6285216718912124,21.042509373630683,26.921561729162928,100
359250,61.13247955999999,250.0,0.01,20.10420852340758,48.73011723160744,32.323119044303894,33.13282132148743,33.30514430999756,0.9448460936546326,0.6185216718912124,21.403284399374435,27.17711530998349,100
359500,61.21194835,250.0,0.01,20.413027027621865,48.60629040002823,32.267916202545166,33.080485463142395,33.252814412117004,0.9448506832122804,0.6185216718912124,21.6509798057366,27.48092984035611,100
359750,55.27158542,250.0,0.01,20.705859998241067,48.32470613718033,32.18468725681305,33.003029227256775,33.175355195999146,0.944863259792328,0.6085216718912124,22.01705433971459,27.764988023787733,100
360000,54.57978287000001,250.0,0.01,21.25582501478493,48.15231302380562,32.12288320064545,32.96031057834625,33.13263654708862,0.9448230266571044,0.5985216718912124,22.45023495503072,28.21321715787053,100
360250,45.22064266,250.0,0.01,21.603904170915484,47.76991641521454,32.055309414863586,32.92705416679382,33.099380135536194,0.9442680478096008,0.5885216718912125,22.742962010299657,28.5373296327889,100
360500,45.21653492,250.0,0.01,21.947257278487086,46.27810806035996,31.918612122535706,31.94619417190552,32.03822672367096,0.9534714221954346,0.5885216718912125,22.81150949590288,28.6395130045712,100
360750,36.68798843,250.0,0.01,22.34348492138088,45.9249210357666,31.8624883890152,31.914538145065308,32.00657367706299,0.9532728791236876,0.5885216718912125,23.216753161092445,28.86395973339677,100
361000,35.82898578,250.0,0.01,22.5717169623822,45.79451286792755,31.80633783340454,31.869399547576904,31.961432099342343,0.9532623291015624,0.5785216718912125,23.390947312353024,28.9868145622313,100
361250,35.90187795,250.0,0.01,22.53519114665687,45.22636488080025,31.68017566204071,31.63074254989624,31.639057397842407,0.9553053379058838,0.5785216718912125,23.440174878058784,28.573023084551096,100
361500,29.89534264000001,250.0,0.01,22.8533180039376,45.027804642915726,31.637677550315857,31.59429430961609,31.60261213779449,0.9552987813949584,0.5685216718912125,23.782819944778183,28.66146460548043,100
361750,24.96688136,250.0,0.01,23.14872538112104,44.84285777807236,31.59971237182617,31.602564454078674,31.61087930202484,0.9551103115081788,0.5585216718912125,24.05184014201534,28.94810340926051,100
362000,19.01415919,250.0,0.01,23.459168454632163,44.6881143450737,31.56827986240387,31.57195746898651,31.58027231693268,0.9551092386245728,0.5485216718912125,24.42236241267902,29.183658402413133,100
362250,12.725365029999995,250.0,0.01,23.708349203690886,44.507621109485626,31.5125972032547,31.5237820148468,31.532099843025208,0.9551079273223876,0.5385216718912125,24.70444674602076,29.358544941991564,100
362500,5.8492318499999945,250.0,0.01,24.204024029895663,44.200500428676605,31.435739994049072,31.47492408752441,31.48323893547058,0.9549227356910706,0.5285216718912125,25.147041330960533,29.80564261600375,100
362750,-2.2722886600000054,250.0,0.01,24.55778704024852,43.92989301681519,31.355756521224976,31.4421147108078,31.450435519218445,0.954506516456604,0.5385216718912125,25.49447311570188,30.17076789587736,100
363000,-8.572275810000002,250.0,0.01,24.81608454324305,43.60433980822563,31.30001425743103,31.409800052642822,31.418120861053467,0.9543121457099916,0.5285216718912125,25.778890684696552,30.302574567496777,100
363250,-9.334691660000002,250.0,0.01,25.249366233125333,43.19799199700356,31.22926950454712,31.335586309432983,31.34390413761139,0.9543179273605348,0.5185216718912125,26.135267807299144,30.741757616400715,100
363500,-16.678145740000005,250.0,0.01,25.541548224166032,42.97301453351975,31.16125762462616,31.30074143409729,31.309056282043457,0.9541426301002502,0.5185216718912125,26.47985019479578,31.030053198337555,100
363750,-22.946789970000008,250.0,0.01,25.902148270979524,42.71177726984024,31.077927350997925,31.240051984786987,31.2483698129654,0.9540061950683594,0.5085216718912124,26.84741707700797,31.306307911872867,100
364000,-29.275575470000007,250.0,0.01,26.169328479096293,42.420489221811295,31.00190460681916,31.186211109161377,31.190764904022217,0.9538670182228088,0.4985216718912124,27.070042266808542,31.465676859021187,100
364250,-37.75859457000001,250.0,0.01,26.49413572065532,42.14897570014,30.932101607322693,31.1346173286438,31.13917410373688,0.9536759257316588,0.4885216718912125,27.311091901420724,31.777251601219174,100
364500,-43.61049543,250.0,0.01,27.012278502807018,41.8102120757103,30.8816522359848,31.10148310661316,31.10603988170624,0.9535386562347412,0.4785216718912125,27.744486646636844,32.265663020312786,100
364750,-50.01699925,250.0,0.01,27.424806794151664,41.55417576432228,30.814963579177856,31.036844849586487,31.041398644447327,0.9535449147224426,0.4688164639472961,28.198812017466608,32.44974117726088,100
365000,-57.73959851000001,250.0,0.01,27.826676933094856,41.24758389592171,30.74066042900085,30.986323952674866,30.990877747535706,0.9533243775367736,0.4588164639472961,28.560896034673856,32.85379861108959,100
365250,-64.31799101,250.0,0.01,28.175509339198467,40.97298499941826,30.64833283424377,30.92027008533477,30.924826860427856,0.9531440138816832,0.4488164639472961,28.87567371092848,33.12294304184616,100
365500,-73.78773650000001,250.0,0.01,28.656626662239432,40.82125863432884,30.608054995536804,30.90260922908783,30.90716302394867,0.9529468417167664,0.4488164639472961,29.3970381918512,33.57815091125667,100
365750,-80.40956673,250.0,0.01,29.00047022290528,40.65881022810936,30.570918321609497,30.869966745376587,30.874520540237427,0.9529484510421752,0.4388164639472961,29.727211384209067,33.86178891174495,100
366000,-87.57077404999998,250.0,0.01,29.4760077316314,40.427580088377,30.49589395523072,30.828171968460083,30.832725763320923,0.952722191810608,0.4388164639472961,30.22889046443222,34.062690718099475,100
366250,-94.06162521,250.0,0.01,29.847834212705493,40.14511123299599,30.438384413719177,30.77264130115509,30.77719509601593,0.9527284502983092,0.4288164639472961,30.5716695342219,34.28550192527473,100
366500,-99.9963548,250.0,0.01,30.22756985016167,39.81584498286247,30.38873374462128,30.746686458587646,30.74723780155182,0.95256370306015,0.4188164639472961,30.877496238098782,34.424782602116466,100
366750,-107.04031785,250.0,0.01,30.452537389472127,39.52433452010155,30.34696877002716,30.72579801082611,30.726346373558044,0.952379584312439,0.4088164639472961,31.08756403211116,34.55914948694408,100
367000,-106.99778599,250.0,0.01,30.64715346880257,39.4044506251812,30.296218395233154,30.67842721939087,30.67897856235504,0.9523712396621704,0.3988164639472961,31.284680991940785,34.64235411398113,100
367250,-113.23799745,250.0,0.01,30.95684915222228,39.172233551740646,30.270907282829285,30.67046403884888,30.67101538181305,0.9521647095680236,0.3888164639472961,31.57474506818776,34.92099796049297,100
367500,-119.32386887,250.0,0.01,31.308682153001428,39.01172602176666,30.233708024024963,30.635657906532288,30.63620924949646,0.952171802520752,0.3788164639472961,31.9468918317116,35.15839153341949,100
367750,-123.75876967,250.0,0.01,31.54980527795852,38.819371193647385,30.175918340682983,30.59082627296448,30.59137463569641,0.9521784782409668,0.3688164639472961,32.1760871981389,35.393531216308475,100
368000,-130.01716336,250.0,0.01,31.852082805708047,38.510677486658096,30.116337537765503,30.54660558700561,30.547156929969788,0.9519861340522766,0.3588164639472961,32.51389617117799,35.72180933691561,100
368250,-136.37193009,250.0,0.01,32.23106557317078,38.19648361206055,30.06709516048432,30.528855323791504,30.52940666675568,0.9516263008117676,0.3488164639472961,32.812996531006576,36.06745574809611,100
368500,-143.42251339,250.0,0.01,32.65485588647425,37.96031275391579,29.999300837516785,30.479338765144348,30.47988712787628,0.951466143131256,0.3388164639472961,33.24825748037638,36.43873848207295,100
368750,-149.82067994000002,250.0,0.01,32.94551304168999,37.65665578842163,29.948586225509644,30.468934774398804,30.46948909759521,0.9512688517570496,0.3288164639472961,33.51874747424194,36.304893063381314,100
369000,-154.59928681000002,250.0,0.01,33.15791070647538,37.39600744843483,29.89625036716461,30.42062819004059,30.421182513237,0.9512689709663392,0.3188164639472961,33.76942202898498,36.14267666824162,100
369250,-160.11618238,250.0,0.01,33.46557000465691,37.017116487026215,29.86539900302887,30.39439022541046,30.39494156837464,0.9512759447097778,0.3088164639472961,33.99520254036428,36.46608109772205,100
369500,-166.94277145999996,250.0,0.01,33.84054015018046,36.70197695493698,29.825040698051453,30.368518829345703,30.36906719207764,0.9511415362358092,0.2988164639472961,34.38213856257914,36.6175167709589,100
369750,-170.75056232999998,250.0,0.01,34.118629140779376,36.36322993040085,29.77145910263061,30.336785316467285,30.337336659431458,0.9509356617927552,0.2888164639472961,34.57090455345215,36.86239670217037,100
370000,-177.11802433,250.0,0.01,34.53821863420308,35.99285131692886,29.714390635490417,30.297216773033146,30.297768115997314,0.9507846832275392,0.2788164639472961,34.927492070809144,37.15095627307892,100
370250,-180.24572602,250.0,0.01,34.9053407702595,35.79015690088272,29.65715229511261,30.24152815341949,30.242079496383667,0.9507847428321838,0.2688164639472961,35.23203024037677,37.30006220936775,100
370500,-186.92720016,250.0,0.01,35.23514418490231,35.4082071185112,29.623016715049744,30.22305965423584,30.22361099720001,0.950646996498108,0.2588164639472961,35.56031408838656,37.601623982191086,100
370750,-194.29586447,250.0,0.01,35.58788420446217,35.10959851741791,29.594334959983826,30.216646194458008,30.21719753742218,0.9504438042640686,0.2488164639472961,35.91889903936043,37.90117521584034,100
371000,-201.26582624,250.0,0.01,35.90132528357208,34.84643602371216,29.568669199943542,30.21685481071472,30.21740615367889,0.9502297043800354,0.2388164639472961,36.25066878989158,38.05469708144665,100
371250,-206.58391593,250.0,0.01,36.16257696412504,34.52969491481781,29.50410842895508,30.176731944084167,30.17728328704834,0.9500259160995485,0.2288164639472961,36.4210496860113,38.27702021598816,100
371500,-213.02907379,250.0,0.01,36.46507273428142,34.319577157497406,29.443857073783875,30.13489842414856,30.13544976711273,0.9498989582061768,0.2188164639472961,36.74583280567424,38.48117318749428,100
371750,-219.15271244,250.0,0.01,36.90943134762347,34.03175514936447,29.41260039806366,30.10838031768799,30.10893166065216,0.9499467611312866,0.2088164639472961,37.16902958297591,38.905020263046026,100
372000,-225.77997849,250.0,0.01,37.12463911063969,33.7946061193943,29.354509711265564,30.07754683494568,30.07809519767761,0.9497417211532592,0.1988164639472961,37.44793495760213,39.07334079220891,100
372250,-232.8088762,250.0,0.0,37.398314168676734,33.603945553302765,29.301953315734863,30.042311549186707,30.04286289215088,0.9494648575782776,0.1888164639472961,37.69208209424248,39.25306779518724,100
372500,-239.08927026,250.0,0.0,37.70309859700501,33.300251454114914,29.24523651599884,29.99210357666016,29.99265491962433,0.9494696259498596,0.1888164639472961,37.95880634429799,39.41568492725492,100
372750,-244.72952551,250.0,0.0,38.06841024197638,32.96986520290375,29.18828129768372,29.95671927928925,29.95727062225341,0.9492891430854796,0.1888164639472961,38.38073004794164,39.38285367563367,100
373000,-247.48154474,250.0,0.0,38.61823028698564,32.568228393793106,29.12742495536804,29.912269115448,29.91282045841217,0.9491541981697084,0.1788164639472961,38.78508731429711,39.920319363474846,100
373250,-254.70742798,250.0,0.0,38.841041792184114,32.182986199855804,29.099643230438232,29.88552153110504,29.88607287406921,0.949159562587738,0.1688164639472961,38.99248997482496,40.09883499890566,100
373500,-261.07325951,250.0,0.0,39.13364676386118,31.830655217170715,29.042255878448486,29.83002662658692,29.830577969551086,0.9491801261901855,0.1588164639472961,39.3221519506451,40.34627574682236,100
373750,-266.41282608999995,250.0,0.0,39.40956452488899,31.551334500312805,29.00395691394806,29.79514002799988,29.79569137096405,0.94918692111969,0.1488164639472961,39.59618300155703,40.58585235476494,100
374000,-268.26003219,250.0,0.0,39.529078498482704,31.27974778413772,28.94010841846466,29.733145236969,29.733696579933167,0.9491868019104004,0.1388164639472961,39.72002064229479,40.52493914961815,100
374250,-274.17574408,250.0,0.0,39.83195542544127,31.03052267432213,28.89818251132965,29.71608638763428,29.71608638763428,0.9489834308624268,0.1288164639472961,40.07739804760045,40.70947630703449,100
374500,-274.8055397,250.0,0.0,40.05622939020395,30.8856655061245,28.87251079082489,29.69297468662262,29.69297468662262,0.9489904642105104,0.1188164639472961,40.25653893959121,40.73026157915592,100
374750,-283.22495713,250.0,0.0,40.39351802691817,30.525455802679065,28.79629135131836,29.641705751419067,29.641705751419067,0.948801577091217,0.1288164639472961,40.58355642938224,40.65442623198032,100
375000,-288.13431398,250.0,0.0,40.7233445905149,30.25686061382294,28.77807319164276,29.64540719985962,29.64540719985962,0.9486232995986938,0.1188164639472961,40.82891363725756,40.7950706332922,100
375250,-293.12147445,250.0,0.0,40.977161794900894,29.724313437938687,28.72644066810608,29.450666904449463,29.450666904449463,0.9500988721847534,0.1188164639472961,41.04087995266612,40.91730925440788,100
375500,-293.06493031,250.0,0.0,41.09276369214058,29.72035044431686,28.72072458267212,29.44670617580413,29.44670617580413,0.9500990509986876,0.1188164639472961,41.1569408459037,41.03335189819336,100
375750,-294.27095236,250.0,0.0,41.14028361439705,29.72156438231468,28.7225604057312,29.44791913032532,29.44791913032532,0.9500990509986876,0.1188164639472961,41.20462117688604,41.0810264647007,100
376000,-294.48560622,250.0,0.0,41.09799274802208,29.689455926418308,28.68672609329224,29.41582202911377,29.41582202911377,0.9500990509986876,0.1188164639472961,41.16121593826428,41.03762397170067,100
376250,-293.64954585000004,250.0,0.0,40.9720875620842,29.70639991760254,28.67815494537353,29.421505331993103,29.421505331993103,0.950092911720276,0.1188164639472961,41.04523490298588,40.91019886732101,100
376500,-294.13410793,250.0,0.0,40.96016213297844,29.681706696748734,28.64960730075836,29.396814107894897,29.396814107894897,0.950092911720276,0.1188164639472961,41.03194492267149,40.89692685008049,100
376750,-291.61745112999995,250.0,0.0,40.80672663450241,29.712540745735165,28.67995798587799,29.427647590637207,29.427647590637207,0.9500927925109864,0.1088164639472961,40.87833692651949,40.743314415216446,100
377000,-291.58374378,250.0,0.0,40.99099206924439,29.7159284055233,28.688636422157288,29.431036114692688,29.431036114692688,0.950092911720276,0.1088164639472961,41.06400380915004,40.92884224653244,100
377250,-290.3146745,250.0,0.0,41.09596613049507,29.724167883396145,28.69969606399536,29.439270496368408,29.439270496368408,0.950092911720276,0.1088164639472961,41.16962889716622,41.03447267413139,100
377500,-290.23461028,250.0,0.0,41.004370987415314,29.736744821071625,28.698980808258057,29.446831345558167,29.446831345558167,0.9499733448028564,0.1088164639472961,41.07882665083405,40.94341188669205,100
377750,-290.35228137,250.0,0.0,40.8282744884491,29.718665421009067,28.67704331874848,29.42875325679779,29.42875325679779,0.9499735236167908,0.1088164639472961,40.9003452491955,40.765079975128174,100
378000,-289.15838436,250.0,0.0,40.9018090069294,29.71429333090782,28.657090663909912,29.4152170419693,29.4152170419693,0.9499855041503906,0.1,41.01742502203493,40.83983251452446,100
378250,-287.60155877,250.0,0.0,40.760592103004456,29.68610814213753,28.644302487373352,29.389086365699768,29.389086365699768,0.9499715566635132,0.09,40.85815576163138,40.69777271151543,100
378500,-284.28462491000005,250.0,0.0,40.73675632476807,29.724849104881283,28.685450553894043,29.42782938480377,29.42782938480377,0.949971616268158,0.08,40.8353659294914,40.6749874651432,100
378750,-284.41870419,250.0,0.0,40.6297473013401,29.66932925581932,28.66605520248413,29.396313428878784,29.396313428878784,0.9499784111976624,0.08,40.7313260715604,40.56608635187149,100
379000,-284.32228736,250.0,0.0,40.68243983387947,29.65402221679688,28.66381704807281,29.38154637813568,29.38154637813568,0.9499784708023072,0.08,40.78444325423062,40.61886224150658,100
379250,-282.65145601000006,250.0,0.0,40.704958379268646,29.64177104830742,28.64762246608734,29.3692946434021,29.3692946434021,0.9499786496162416,0.08,40.8068766992184,40.64256536960602,100
379500,-281.9974630600001,250.0,0.0,40.76965707540512,29.641278088092804,28.64445447921753,29.36875522136688,29.36875522136688,0.9499784708023072,0.08,40.87177094871183,40.70753675699234,100
379750,-281.98426624,250.0,0.0,40.77476918697357,29.628327935934067,28.65127623081208,29.36062216758728,29.36062216758728,0.9499790668487548,0.08,40.87560512013945,40.71822014451027,100
380000,-282.06268579,250.0,0.0,40.61359164118767,29.616629987955097,28.641068935394287,29.34911549091339,29.34911549091339,0.9499790668487548,0.08,40.713705872042766,40.55633509159088,100
380250,-282.22034828999995,250.0,0.0,40.48762089014053,29.61991140246391,28.646188974380493,29.35239672660828,29.35239672660828,0.9499790668487548,0.08,40.58771249200193,40.43156307935715,100
380500,-282.47420677,250.0,0.0,40.28044834733009,29.604178369045258,28.62999439239502,29.33666408061981,29.33666408061981,0.94997900724411,0.08,40.378141966912025,40.222026348114014,100
380750,-282.74703763,250.0,0.0,40.28630903363228,29.62146720290184,28.64847481250763,29.353949427604675,29.353949427604675,0.9499789476394652,0.08,40.38588502487124,40.23113292455673,100
381000,-283.00161851,250.0,0.0,40.32256439328194,29.61401581764221,28.63975465297699,29.34650182723999,29.34650182723999,0.949978768825531,0.08,40.42200950298622,40.267257392406464,100
381250,-282.70423073,250.0,0.0,40.26942291855812,29.5911585688591,28.621655702590942,29.3247938156128,29.3247938156128,0.949979305267334,0.08,40.379457790042856,40.21226912736893,100
381500,-282.59274449000003,250.0,0.0,40.31942820549011,29.57379758358002,28.60671877861023,29.307425022125244,29.307425022125244,0.949979305267334,0.08,40.42884157181132,40.26145541667938,100
381750,-282.61230434000004,250.0,0.0,40.24982565641403,29.564858466386795,28.59834730625153,29.298484325408936,29.298484325408936,0.9499794840812684,0.08,40.35893040797886,40.19151291251183,100
382000,-281.47563267000004,250.0,0.0,40.223732471466064,29.55344998836517,28.59158217906952,29.28754091262817,29.28754091262817,0.9499794244766236,0.08,40.33207186958966,40.16492548584938,100
382250,-281.69665691,250.0,0.0,40.28361377120018,29.559759467840195,28.59835922718048,29.29385006427765,29.29385006427765,0.9499792456626892,0.08,40.39256417852419,40.22541710734368,100
382500,-282.90392545000003,250.0,0.0,40.16213783621788,29.55054920911789,28.58511209487915,29.28463816642761,29.28463816642761,0.9499794244766236,0.08,40.26990675057557,40.102762162685394,100
382750,-281.55146193,250.0,0.0,40.16069737076759,29.518914490938187,28.5790354013443,29.273656010627747,29.273656010627747,0.9499855041503906,0.07,40.24840745253212,40.10123524069786,100
383000,-282.53444229,250.0,0.0,40.08382424712181,29.51768028736115,28.58479619026184,29.275599122047424,29.275599122047424,0.9499765038490297,0.0795208692550659,40.16237256029564,40.02335122227669,100
383250,-282.6376492,250.0,0.0,40.08559954166412,29.52090767025948,28.588631749153137,29.27304804325104,29.27304804325104,0.9499716758728028,0.0795208692550659,40.18489053049999,40.01965373754501,100
383500,-282.1196694,250.0,0.0,40.30457678437233,29.517231941223145,28.60078811645508,29.27798926830292,29.27798926830292,0.9499497413635254,0.0795208692550659,40.36842260103676,40.2383525967598,100
383750,-281.96338825000004,250.0,0.0,40.286715149879456,29.525344699621204,28.6035031080246,29.281237721443176,29.281237721443176,0.949942946434021,0.0795208692550659,40.36276316733413,40.23268601298332,100
384000,-282.11988171,250.0,0.0,40.15831285715103,29.519771873950955,28.592240810394287,29.272526502609253,29.272526502609253,0.94994854927063,0.0795208692550659,40.24566561704744,40.101717442274094,100
384250,-282.18063266,250.0,0.0,40.19164317846298,29.53111630678177,28.59698235988617,29.28619086742401,29.28619086742401,0.9499549865722656,0.0795208692550659,40.25319694927204,40.135567635297775,100
384500,-282.33547016999995,250.0,0.0,40.05121904611588,29.54640913009644,28.61163914203644,29.30150330066681,29.30150330066681,0.9499550461769104,0.0795208692550659,40.11235502810149,39.994728326797485,100
384750,-282.4343126,250.0,0.0,40.12261232733727,29.55629825592041,28.622883558273315,29.314959049224854,29.314959049224854,0.949949324131012,0.0795208692550659,40.15235230774551,40.06536713242531,100
385000,-281.94195297,250.0,0.0,39.79681631922722,29.519755274057392,28.622105717659,29.29852604866028,29.29852604866028,0.9499757885932922,0.0795208692550659,39.82802244379217,39.68299177289009,100
385250,-284.01183082,250.0,0.0,39.740420281887054,29.48141902685165,28.606972098350525,29.266735911369324,29.266735911369324,0.9499822854995728,0.0895208692550659,39.77233116538562,39.62514433264733,100
385500,-284.86305084,250.0,0.0,39.69358438253403,29.48620346188545,28.605327010154724,29.271802306175232,29.271802306175232,0.9499671459197998,0.0895208692550659,39.70295085401573,39.5780640244484,100
385750,-283.00802821,250.0,0.0,39.65804514288902,29.489595800638195,28.61029803752899,29.27556037902832,29.27556037902832,0.9499671459197998,0.0795208692550659,39.66774781602526,39.54283007979393,100
386000,-282.87029863,250.0,0.0,39.64552074670792,29.50111585855484,28.653347492218018,29.31000590324402,29.31000590324402,0.9499776363372804,0.0795208692550659,39.65248726388446,39.530609130859375,100
386250,-282.5142927899999,250.0,0.0,39.71545025706291,29.48193845152855,28.63490581512451,29.290887713432312,29.290887713432312,0.9499775171279908,0.0895208692550659,39.720275403382985,39.59839478135109,100
386500,-284.07998926999994,250.0,0.0,40.00939705967903,29.48391765356064,28.63887250423432,29.29283082485199,29.29283082485199,0.9499697089195251,0.0895208692550659,40.01189585459491,39.89001283049584,100
386750,-284.16222389,250.0,0.0,40.09363752603531,29.445588290691376,28.642964363098145,29.270800948143005,29.270800948143005,0.9499765634536744,0.0895208692550659,40.08104677431047,39.97506806254387,100
387000,-284.2581724,250.0,0.0,40.14101782441139,29.437770903110504,28.63655388355255,29.26298379898072,29.26298379898072,0.949976682662964,0.0990611851215362,40.12791147015751,40.02193462848663,100
387250,-283.9229001599999,250.0,0.0,40.3111065030098,29.45647776126862,28.66876721382141,29.29055690765381,29.29055690765381,0.9499839544296264,0.0990611851215362,40.29506170412422,40.18779131770134,100
387500,-283.84622851,250.0,0.0,40.30313628911972,29.464870095252994,28.68003845214844,29.298949241638184,29.298949241638184,0.9499838352203368,0.0990611851215362,40.28749693294885,40.18022808432579,100
387750,-281.52579398,250.0,0.0,40.2778255045414,29.445806592702866,28.70490849018097,29.29334342479705,29.29334342479705,0.9502740502357484,0.0890611851215362,40.23837476835982,40.15640592575073,100
388000,-283.10132917000004,250.0,0.0,40.30205592513085,29.44662496447563,28.706246614456177,29.294228553771973,29.294228553771973,0.9502739906311036,0.0990611851215362,40.26256774778908,40.18069809675217,100
388250,-283.31827658000003,250.0,0.0,40.14053735136986,29.475772321224213,28.732657432556152,29.323217272758484,29.323217272758484,0.9502742290496826,0.0990611851215362,40.10381114995226,40.02000266313553,100
388500,-282.94352119,250.0,0.0,40.18723466992378,29.47062665224076,28.758922219276428,29.33726012706757,29.33726012706757,0.950278639793396,0.0890611851215362,40.145343147871344,40.06748005747795,100
388750,-283.05710221,250.0,0.0,40.05087438225746,29.480058252811432,28.76360714435577,29.34812307357788,29.34812307357788,0.9502786993980408,0.0890611851215362,39.99312280779824,39.926719188690186,100
389000,-282.99506058,250.0,0.0,40.232977122068405,29.507149696350098,28.795623779296875,29.379895329475403,29.379895329475403,0.95028555393219,0.0890611851215362,40.17826436127966,40.08728069067001,100
389250,-282.33219173,250.0,0.0,40.36214655637741,29.518025308847427,28.81290912628174,29.39707636833191,29.39707636833191,0.9502924084663392,0.0890611851215362,40.32317001985474,40.19003608822823,100
389500,-282.11358357999995,250.0,0.0,40.30750823020935,29.48799788951873,28.778788447380062,29.367053508758545,29.367053508758545,0.9502923488616944,0.0890611851215362,40.266911190942885,40.13377928733826,100
389750,-281.85341575,250.0,0.0,40.19726121425629,29.511163413524628,28.80052328109741,29.3902188539505,29.3902188539505,0.9502923488616944,0.0890611851215362,40.15651088608235,40.02334609627724,100
390000,-281.79811417,250.0,0.0,40.19291386008263,29.51135241985321,28.801026940345764,29.390406608581543,29.390406608581543,0.9502925276756288,0.0890611851215362,40.15217062320573,40.02030432224274,100
390250,-281.70372194,250.0,0.0,40.59639996290207,29.524043142795563,28.81988286972046,29.40327525138855,29.40327525138855,0.950282335281372,0.0890611851215362,40.55797715140312,40.4261140525341,100
390500,-279.30950422,250.0,0.0,40.36332324147224,29.52620840072632,28.82055938243866,29.40544188022613,29.40544188022613,0.950282335281372,0.0790611851215362,40.32434716708921,40.1924846470356,100
390750,-279.26604027,250.0,0.0,40.287091970443726,29.490326285362244,28.78888249397278,29.37338650226593,29.37338650226593,0.9502872228622437,0.0790611851215362,40.218391652446286,40.11480495333672,100
391000,-279.13237572,250.0,0.0,40.106105864048,29.45218226313592,28.793850541114807,29.371240735054016,29.371240735054016,0.9503304362297058,0.0690611851215362,40.02981453691055,39.92489165067673,100
391250,-279.26985772,250.0,0.0,40.009697049856186,29.447779566049576,28.78932058811188,29.36682105064392,29.36682105064392,0.9503304362297058,0.0690611851215362,39.93324909119482,39.82984951138496,100
391500,-279.25140157,250.0,0.0,40.00728994607925,29.435319364070896,28.777098655700684,29.354360699653625,29.354360699653625,0.9503302574157716,0.0690611851215362,39.93069064483859,39.82730096578598,100
391750,-278.96008075,250.0,0.0,40.13256567716599,29.434340208768845,28.774642944335938,29.352766275405884,29.352766275405884,0.9503388404846193,0.0690611851215362,40.063736360428905,39.95280662178993,100
392000,-278.92316399,250.0,0.0,40.0857840180397,29.41847118735313,28.761151432991028,29.340413212776184,29.340413212776184,0.9503331780433656,0.0690611851215362,40.0196486754229,39.90448376536369,100
392250,-278.97873123,250.0,0.0,40.11519241333008,29.42675173282624,28.76802682876587,29.348698258399963,29.348698258399963,0.9503331780433656,0.0690611851215362,40.04950933266356,39.93434059619904,100
392500,-279.01587183,250.0,0.0,40.04002133011818,29.41359215974808,28.75183820724488,29.335570335388184,29.335570335388184,0.9503331780433656,0.0690611851215362,39.97341717509153,39.85824862122536,100
392750,-279.09864105,250.0,0.0,40.014543294906616,29.39501404762268,28.7436991930008,29.31694984436035,29.31694984436035,0.9503333568572998,0.0690611851215362,39.94751125800334,39.826939702034,100
393000,-279.12024635,250.0,0.0,40.17054134607315,29.37705630064011,28.72218191623688,29.298993945121765,29.298993945121765,0.9503334164619446,0.0690611851215362,40.10382356671216,39.98326602578163,100
393250,-279.1960641,250.0,0.0,40.23857605457306,29.335559725761414,28.695577383041385,29.25991714000702,29.25991714000702,0.9503334164619446,0.0690611851215362,40.16654101439041,40.048478811979294,100
393500,-280.50511386,250.0,0.0,40.24342411756516,29.330195009708405,28.686848282814022,29.254549741744995,29.254549741744995,0.9503332376480104,0.0790611851215362,40.171227844061605,40.05304870009422,100
393750,-280.53830936,250.0,0.0,40.39240285754204,29.320507794618607,28.67893278598785,29.24242913722992,29.24242913722992,0.950328528881073,0.0790611851215362,40.3234422668836,40.202321499586105,100
394000,-280.58029514,250.0,0.0,40.32084792852402,29.346326649189,28.696143627166748,29.258838295936584,29.258838295936584,0.9503219127655028,0.0790611851215362,40.26550127715085,40.16303035616875,100
394250,-280.67730891,250.0,0.0,40.41314136981964,29.32062494754792,28.67003083229065,29.2331337928772,29.2331337928772,0.9503219723701476,0.0790611851215362,40.35754692289778,40.25505143404007,100
394500,-280.65764058,250.0,0.0,40.371053367853165,29.29953953623772,28.643089532852173,29.212048649787903,29.212048649787903,0.9503219127655028,0.0790611851215362,40.31404906459485,40.21155551075936,100
394750,-280.59764058,250.0,0.0,40.462898790836334,29.313220381736755,28.64314913749695,29.21968400478363,29.21968400478363,0.9503146409988404,0.0790611851215362,40.43200305946503,40.32838851213455,100
395000,-280.59667375000004,250.0,0.0,40.36407202482224,29.303552120924,28.632637858390808,29.210013151168823,29.210013151168823,0.9503147006034852,0.0790611851215362,40.332682652040376,40.22906720638275,100
395250,-280.61895545,250.0,0.0,40.23759910464287,29.292366236448288,28.620237112045288,29.19878661632538,29.19878661632538,0.9503148794174194,0.0790611851215362,40.20539417906863,40.10177278518677,100
395500,-280.65534888,250.0,0.0,40.34721499681473,29.29978954792023,28.60345244407653,29.19100821018219,29.19100821018219,0.9503238797187804,0.0790611851215362,40.31610951552766,40.2095231115818,100
395750,-280.75389347000004,250.0,0.0,40.3623870909214,29.29623839259148,28.5979837179184,29.187455773353577,29.187455773353577,0.9503238797187804,0.0790611851215362,40.33104288309789,40.22302708029747,100
396000,-280.80968579000006,250.0,0.0,40.40830719470978,29.26307421922684,28.56552600860596,29.154574871063232,29.154574871063232,0.9503237009048462,0.0790611851215362,40.37581742535012,40.26809900999069,100
396250,-280.80283725000004,250.0,0.0,40.45876350998879,29.262743026018143,28.56694459915161,29.15467917919159,29.15467917919159,0.9503238201141356,0.0790611851215362,40.42624078373091,40.31986030936241,100
396500,-280.89687445000004,250.0,0.0,40.51106864213944,29.27765128016472,28.583678603172302,29.16958928108216,29.16958928108216,0.9503236413002014,0.0790611851215362,40.48003119409061,40.37476631999016,100
396750,-281.07570478,250.0,0.0,40.490688502788544,29.27158135175705,28.580158948898315,29.160407185554504,29.160407185554504,0.9503177404403688,0.0790611851215362,40.48461322168486,40.35457131266594,100
397000,-280.56158013000004,250.0,0.0,40.63410899043083,29.26810598373413,28.576219081878666,29.15670871734619,29.15670871734619,0.9503178596496582,0.0790611851215362,40.62875238759822,40.49872210621834,100
397250,-280.66023871,250.0,0.0,40.722889095544815,29.31210899353028,28.58350276947021,29.17957901954651,29.17957901954651,0.9503117203712464,0.0790611851215362,40.72382870121306,40.58762615919113,100
397500,-280.60078953,250.0,0.0,40.776284486055374,29.315450459718704,28.59091758728028,29.18279767036438,29.18279767036438,0.9503118991851808,0.0790611851215362,40.77776949522041,40.641495048999786,100
397750,-280.63235146000005,250.0,0.0,40.65011188387871,29.30885875225067,28.583714365959167,29.17620539665222,29.17620539665222,0.9503118991851808,0.0790611851215362,40.65070717053754,40.51443549990654,100
398000,-280.41928577,250.0,0.0,40.49727603793144,29.29891845583916,28.571462631225582,29.166266322135925,29.166266322135925,0.9503118991851808,0.0790611851215362,40.49697241253797,40.36070200800896,100
398250,-280.2712566,250.0,0.0,40.62614014744759,29.29866647720337,28.570321202278137,29.16601300239563,29.16601300239563,0.9503118991851808,0.0790611851215362,40.62592513216393,40.489655554294586,100
398500,-280.34683789,250.0,0.0,40.66044542193413,29.288807183504105,28.55616807937622,29.15623188018799,29.15623188018799,0.9503121376037598,0.0878574752807617,40.65923492265598,40.523003935813904,100
398750,-280.38537858,250.0,0.0,40.58468064665794,29.275421500206,28.540825843811035,29.14284467697144,29.14284467697144,0.9503121376037598,0.0878574752807617,40.58297599010523,40.44826531410217,100
399000,-280.3689874,250.0,0.0,40.68645766377449,29.275716364383698,28.54178547859192,29.14313971996308,29.14313971996308,0.9503121376037598,0.0878574752807617,40.68573402963933,40.55102002620697,100
399250,-280.46693376,250.0,0.0,40.84602239727974,29.28104394674301,28.547248244285583,29.14860248565674,29.14860248565674,0.9503121376037598,0.0878574752807617,40.84626582863785,40.7118890285492,100
399500,-280.58102326999995,250.0,0.0,40.85303086042404,29.284017831087112,28.53386402130127,29.14097309112549,29.14097309112549,0.9503121376037598,0.0878574752807617,40.85063550529284,40.71891725063324,100
399750,-280.08248272,250.0,0.0,40.7893453836441,29.28095456957817,28.552323579788208,29.156550765037537,29.156550765037537,0.950318157672882,0.0778574752807617,40.75544286824666,40.65664830803871,100
400000,-280.04290702,250.0,0.0,40.84630876779556,29.25520128011703,28.52371037006378,29.12914752960205,29.12914752960205,0.9503232836723328,0.0778574752807617,40.81188821849626,40.71309071779251,100
400250,-280.11790601,250.0,0.0,40.91586390137672,29.258479237556458,28.526240587234497,29.133421182632446,29.133421182632446,0.9503232836723328,0.0878574752807617,40.88538302836222,40.78263023495674,100
400500,-280.24893642,250.0,0.0,40.90434709191322,29.285637706518173,28.55883240699768,29.160577058792114,29.160577058792114,0.9503233432769777,0.0878574752807617,40.8745411491136,40.771922796964645,100
400750,-278.9627891,250.0,0.0,40.89248266816139,29.30542114377021,28.577381372451782,29.180359840393063,29.180359840393063,0.9503232836723328,0.0878574752807617,40.86292523755255,40.7603112757206,100
401000,-278.6495423,250.0,0.0,40.810888439416885,29.312963932752613,28.587502241134644,29.187819361686707,29.187819361686707,0.9503233432769777,0.0878574752807617,40.78175668580952,40.67913815379143,100
401250,-278.88767855000003,250.0,0.0,40.95901834964752,29.29292818903923,28.5911113023758,29.17903959751129,29.17903959751129,0.950329601764679,0.0878574752807617,40.91953388719874,40.82835537195206,100
401500,-280.18935686000003,250.0,0.0,41.009687811136246,29.3000662624836,28.60341370105744,29.186177253723145,29.186177253723145,0.9503295421600342,0.0878574752807617,40.97131956070697,40.88055163621903,100
401750,-280.24617574,250.0,0.0,41.03346395492554,29.28471213579178,28.58905792236328,29.170823097229004,29.170823097229004,0.9503297209739684,0.0878574752807617,40.995094874288704,40.90433022379875,100
402000,-280.34147648000004,250.0,0.0,41.11395719647408,29.281165421009064,28.57759296894073,29.16366755962372,29.16366755962372,0.9503249526023864,0.0878574752807617,41.08980790511518,40.98436087369919,100
402250,-280.33643475,250.0,0.0,41.18868717551232,29.285247772932056,28.58111262321472,29.167675971984863,29.167675971984863,0.9503248333930968,0.0878574752807617,41.16501876449336,41.05975338816643,100
402500,-280.35985099000004,250.0,0.0,41.14048779010773,29.278908491134644,28.59063446521759,29.16637361049652,29.16637361049652,0.9504443407058716,0.0878574752807617,41.11769179141272,41.01359936594963,100
402750,-280.26028563000006,250.0,0.0,41.19584164023399,29.29480051994324,28.60777974128723,29.18226718902588,29.18226718902588,0.9504443407058716,0.0878574752807617,41.17485754687971,41.07061603665352,100
403000,-280.12165632000006,250.0,0.0,41.17919319868088,29.269742608070377,28.595292568206787,29.16637361049652,29.16637361049652,0.9504323601722716,0.0878574752807617,41.11357841971237,41.05308538675308,100
403250,-280.12272496,250.0,0.0,41.28643807768822,29.267468601465225,28.59346568584442,29.16409969329834,29.16409969329834,0.9504324197769164,0.0878574752807617,41.22131813648064,41.1608253121376,100
403500,-280.10594989000003,250.0,0.0,41.22581693530083,29.28146868944168,28.60175967216492,29.178041219711304,29.178041219711304,0.9504325985908508,0.0878574752807617,41.16040710690338,41.10058730840683,100
403750,-279.91748767,250.0,0.0,41.2773500084877,29.286317944526672,28.609436750411987,29.18289303779602,29.18289303779602,0.9504326581954956,0.0878574752807617,41.21296052185123,41.15311461687088,100
404000,-280.26706897,250.0,0.0,41.181605756282806,29.283462822437283,28.60855460166931,29.18003797531128,29.18003797531128,0.9504325985908508,0.0878574752807617,41.11676628313884,41.056875854730606,100
404250,-279.99063892000004,250.0,0.0,41.112239480018616,29.27969035506248,28.605464100837708,29.17626202106476,29.17626202106476,0.9504324197769164,0.0878574752807617,41.04642894611711,40.98526635766029,100
404500,-279.83522941,250.0,0.0,41.05862566828728,29.28031846880913,28.60904633998871,29.17693853378296,29.17693853378296,0.9504324197769164,0.0878574752807617,40.99249730526091,40.93125385046005,100
404750,-279.8296849,250.0,0.0,41.07930293679237,29.285658717155457,28.61749529838562,29.18227910995484,29.18227910995484,0.9504321813583374,0.0878574752807617,41.01363351462962,40.95092716813088,100
405000,-279.90844588,250.0,0.0,41.154215425252914,29.290935277938846,28.62380743026733,29.187554121017456,29.187554121017456,0.9504323601722716,0.0878574752807617,41.08935334902253,41.02664765715599,100
405250,-279.71311645,250.0,0.0,41.155291467905045,29.27210912108421,28.60049307346344,29.16870415210724,29.16870415210724,0.9504324197769164,0.0878574752807617,41.089018747511865,41.02509206533432,100
405500,-279.53951931,250.0,0.0,41.20996829867363,29.29065778851509,28.622278571128845,29.18725609779358,29.18725609779358,0.9504324197769164,0.0878574752807617,41.146020778652726,41.08327531814575,100
405750,-279.32870425,250.0,0.0,41.28399616479874,29.30250218510628,28.63610982894897,29.19909954071045,29.19909954071045,0.9504325985908508,0.0878574752807617,41.22089831874537,41.157140493392944,100
406000,-279.11426470000004,250.0,0.0,41.31613603234291,29.33211499452591,28.63631546497345,29.214459657669067,29.214459657669067,0.9504278302192688,0.0878574752807617,41.28955619120462,41.189254105091095,100
406250,-279.14831486,250.0,0.0,41.45654591917992,29.342381566762928,28.653916716575623,29.22798693180084,29.22798693180084,0.9504216909408568,0.0878574752807617,41.42057295084999,41.33168685436249,100
406500,-279.26540708,250.0,0.0,41.358135253190994,29.345482766628265,28.649914264678955,29.230934381484985,29.230934381484985,0.9504218101501464,0.0878574752807617,41.32364175762138,41.23584413528442,100
406750,-279.33686473,250.0,0.0,41.322446554899216,29.33805379271508,28.637751936912537,29.223504662513733,29.223504662513733,0.9504216909408568,0.0878574752807617,41.2869918698609,41.19919568300247,100
407000,-279.58917324000004,250.0,0.0,41.29835391044617,29.32946145534515,28.629258275032043,29.21493649482727,29.21493649482727,0.9504218101501464,0.0878574752807617,41.26197504669826,41.17420190572739,100
407250,-279.86064984000006,250.0,0.0,41.38060873746872,29.35023790597916,28.620588779449463,29.23284471035004,29.23284471035004,0.9504266381263732,0.0878574752807617,41.342092587907295,41.256513208150864,100
407500,-278.72706030000006,250.0,0.0,41.41366302967072,29.40624019503593,28.641700744628903,29.27546203136444,29.27546203136444,0.9504607319831848,0.0878574752807617,41.38400472613283,41.2907595038414,100
407750,-278.74957926,250.0,0.0,41.40728241205216,29.40335091948509,28.635260462760925,29.268813133239743,29.268813133239743,0.950469970703125,0.0878574752807617,41.368832647920726,41.283613085746765,100
408000,-277.59666729,250.0,0.0,41.34363126754761,29.40312898159027,28.633394837379456,29.26859557628632,29.26859557628632,0.9504697918891908,0.0783366060256958,41.304505325974105,41.219285011291504,100
408250,-277.55230082,250.0,0.0,41.343701243400574,29.39284890890121,28.63010466098785,29.265698790550232,29.265698790550232,0.950474500656128,0.0783366060256958,41.28387608763683,41.219134002923965,100
408500,-277.66366383,250.0,0.0,41.07283076643944,29.38588243722916,28.62080335617065,29.25873100757599,29.25873100757599,0.9504743218421936,0.0783366060256958,41.01146132260397,40.94671976566315,100
408750,-277.80084887,250.0,0.0,41.067701905965805,29.381853342056274,28.62166166305542,29.259568452835083,29.259568452835083,0.9504811763763428,0.0783366060256958,40.99391378562395,40.9291777908802,100
409000,-276.99558691999994,250.0,0.0,41.26016429066658,29.39614588022232,28.640449047088623,29.277098178863525,29.277098178863525,0.9504755139350892,0.0683366060256958,41.174929681924425,41.12277320027352,100
409250,-276.95930485,250.0,0.0,41.29032510519028,29.39494958519936,28.635689616203308,29.27098572254181,29.27098572254181,0.9504812359809875,0.0683366060256958,41.201432851212665,41.152948170900345,100
409500,-276.80609873000003,250.0,0.0,41.33757090568543,29.40936490893364,28.619784116744995,29.25974130630493,29.25974130630493,0.9505041241645812,0.0683366060256958,41.282339321829326,41.23385202884674,100
409750,-276.66568932,250.0,0.0,41.26381543278694,29.420902967453006,28.63669693470001,29.271280765533447,29.271280765533447,0.9505041241645812,0.0683366060256958,41.20931098983432,41.160826832056046,100
410000,-276.70575593,250.0,0.0,41.34047690033913,29.417727142572403,28.63028049468994,29.26810383796692,29.26810383796692,0.9505042433738708,0.0683366060256958,41.286075222002914,41.237591832876205,100
410250,-274.53807814,250.0,0.0,41.335862934589386,29.412768661975864,28.624185919761658,29.263144731521606,29.263144731521606,0.95050448179245,0.0583366060256958,41.281413904265584,41.23409453034401,100
410500,-273.68252081,250.0,0.0,41.24416786432266,29.40790483355522,28.63310575485229,29.262030124664307,29.262030124664307,0.9505103826522828,0.0583366060256958,41.18883745832843,41.142853796482086,100
410750,-273.6619383699999,250.0,0.0,41.23918363451958,29.40107563138008,28.62437069416046,29.255196452140808,29.255196452140808,0.9505103826522828,0.0583366060256958,41.183536156650405,41.1375547349453,100
411000,-273.76466808,250.0,0.0,41.346841633319855,29.385243922472,28.60893905162812,29.239365458488464,29.239365458488464,0.9505102634429932,0.0583366060256958,41.29158505678444,41.24560636281967,100
411250,-272.94314085,250.0,0.0,41.360914051532745,29.402657389640808,28.627490997314453,29.25678193569184,29.25678193569184,0.9505102634429932,0.0483366060256958,41.30753698552408,41.26283001899719,100
411500,-271.37784439,250.0,0.0,41.08361074328423,29.404072791337967,28.6288857460022,29.25823628902436,29.25823628902436,0.950518012046814,0.0483366060256958,41.03287991488733,40.98817449808121,100
411750,-271.40890711,250.0,0.0,41.02701112627983,29.40100383758545,28.62491309642792,29.25516366958618,29.25516366958618,0.9505181908607484,0.0483366060256958,40.97556986267128,40.93086442351341,100
412000,-271.32881313,250.0,0.0,40.954306840896606,29.39813140034676,28.615647554397583,29.24988865852356,29.24988865852356,0.950522005558014,0.0387962901592254,40.90357333476105,40.8579603433609,100
412250,-271.62359748,250.0,0.0,40.96396625041962,29.3860132098198,28.601208329200745,29.237771034240723,29.237771034240723,0.9505221843719482,0.0487962901592254,40.91313343726922,40.86865276098251,100
412500,-271.60180428,250.0,0.0,40.95158356428146,29.3983166217804,28.61673533916473,29.250073432922363,29.250073432922363,0.9505221843719482,0.0487962901592254,40.901263488166826,40.856785237789154,100
412750,-271.50061143,250.0,0.0,40.97059774398804,29.41510632634163,28.63151729106903,29.26684319972992,29.26684319972992,0.9505223035812378,0.0487962901592254,40.92118792978541,40.87671032547951,100
413000,-269.61141546,250.0,0.0,41.01511263847351,29.40840530395508,28.62002551555633,29.260140657424927,29.260140657424927,0.9505223035812378,0.0487962901592254,40.96487002716039,40.9203884601593,100
413250,-269.43452669000004,250.0,0.0,41.08226186037064,29.40386807918549,28.62158715724945,29.255759716033936,29.255759716033936,0.9505221843719482,0.0487962901592254,41.03031690463994,40.987938314676285,100
413500,-269.43595385000003,250.0,0.0,41.19930851459503,29.37335163354874,28.587383031845093,29.22524511814117,29.22524511814117,0.950522005558014,0.0487962901592254,41.14680962905858,41.10443231463432,100
413750,-269.44001862,250.0,0.0,41.28482818603516,29.379039764404297,28.602075576782227,29.230478405952454,29.230478405952454,0.9505081176757812,0.0487962901592254,41.266905099606255,41.19091683626175,100
414000,-269.57506380000007,250.0,0.0,41.15969103574753,29.35030257701873,28.57222855091095,29.20174300670624,29.20174300670624,0.950508177280426,0.0487962901592254,41.14071131195202,41.06471771001816,100
414250,-269.50132398,250.0,0.0,41.11899855732918,29.36220821738243,28.58698964118957,29.213646054267883,29.213646054267883,0.9505080580711364,0.0487962901592254,41.10054383869543,41.02455458045006,100
414500,-269.31989530000004,250.0,0.0,41.074744045734406,29.382267594337463,28.611573576927185,29.23370599746704,29.23370599746704,0.950508177280426,0.0487962901592254,41.057489470074,40.98149648308754,100
414750,-269.41894361000004,250.0,0.0,41.144895285367966,29.347718387842185,28.573840856552124,29.199159145355225,29.199159145355225,0.9505082964897156,0.0487962901592254,41.12681013090355,41.05081498622894,100
415000,-269.33963679,250.0,0.0,41.19326922297478,29.36582323908806,28.59433889389038,29.21726107597351,29.21726107597351,0.950508177280426,0.0487962901592254,41.17638944330755,41.09909614920616,100
415250,-269.39764789,250.0,0.0,40.85771170258522,29.3777579665184,28.60528826713562,29.22919988632202,29.22919988632202,0.9505183696746826,0.0487962901592254,40.8404253042888,40.76313242316246,100
415500,-269.45984848,250.0,0.0,40.93378311395645,29.374210745096207,28.602740168571472,29.225650429725647,29.225650429725647,0.9505181908607484,0.0487962901592254,40.91639707968434,40.839102417230606,100
415750,-269.40526544,250.0,0.0,41.16989043354988,29.366187632083896,28.597569465637207,29.21753823757172,29.21753823757172,0.9505336284637452,0.0487962901592254,41.15335993454655,41.07606738805771,100
416000,-269.46304997,250.0,0.0,41.26729649305344,29.39972665905952,28.61058413982392,29.23602759838104,29.23602759838104,0.9505317807197572,0.0487962901592254,41.25543274311878,41.1946015059948,100
416250,-269.36016845,250.0,0.0,41.54114133119583,29.404403269290924,28.61539125442505,29.240721464157104,29.240721464157104,0.950532078742981,0.0487962901592254,41.530119204264,41.46776306629181,100
416500,-269.40138192,250.0,0.0,41.486764788627625,29.3928969502449,28.59899401664734,29.22921478748321,29.22921478748321,0.950532078742981,0.0487962901592254,41.474360534291584,41.4134227335453,100
416750,-269.39826786000003,250.0,0.0,41.4812715947628,29.389529675245285,28.59746813774109,29.22646403312683,29.22646403312683,0.9505233764648438,0.0583236420154571,41.46142769231511,41.40800189971924,100
417000,-269.39429885000004,250.0,0.0,41.5983701646328,29.408162981271747,28.618842363357544,29.245099425315857,29.245099425315857,0.950523555278778,0.0583236420154571,41.58067487849903,41.52719861268997,100
417250,-269.73397112000004,250.0,0.0,41.526382744312286,29.392365634441376,28.60113382339477,29.22930121421814,29.22930121421814,0.950523555278778,0.0583236420154571,41.5076517847234,41.45417547225952,100
417500,-269.67714707000005,250.0,0.0,41.68329754471779,29.39655447006226,28.6082923412323,29.23348844051361,29.23348844051361,0.9505233764648438,0.0583236420154571,41.665846522025326,41.6123688519001,100
417750,-269.51726111,250.0,0.0,41.65360179543495,29.42565485835076,28.612786531448364,29.25795614719391,29.25795614719391,0.9505218267440796,0.0583236420154571,41.6510511988124,41.59487673640251,100
418000,-270.17238233,250.0,0.0,41.45505341887474,29.429012805223465,28.62037420272827,29.261314868927,29.261314868927,0.950522005558014,0.0583236420154571,41.45173109493477,41.39554342627525,100
418250,-270.21595891000004,250.0,0.0,41.36270022392273,29.45199009776116,28.64595055580139,29.284292459487915,29.284292459487915,0.950522005558014,0.0671293157339096,41.36075680625263,41.30604889988899,100
418500,-269.06974627000005,250.0,0.0,41.34676960110664,29.46915802359581,28.66697013378144,29.301461577415463,29.301461577415463,0.950522005558014,0.0571293157339096,41.34537645845722,41.29067096114159,100
418750,-269.12788996,250.0,0.0,41.22435757517815,29.49469497799873,28.6782443523407,29.308393597602844,29.308393597602844,0.9505045413970948,0.0571293157339096,41.22817410034382,41.16829809546471,100
419000,-269.12890937,250.0,0.0,41.4627705514431,29.48454812169075,28.666839003562927,29.302895069122314,29.302895069122314,0.9505111575126648,0.0571293157339096,41.46577659819396,41.375295877456665,100
419250,-269.11054361,250.0,0.0,41.543593019247055,29.4845939874649,28.667491674423218,29.302939772605896,29.302939772605896,0.9505113363265992,0.0571293157339096,41.54683903843699,41.45635887980461,100
419500,-269.07128992,250.0,0.0,41.50797101855278,29.505411326885223,28.69322299957276,29.323753714561462,29.323753714561462,0.9505115747451782,0.0571293157339096,41.51254865766106,41.422068774700165,100
419750,-269.19945157,250.0,0.0,41.50627017021179,29.52516153454781,28.72554063796997,29.34955358505249,29.34955358505249,0.9505186676979064,0.0571293157339096,41.48527779586321,41.39591717720032,100
420000,-269.77115675,250.0,0.0,41.46326285600662,29.518276661634445,28.71660888195038,29.34266626834869,29.34266626834869,0.950518786907196,0.0571293157339096,41.44120119372593,41.352017909288406,100
420250,-269.82702566,250.0,0.0,41.55319741368294,29.528250396251675,28.727129101753235,29.3526828289032,29.3526828289032,0.9505186676979064,0.0571293157339096,41.53201441970779,41.442841559648514,100
420500,-269.915085,250.0,0.0,41.413257241249084,29.511240541934967,28.73552441596985,29.35102581977844,29.35102581977844,0.9505094289779664,0.0571293157339096,41.38830488643646,41.30297151207924,100
420750,-269.67877356,250.0,0.0,41.325640976428986,29.51123809814453,28.735339641571045,29.351019859313965,29.351019859313965,0.9505094289779664,0.0571293157339096,41.3001385462443,41.21480014920235,100
421000,-269.66190376000003,250.0,0.0,41.32402256131172,29.50205209851265,28.723514080047607,29.34183478355408,29.34183478355408,0.9505093097686768,0.0571293157339096,41.297306133524565,41.21196308732033,100
421250,-269.81585029,250.0,0.0,41.34652867913246,29.512266755104065,28.737255930900574,29.35204803943634,29.35204803943634,0.950509250164032,0.0571293157339096,41.32061579894621,41.23527231812477,100
421500,-269.7561987,250.0,0.0,41.3639340698719,29.49734205007553,28.72035205364228,29.337123036384583,29.337123036384583,0.950509250164032,0.0571293157339096,41.33710048269827,41.250639259815216,100
421750,-269.63892599,250.0,0.0,41.27655893564224,29.490777969360348,28.716063499450684,29.33405637741089,29.33405637741089,0.9505152702331544,0.0571293157339096,41.22496324782503,41.164202481508255,100
422000,-269.86350676000006,250.0,0.0,41.24469462037087,29.49175110459328,28.717657923698425,29.334238171577454,29.334238171577454,0.9505153894424438,0.0571293157339096,41.19314141501916,41.13364371657372,100
422250,-269.82751275000004,250.0,0.0,41.313532054424286,29.449011713266373,28.70706617832184,29.312601685523987,29.312601685523987,0.9505215287208556,0.0571293157339096,41.25705718924535,41.20329821109772,100
422500,-269.85107753000005,250.0,0.0,41.43488276004791,29.445714712142944,28.700697422027588,29.309427738189697,29.309427738189697,0.9505214691162108,0.0571293157339096,41.37828379054797,41.32460394501686,100
422750,-270.3949006,250.0,0.0,41.47015264630318,29.431980401277546,28.68275344371796,29.295694828033447,29.295694828033447,0.9505214691162108,0.0571293157339096,41.41271115215858,41.36031937599182,100
423000,-270.41371686,250.0,0.0,41.406347930431366,29.44572713971138,28.698071837425232,29.30944263935089,29.30944263935089,0.9505212903022766,0.0571293157339096,41.34919222118696,41.296798169612885,100
423250,-270.37548725,250.0,0.0,41.4121490418911,29.43864783644676,28.68657708168029,29.302364587783813,29.302364587783813,0.9505212903022766,0.0571293157339096,41.35465913437048,41.30226382613182,100
423500,-270.69978403,250.0,0.0,41.568662106990814,29.442532032728195,28.690961003303528,29.30625081062317,29.30625081062317,0.9505212903022766,0.0483330255746841,41.51233164491494,41.45955717563629,100
423750,-270.92066866,250.0,0.0,41.63555982708931,29.43948644399644,28.688520193099976,29.303205013275143,29.303205013275143,0.9505212903022766,0.0483330255746841,41.57941065646188,41.52648714184761,100
424000,-271.08314887000006,250.0,0.0,41.58388975262642,29.44727027416229,28.696447610855103,29.31098937988281,29.31098937988281,0.9505214691162108,0.0483330255746841,41.52806149141964,41.47550410032272,100
424250,-271.14181469000005,250.0,0.0,41.521153926849365,29.46265935897827,28.71111035346985,29.32637929916382,29.32637929916382,0.9505216479301452,0.0483330255746841,41.46517266051944,41.41227850317955,100
424500,-271.04024060000006,250.0,0.0,41.437942892313,29.4340013563633,28.69371473789215,29.308229684829712,29.308229684829712,0.9505217671394348,0.0483330255746841,41.38428891462515,41.32946008443832,100
424750,-271.28768665,250.0,0.0,41.4324554502964,29.41480359435081,28.67127954959869,29.28883731365204,29.28883731365204,0.9505058526992798,0.0483330255746841,41.37766662155959,41.324459969997406,100
425000,-271.54822074,250.0,0.0,41.353909611701965,29.437402337789536,28.6732017993927,29.30923104286194,29.30923104286194,0.9505063891410828,0.0483330255746841,41.303253712304894,41.2475146651268,100
425250,-273.11232889,250.0,0.0,41.43026730418205,29.44267362356186,28.68160009384156,29.31460738182068,29.31460738182068,0.9505065083503724,0.0483330255746841,41.38067245995195,41.326320856809616,100
425500,-273.00389575,250.0,0.0,41.44888487458229,29.419476747512817,28.654682636260983,29.291409254074097,29.291409254074097,0.9505065083503724,0.0483330255746841,41.39913334464224,41.34557467699051,100
425750,-273.06935352000005,250.0,0.0,41.45250132679939,29.3958332836628,28.63028049468994,29.26776707172393,29.26776707172393,0.9505065083503724,0.0483330255746841,41.40252146907567,41.350377559661865,100
426000,-273.18840131,250.0,0.0,41.455174684524536,29.421129643917084,28.649553656578064,29.291298985481266,29.291298985481266,0.9505065083503724,0.0483330255746841,41.402740021426666,41.354797542095184,100
426250,-272.53043622000007,250.0,0.0,41.38287270069122,29.421038210392,28.64784300327301,29.2912095785141,29.2912095785141,0.9505064487457277,0.0483330255746841,41.329903010123445,41.28196054697037,100
426500,-270.76218291000004,250.0,0.0,41.440148532390594,29.47187101840973,28.673487901687626,29.335510730743408,29.335510730743408,0.9505156874656676,0.0483330255746841,41.41159867247594,41.364619851112366,100
426750,-270.80786833,250.0,0.0,41.43213075399399,29.45928865671158,28.658679127693176,29.322928190231323,29.322928190231323,0.9505156874656676,0.0582007229328155,41.40351879833885,41.35788187384605,100
427000,-271.17662829000005,250.0,0.0,41.19968354701996,29.46260839700699,28.66566777229309,29.3298602104187,29.3298602104187,0.950520396232605,0.0582007229328155,41.15615533981824,41.12663841247559,100
427250,-271.7501694200001,250.0,0.0,40.950907588005066,29.468745112419125,28.65256369113922,29.317942261695865,29.317942261695865,0.9505141973495485,0.0672529673576355,40.89929410793072,40.92657995223999,100
427500,-271.87448564000005,250.0,0.0,40.93738126754761,29.485146641731266,28.66712510585785,29.334351420402527,29.334351420402527,0.9505141973495485,0.0672529673576355,40.885322296627,40.91170281171799,100
427750,-271.95746088,250.0,0.0,40.891970723867416,29.4853864312172,28.66823077201844,29.33436632156372,29.33436632156372,0.950514018535614,0.0672529673576355,40.84004250765605,40.86746725440025,100
428000,-271.85878827,250.0,0.0,41.05856147408485,29.48072376847267,28.662919998168945,29.329705238342285,29.329705238342285,0.9505140781402588,0.0672529673576355,41.0068546162787,41.03285908699036,100
428250,-271.96565648,250.0,0.0,41.03752851486206,29.48838347196579,28.662896156311035,29.334592819213867,29.334592819213867,0.950519859790802,0.0672529673576355,40.97742395492822,41.01446405053139,100
428500,-272.16333393,250.0,0.0,41.051673412323,29.467478007078167,28.64692211151123,29.313746094703674,29.313746094703674,0.9505198001861572,0.0672529673576355,40.99167113954753,41.02949321269989,100
428750,-272.21864616000005,250.0,0.0,41.01636177301407,29.46250557899475,28.638115525245667,29.308775067329407,29.308775067329407,0.950519859790802,0.0672529673576355,40.95531545335977,40.99328669905663,100
429000,-272.16912041,250.0,0.0,41.076283395290375,29.45413967967033,28.62722873687744,29.30041253566742,29.30041253566742,0.9505199193954468,0.0672529673576355,41.01499042221408,41.0542511343956,100
429250,-272.37245377,250.0,0.0,41.03953781723976,29.46504667401314,28.641530871391296,29.31131422519684,29.31131422519684,0.9505200386047364,0.0672529673576355,40.9796238832065,41.020177096128464,100
429500,-272.69796072,250.0,0.0,41.006332367658615,29.46055418252945,28.636780381202698,29.306823015213013,29.306823015213013,0.950519859790802,0.0672529673576355,40.946113523973615,40.98825412988663,100
429750,-272.74477877000004,250.0,0.0,41.01498365402222,29.47267836332321,28.644955158233643,29.314059019088745,29.314059019088745,0.9505290985107422,0.0672529673576355,40.96057618869701,40.99858585000038,100
430000,-272.62624234,250.0,0.0,40.92532068490982,29.470465213060383,28.642678260803223,29.31184470653534,29.31184470653534,0.950528919696808,0.0672529673576355,40.87027970539515,40.908288568258286,100
430250,-272.78551037,250.0,0.0,40.87532651424408,29.482842952013016,28.65559458732605,29.32424545288086,29.32424545288086,0.9505288600921632,0.0672529673576355,40.82096860064717,40.86031007766724,100
430500,-272.71385081,250.0,0.0,41.02056959271431,29.48301786184311,28.6558598279953,29.324421286582947,29.324421286582947,0.9505290389060974,0.0672529673576355,40.966723282340354,41.00586062669754,100
430750,-272.60321926,250.0,0.0,41.02886110544205,29.467116802930832,28.63440811634064,29.30851876735688,29.30851876735688,0.9505288600921632,0.0672529673576355,40.973877535701824,41.01415315270424,100
431000,-272.62689733,250.0,0.0,41.07253324985504,29.45339775085449,28.65020036697388,29.30905222892761,29.30905222892761,0.9505337476730348,0.0672529673576355,40.98189045312679,41.05999654531479,100
431250,-272.65792498,250.0,0.0,41.08490526676178,29.481067389249805,28.6447674036026,29.318225383758545,29.318225383758545,0.9505279660224916,0.0672529673576355,41.002335225767645,41.08920830488205,100
431500,-272.76522423999995,250.0,0.0,41.29300409555435,29.50108134746551,28.669559955596924,29.338404536247253,29.338404536247253,0.9505279660224916,0.0672529673576355,41.209934887566206,41.29695200920105,100
431750,-272.69740514,250.0,0.0,41.21645367145538,29.52132257819176,28.68025302886963,29.35585081577301,29.35585081577301,0.9505279660224916,0.0672529673576355,41.13200313824221,41.22235995531082,100
432000,-272.64412324,250.0,0.0,41.23123773932457,29.53015685081482,28.689932823181152,29.364684224128723,29.364684224128723,0.9505277872085572,0.0672529673576355,41.14782855685434,41.23971888422966,100
432250,-272.36396634,250.0,0.0,41.03022137284279,29.54636836051941,28.70635688304901,29.37129735946656,29.37129735946656,0.9505168795585632,0.0672529673576355,40.97020667205615,41.038506120443344,100
432500,-272.53237942,250.0,0.0,40.994426280260086,29.490305811166763,28.68445515632629,29.328620433807373,29.328620433807373,0.9504826068878174,0.0672529673576355,40.92576799842934,41.00309902429581,100
432750,-269.23565535999995,250.0,0.0,40.82836309075356,29.55967366695404,28.702637553215027,29.34803068637848,29.34803068637848,0.9504802823066713,0.0772529673576355,40.73327145945285,40.967281728982925,100
433000,-269.19553167,250.0,0.0,40.842552334070206,29.55138728022576,28.692230582237244,29.3397456407547,29.3397456407547,0.950480341911316,0.0772529673576355,40.746684528601705,40.98069566488266,100
433250,-269.18408378,250.0,0.0,40.819639056921005,29.55894958972931,28.70136201381684,29.34730648994445,29.34730648994445,0.950480341911316,0.0772529673576355,40.72476127236197,40.96005061268807,100
433500,-269.15841279999995,250.0,0.0,40.795556634664536,29.56590107083321,28.7097692489624,29.35425639152527,29.35425639152527,0.9504805207252502,0.0872529673576354,40.70168459299256,40.93836051225662,100
433750,-269.06106345,250.0,0.0,40.75129556655884,29.54978913068772,28.6887526512146,29.33814525604248,29.33814525604248,0.9504805207252502,0.0872529673576354,40.65654483231049,40.8946148455143,100
434000,-269.02428863999995,250.0,0.0,40.68808165192604,29.52509868144989,28.65999937057495,29.313454031944275,29.313454031944275,0.950480341911316,0.0872529673576354,40.59255323352556,40.83178120851517,100
434250,-269.00652443,250.0,0.0,40.67932617664337,29.51139768958092,28.659236431121823,29.305869340896606,29.305869340896606,0.9504747986793518,0.0872529673576354,40.587964511336295,40.82270470261574,100
434500,-269.22762572999994,250.0,0.0,40.77650964260101,29.495514929294583,28.67266535758972,29.31564748287201,29.31564748287201,0.9504517912864684,0.0872529673576354,40.6520762184475,40.888170689344406,100
434750,-269.47124739,250.0,0.0,40.77357238531113,29.49763244390488,28.67388427257538,29.317763447761536,29.317763447761536,0.9504517912864684,0.0872529673576354,40.649703633707176,40.8868812918663,100
435000,-269.48222159,250.0,0.0,40.76136931777,29.52951627969742,28.68896722793579,29.3398380279541,29.3398380279541,0.9504557847976683,0.0872529673576354,40.64685067228616,40.90217539668083,100
435250,-269.87520463,250.0,0.0,40.73876515030861,29.553013741970062,28.71676683425904,29.3633371591568,29.3633371591568,0.9504558444023132,0.0872529673576354,40.62598390333862,40.88021185994148,100
435500,-270.04302154,250.0,0.0,40.73808029294014,29.553414255380627,28.71735692024231,29.363736510276794,29.363736510276794,0.9504557847976683,0.0872529673576354,40.62559065374742,40.88092887401581,100
435750,-270.11458058999995,250.0,0.0,40.64309495687485,29.569210946559902,28.73399555683136,29.37954068183899,29.37954068183899,0.9504558444023132,0.0872529673576354,40.53158086690318,40.78812968730927,100
436000,-270.19227977,250.0,0.0,40.61918178200722,29.56811159849167,28.732287883758545,29.37844395637512,29.37844395637512,0.9504560232162476,0.0872529673576354,40.50773690703777,40.76549854874611,100
436250,-270.28559492,250.0,0.0,40.64342421293259,29.569287002086643,28.72455418109893,29.37527596950531,29.37527596950531,0.9504497051239014,0.0872529673576354,40.55448843716236,40.78834366798401,100
436500,-270.44813457,250.0,0.0,40.65677398443222,29.55892413854599,28.710585832595825,29.36491370201111,29.36491370201111,0.950449526309967,0.0872529673576354,40.56768827776303,40.80262520909309,100
436750,-270.34289269000004,250.0,0.0,40.78529578447342,29.56215968728065,28.71634066104889,29.368147253990173,29.368147253990173,0.9504494667053224,0.0872529673576354,40.69725571463694,40.93332079052925,100
437000,-270.42818502,250.0,0.0,40.70713487267494,29.57806834578514,28.7370502948761,29.38646078109741,29.38646078109741,0.9504455327987672,0.0872529673576354,40.618745461339984,40.857262432575226,100
437250,-270.57140674000004,250.0,0.0,40.54806300997734,29.59709545969963,28.71809303760529,29.38247323036194,29.38247323036194,0.950438678264618,0.0772529673576355,40.45739203927724,40.69629287719727,100
437500,-270.59885593,250.0,0.0,40.41548281908035,29.590741515159607,28.71071696281433,29.375770688056942,29.375770688056942,0.9504386186599731,0.0772529673576355,40.32482531902997,40.56475558876991,100
437750,-270.53928060000004,250.0,0.0,40.42841699719429,29.58171153068542,28.7036806344986,29.366648197174072,29.366648197174072,0.950437068939209,0.0772529673576355,40.33873730921271,40.57866603136063,100
438000,-270.59732820999994,250.0,0.0,40.37150737643242,29.60395449399948,28.73027920722961,29.388892650604248,29.388892650604248,0.9504371881484984,0.0672529673576355,40.28320665184183,40.52459225058556,100
438250,-270.67576052,250.0,0.0,40.41383245587349,29.575238913297653,28.69572341442108,29.36012446880341,29.36012446880341,0.9504372477531432,0.0672529673576355,40.324429363246,40.56565207242966,100
438500,-270.73783098,250.0,0.0,40.215307146310806,29.600002884864807,28.72059047222137,29.38486933708191,29.38486933708191,0.9504374861717224,0.0672529673576355,40.126728525991474,40.36937153339386,100
438750,-270.64049997,250.0,0.0,40.188644111156464,29.611167520284653,28.735119104385376,29.39929962158203,29.39929962158203,0.9504422545433044,0.0672529673576355,40.071580699319874,40.34262603521347,100
439000,-270.4871578099999,250.0,0.0,40.290664702653885,29.613551437854767,28.73978018760681,29.401683807373047,29.401683807373047,0.9504422545433044,0.0672529673576355,40.17402945184234,40.44507756829262,100
439250,-270.55213873,250.0,0.0,40.292464554309845,29.612314254045486,28.737860918045044,29.40044403076172,29.40044403076172,0.950442373752594,0.0672529673576355,40.17593897178722,40.44842475652695,100
439500,-270.53217688,250.0,0.0,40.18448916077614,29.60499206185341,28.727248311042786,29.3931245803833,29.3931245803833,0.9504421353340148,0.0672529673576355,40.06680665474751,40.33946079015732,100
439750,-270.54004257,250.0,0.0,40.19305446743965,29.626657277345657,28.75400185585022,29.41478788852692,29.41478788852692,0.9504421949386596,0.0672529673576355,40.07670819025853,40.350458681583405,100
440000,-270.65859867,250.0,0.0,40.188461780548096,29.62592506408692,28.7528932094574,29.41405177116394,29.41405177116394,0.9504421949386596,0.0672529673576355,40.07240739848831,40.347162514925,100
440250,-270.59750811,250.0,0.0,40.10002425312996,29.621966123580933,28.74917089939117,29.41009402275085,29.41009402275085,0.9504422545433044,0.0672529673576355,39.98329566377448,40.258050709962845,100
440500,-270.58574032,250.0,0.0,40.192924588918686,29.615040451288223,28.739842772483826,29.4031709432602,29.4031709432602,0.9504422545433044,0.0672529673576355,40.07653574007796,40.35220623016357,100
440750,-270.62513723,250.0,0.0,40.10044613480568,29.6237576007843,28.74273955821991,29.40717041492462,29.40717041492462,0.950419783592224,0.0672529673576355,39.97952702003764,40.26554989814758,100
441000,-270.59021437,250.0,0.0,40.00559586286545,29.599139869213104,28.737732768058777,29.39743399620056,29.39743399620056,0.9504215121269226,0.0672529673576355,39.88018894228386,40.15191492438316,100
441250,-270.57219575,250.0,0.0,39.8010812997818,29.60281535983086,28.740668296813965,29.401111602783203,29.401111602783203,0.9504214525222778,0.0672529673576355,39.67507718834328,39.94680228829384,100
441500,-270.56952774,250.0,0.0,39.80431509017944,29.614327251911167,28.75734567642212,29.41262423992157,29.41262423992157,0.9504215121269226,0.0672529673576355,39.67988460096763,39.951204627752304,100
441750,-270.63096826,250.0,0.0,39.81836652755737,29.60641101002693,28.74763011932373,29.4047087430954,29.4047087430954,0.9504215121269226,0.0577256155014038,39.69354455007163,39.96635517477989,100
442000,-270.72152183,250.0,0.0,39.67875462770462,29.612122625112537,28.753501176834103,29.41041886806488,29.41041886806488,0.9504216909408568,0.0577256155014038,39.55398186643634,39.82815009355545,100
442250,-270.40265581999995,250.0,0.0,39.77311342954636,29.612082362174984,28.75256240367889,29.410377144813538,29.410377144813538,0.9504216909408568,0.0672176438570022,39.64878493646497,39.9240802526474,100
442500,-270.44402206,250.0,0.0,39.809483766555786,29.632122814655304,28.74787449836731,29.417452216148376,29.417452216148376,0.9504313468933104,0.0672176438570022,39.68343270669097,39.96897959709168,100
442750,-270.52923555,250.0,0.0,39.84012907743454,29.60633194446564,28.74598801136017,29.396700859069824,29.396700859069824,0.9504328966140748,0.0672176438570022,39.7002587738108,39.98757708072662,100
443000,-269.95217581,250.0,0.0,39.89677965641022,29.61660328507424,28.74422967433929,29.40349578857422,29.40349578857422,0.950410008430481,0.0672176438570022,39.758554990491255,40.04616641998291,100
443250,-269.91221790000003,250.0,0.0,39.89577081799507,29.610895305871964,28.73743772506714,29.39778864383697,29.39778864383697,0.95041024684906,0.0584119701385498,39.75739059637088,40.04475927352905,100
443500,-269.75511417000007,250.0,0.0,39.82462468743324,29.60688033699989,28.734031319618225,29.39377129077912,29.39377129077912,0.9504103660583496,0.0584119701385498,39.68578363260715,39.97315189242363,100
443750,-269.74172225000007,250.0,0.0,39.87913864850998,29.568423420190808,28.723427653312683,29.376843571662903,29.376843571662903,0.9504326581954956,0.0584119701385498,39.7330068073447,40.02876034379005,100
444000,-269.76088785,250.0,0.0,39.833464324474335,29.54831954836845,28.71161699295044,29.36150431632996,29.36150431632996,0.9504325985908508,0.0584119701385498,39.674622519774495,39.9834204018116,100
444250,-269.72667548000004,250.0,0.0,39.71086576581001,29.560336560010903,28.725242614746094,29.37352359294892,29.37352359294892,0.9504326581954956,0.0584119701385498,39.55227866914198,39.86260309815407,100
444500,-269.71412025,250.0,0.0,39.75462999939919,29.57563459873199,28.74099910259247,29.38882112503052,29.38882112503052,0.9504325985908508,0.0584119701385498,39.5969979305697,39.90837159752846,100
444750,-269.75952738,250.0,0.0,39.7706743478775,29.53521519899368,28.699034452438354,29.348403215408325,29.348403215408325,0.9504325985908508,0.0584119701385498,39.61228268708808,39.923721462488174,100
445000,-269.26720407,250.0,0.0,39.8250113427639,29.534938067197803,28.69565188884735,29.34812307357788,29.34812307357788,0.9504325985908508,0.0584119701385498,39.666899511031055,39.97955936193466,100
445250,-269.16631604,250.0,0.0,39.80136185884476,29.547522217035294,28.70917022228241,29.360708594322205,29.360708594322205,0.9504327178001404,0.0584119701385498,39.64305286217179,39.95570954680443,100
445500,-269.12526136,250.0,0.0,39.93677690625191,29.55463853478432,28.716981410980225,29.36781942844391,29.36781942844391,0.9504328966140748,0.0584119701385498,39.77964454831461,40.0931396484375,100
445750,-269.34543379,250.0,0.0,39.88682723045349,29.56481137871742,28.709569573402405,29.37297523021698,29.37297523021698,0.9502752423286438,0.0584119701385498,39.74568170676977,40.044294118881226,100
446000,-269.26703495000004,250.0,0.0,39.84633541107178,29.58610019087791,28.73706817626953,29.39426302909851,29.39426302909851,0.9502752423286438,0.0584119701385498,39.70678446064741,40.00539860129357,100
446250,-269.33423888,250.0,0.0,39.93685507774353,29.59192380309105,28.74311804771424,29.400086402893063,29.400086402893063,0.950275421142578,0.0584119701385498,39.79839465986045,40.098065972328186,100
446500,-269.37818465,250.0,0.0,39.89827582240105,29.60111826658249,28.75414788722992,29.40928339958191,29.40928339958191,0.9502753615379332,0.0584119701385498,39.76056690243377,40.0615219771862,100
446750,-269.34389056,250.0,0.0,39.86277160048485,29.60429170727729,28.759419918060303,29.4124573469162,29.4124573469162,0.950275182723999,0.0584119701385498,39.72560458986408,40.02633112668991,100
447000,-269.12406786,250.0,0.0,39.78160458803177,29.59847700595856,28.7512481212616,29.407650232315063,29.407650232315063,0.950275182723999,0.0584119701385498,39.64283837659603,39.9423049390316,100
447250,-269.0688353,250.0,0.0,39.79258418083191,29.61762830615044,28.77391874790192,29.426831007003784,29.426831007003784,0.9502750635147096,0.0584119701385498,39.65333521349675,39.954116612672806,100
447500,-269.06319140999994,250.0,0.0,39.55347311496735,29.61755844950676,28.772282600402832,29.42676246166229,29.42676246166229,0.9502751231193542,0.0584119701385498,39.41370937211759,39.715743988752365,100
447750,-268.39868333,250.0,0.0,39.61348378658295,29.63234606385231,28.7733256816864,29.44073975086212,29.44073975086212,0.9502751231193542,0.0584119701385498,39.47523546110728,39.77627074718475,100
448000,-268.45817598,250.0,0.0,39.647170424461365,29.615449815988544,28.753113746643063,29.423844814300537,29.423844814300537,0.9502750635147096,0.0584119701385498,39.508143189958126,39.809180200099945,100
448250,-268.57073425000004,250.0,0.0,39.52606609463692,29.63979706168175,28.769010305404663,29.44432497024536,29.44432497024536,0.9502809047698976,0.0584119701385498,39.39161227320107,39.69035968184471,100
448500,-268.10422948,250.0,0.0,39.33642560243607,29.626927822828293,28.75511944293976,29.431456327438354,29.431456327438354,0.950280785560608,0.0584119701385498,39.200785687312205,39.499026238918304,100
448750,-267.88493434,250.0,0.0,39.39146065711975,29.634013563394547,28.76437902450561,29.43854033946991,29.43854033946991,0.9502809047698976,0.0584119701385498,39.25623887210821,39.55457517504692,100
449000,-267.70798377000006,250.0,0.0,39.61953327059746,29.63713964819908,28.769630193710327,29.44166660308838,29.44166660308838,0.950280785560608,0.0584119701385498,39.48539320392477,39.78412613272667,100
449250,-267.72631968,250.0,0.0,39.47883012890816,29.61796158552169,28.7520170211792,29.422488808631897,29.422488808631897,0.9502806067466736,0.0584119701385498,39.344195628792725,39.6444303393364,100
449500,-267.77182899,250.0,0.0,39.66930329799652,29.61937400698662,28.757917881011963,29.423996806144714,29.423996806144714,0.9502805471420288,0.0584119701385498,39.53496924502719,39.835719019174576,100
449750,-267.57744586,250.0,0.0,39.84776097536087,29.623143404722214,28.764307498931885,29.42796349525452,29.42796349525452,0.9502964615821838,0.0584119701385498,39.7150624745955,40.01504552364349,100
450000,-267.34710892,250.0,0.0,39.95244526863098,29.602073282003406,28.76763641834259,29.410752654075623,29.410752654075623,0.9502909779548644,0.0584119701385498,39.81697132934357,40.12013867497444,100
